﻿<?xml version="1.0" encoding="utf-8"?>
<ServiceEventDescriptions>
  <Service id="1000">
    <Event code="1">Tuntematon</Event> <!-- Unknown -->
    <Event code="2">Ominaisuusjoukon käynnistys epäonnistui</Event> <!-- UnknownStartFeatureSetFailure -->
    <Event code="3">Pyydettyä ominaisuusjoukkoa ei ole valmisteltu</Event> <!-- FeatureSetNotProvisioned -->
	<Event code="8">Lifecycleä vaadittiin aloittamaan tai lopettamaan pätemättömässä tilassa.</Event> <!-- InvalidLifeCycleState -->
    <Event code="101">Virheellinen varmenne {$1}  hylätty yhdistettäessa  {$2}. Varmenteen tiivistenumero : {$3}</Event> <!-- InvalidCertRejected -->
	<Event code="400">Sivua ei voi avata. Yritä myöhemmin uudelleen.</Event> <!-- SSOPageLoadError -->
	<Event code="500">Uuden istunnon käynnistys epäonnistui. Yritä uudelleen.</Event> <!-- SSOStartSessionError -->
	<Event code="600">Sivua ei voi avata. Yritä myöhemmin uudelleen.</Event> <!-- SSOUnknownError -->
	<Event code="602">Uuden istunnon käynnistys epäonnistui. Yritä uudelleen.</Event> <!-- SSOWebexCloudError -->
	<Event code="603">Uutta istuntoa ei voi aloittaa varmenneongelman vuoksi. Ota yhteyttä järjestelmänvalvojaan.</Event> <!-- SSOCertificateError -->
	<Event code="604">Olet yrittänyt kirjautua toisena käyttäjänä. Jos haluat vaihtaa käyttäjää, sinun on palautettava Cisco Jabber alkutilaan.</Event> <!-- SSOInvalidUserSwitch -->
	<Event code="605">Uuden istunnon käynnistys epäonnistui. Yritä uudelleen.</Event> <!-- SSOWhoAmIFailure -->
	<Event code="606">Istuntosi on vanhentunut.</Event> <!-- SSOSessionExpired -->
	<Event code="701">Käyttäjää valmistellaan CI:ssä</Event> <!-- CommonIdentityProvisioningUser -->
	<Event code="1001">Palveluita ei löydetty automaatisesti. Määritä manuaalisesti valitsemalla Lisäasetukset.</Event> <!-- ServiceDiscoveryFailure -->
	<Event code="1002">Käyttäjänimi tai salasana ei ole oikea.</Event> <!-- ServiceDiscoveryAuthenticationFailure -->
	<Event code="1003">Palvelimen kanssa ei voida olla yhteydessä.</Event> <!-- ServiceDiscoveryCannotConnectToCucmServer -->
	<Event code="1004">Palveluita ei löydetty automaatisesti. Määritä manuaalisesti valitsemalla Lisäasetukset.</Event> <!-- ServiceDiscoveryNoCucmConfiguration -->
	<Event code="1005">Palveluita ei löydetty automaatisesti. Määritä manuaalisesti valitsemalla Lisäasetukset.</Event> <!-- ServiceDiscoveryNoSRVRecordsFound -->
	<Event code="1006">Palvelimen kanssa ei voida olla yhteydessä.</Event> <!-- ServiceDiscoveryCannotConnectToEdge -->
	<Event code="1007">Ei Internet-yhteyttä. Tarkista verkkoasetukset.</Event> <!-- ServiceDiscoveryNoNetworkConnectivity -->
	<Event code="1008">Epäluotettava palvelin. Palveluja ei löydetty.</Event> <!-- ServiceDiscoveryUntrustedCertificate -->
  </Service>
</ServiceEventDescriptions>