﻿<?xml version="1.0" encoding="utf-8"?>
<ServiceEventDescriptions>
  <Service id="1000">
    <Event code="1">알 수 없음</Event> <!-- Unknown -->
    <Event code="2">기능 세트 시작 실패</Event> <!-- UnknownStartFeatureSetFailure -->
    <Event code="3">요청한 기능 세트가 제공되지 않았습니다.</Event> <!-- FeatureSetNotProvisioned -->
	<Event code="8">잘못된 상태에 있는 동안 수명 주기가 시작 또는 중지되도록 요청되었습니다.</Event> <!-- InvalidLifeCycleState -->
    <Event code="101">{$2}에 연결을 시도할 때 유효하지 않은 인증서 {$1}이 거부되었습니다. 인증서 지문: {$3}</Event> <!-- InvalidCertRejected -->
	<Event code="400">페이지를 열 수 없습니다. 나중에 다시 시도하십시오.</Event> <!-- SSOPageLoadError -->
	<Event code="500">새 세션을 시작하지 못했습니다. 다시 시도하십시오.</Event> <!-- SSOStartSessionError -->
	<Event code="600">페이지를 열 수 없습니다. 나중에 다시 시도하십시오.</Event> <!-- SSOUnknownError -->
	<Event code="602">새 세션을 시작하지 못했습니다. 다시 시도하십시오.</Event> <!-- SSOWebexCloudError -->
	<Event code="603">인증서 문제로 인해 새 세션을 시작할 수 없습니다, 관리자에게 문의하십시오.</Event> <!-- SSOCertificateError -->
	<Event code="604">다른 사용자로 로그인하려고 했습니다. 사용자를 전환하려면 Cisco Jabber를 재설정해야 합니다.</Event> <!-- SSOInvalidUserSwitch -->
	<Event code="605">새 세션을 시작하지 못했습니다. 다시 시도하십시오.</Event> <!-- SSOWhoAmIFailure -->
	<Event code="606">세션이 만료되었습니다.</Event> <!-- SSOSessionExpired -->
	<Event code="701">CI에서 사용자를 프로비저닝하도록 시도 중</Event> <!-- CommonIdentityProvisioningUser -->
	<Event code="1001">자동으로 서비스를 찾을 수 없습니다. 고급 설정을 클릭하여 수동으로 설정하십시오.</Event> <!-- ServiceDiscoveryFailure -->
	<Event code="1002">사용자 이름 또는 암호가 잘못되었습니다</Event> <!-- ServiceDiscoveryAuthenticationFailure -->
	<Event code="1003">서버와 통신할 수 없습니다.</Event> <!-- ServiceDiscoveryCannotConnectToCucmServer -->
	<Event code="1004">자동으로 서비스를 찾을 수 없습니다. 고급 설정을 클릭하여 수동으로 설정하십시오.</Event> <!-- ServiceDiscoveryNoCucmConfiguration -->
	<Event code="1005">자동으로 서비스를 찾을 수 없습니다. 고급 설정을 클릭하여 수동으로 설정하십시오.</Event> <!-- ServiceDiscoveryNoSRVRecordsFound -->
	<Event code="1006">서버와 통신할 수 없습니다.</Event> <!-- ServiceDiscoveryCannotConnectToEdge -->
	<Event code="1007">인터넷에 연결되지 않았습니다. 네트워크 설정을 확인하십시오.</Event> <!-- ServiceDiscoveryNoNetworkConnectivity -->
	<Event code="1008">신뢰할 수 없는 서버. 서비스가 검색되지 않음.</Event> <!-- ServiceDiscoveryUntrustedCertificate -->
  </Service>
</ServiceEventDescriptions>