﻿<?xml version="1.0" encoding="utf-8"?>
<ServiceEventDescriptions>
  <Service id="1000">
    <Event code="1">Ismeretlen</Event> <!-- Unknown -->
    <Event code="2">Funkciókészlet indítása sikertelen</Event> <!-- UnknownStartFeatureSetFailure -->
    <Event code="3">A kért funkciókészlet nem került beüzemelésre.</Event> <!-- FeatureSetNotProvisioned -->
	<Event code="8">Egy érvénytelen állapotban az életciklus lett kérve, hogy el indítsa vagy leállítsa.</Event> <!-- InvalidLifeCycleState -->
    <Event code="101">A(z) {$2} csatlakozásakor a(z) {$1} érvénytelen tanúsítvány elutasításra került. {$3} ujjlenyomat tanúsítvány.</Event> <!-- InvalidCertRejected -->
	<Event code="400">Nem lehet megnyitni az oldalt. Próbálja meg később.</Event> <!-- SSOPageLoadError -->
	<Event code="500">Nem sikerült új munkamenetet indítani. Próbálja újra.</Event> <!-- SSOStartSessionError -->
	<Event code="600">Nem lehet megnyitni az oldalt. Próbálja meg később</Event> <!-- SSOUnknownError -->
	<Event code="602">Nem sikerült új munkamenetet indítani. Próbálja újra</Event> <!-- SSOWebexCloudError -->
	<Event code="603">Tanúsítványhiba miatt nem lehet új munkamenetet indítani. Forduljon a rendszergazdához.</Event> <!-- SSOCertificateError -->
	<Event code="604">Megpróbált másik felhasználóként bejelentkezni. Felhasználóváltáshoz alaphelyzetbe kell állítani a Cisco Jabbert.</Event> <!-- SSOInvalidUserSwitch -->
	<Event code="605">Nem sikerült új munkamenetet indítani. Próbálja újra.</Event> <!-- SSOWhoAmIFailure -->
	<Event code="606">A munkamenet lejárt.</Event> <!-- SSOSessionExpired -->
	<Event code="701">Megpróbáljuk létrehozni a felhasználót a CI-ben</Event> <!-- CommonIdentityProvisioningUser -->
	<Event code="1001">Nem sikerült automatikusan megtalálni a szolgáltatásokat. A kézi beállításhoz kattintson a speciális beállításokra.</Event> <!-- ServiceDiscoveryFailure -->
	<Event code="1002">Nem megfelelő felhasználónév vagy jelszó.</Event> <!-- ServiceDiscoveryAuthenticationFailure -->
	<Event code="1003">Nem sikerült kommunikálni a szerverrel.</Event> <!-- ServiceDiscoveryCannotConnectToCucmServer -->
	<Event code="1004">Nem sikerült automatikusan megtalálni a szolgáltatásokat. A kézi beállításhoz kattintson a speciális beállításokra.</Event> <!-- ServiceDiscoveryNoCucmConfiguration -->
	<Event code="1005">Nem sikerült automatikusan megtalálni a szolgáltatásokat. A kézi beállításhoz kattintson a speciális beállításokra.</Event> <!-- ServiceDiscoveryNoSRVRecordsFound -->
	<Event code="1006">Nem sikerült kommunikálni a szerverrel.</Event> <!-- ServiceDiscoveryCannotConnectToEdge -->
	<Event code="1007">Nincs internetkapcsolat. Ellenőrizze a hálózati beállításokat.</Event> <!-- ServiceDiscoveryNoNetworkConnectivity -->
	<Event code="1008">Nem megbízható kiszolgáló. Nincsenek megtalált szolgáltatások.</Event> <!-- ServiceDiscoveryUntrustedCertificate -->
  </Service>
</ServiceEventDescriptions>