﻿<?xml version="1.0" encoding="utf-8"?>
<ServiceEventDescriptions>
  <Service id="1000">
    <Event code="1">Okänd</Event> <!-- Unknown -->
    <Event code="2">Fel vid start av funktionsuppsättning</Event> <!-- UnknownStartFeatureSetFailure -->
    <Event code="3">En begärd funktionsuppsättning etablerades inte</Event> <!-- FeatureSetNotProvisioned -->
	<Event code="8">Livscykeln ombads att starta och stoppa i ett ogiltigt läge.</Event> <!-- InvalidLifeCycleState -->
    <Event code="101">Ett ogiltigt certifikat {$1} har avvisats vid anslutning till {$2}. Bekräfta fingeravtryck: {$3}</Event> <!-- InvalidCertRejected -->
	<Event code="400">Det går inte att öppna sidan. Försök igen senare.</Event> <!-- SSOPageLoadError -->
	<Event code="500">Det gick inte att starta en ny session. Försök igen.</Event> <!-- SSOStartSessionError -->
	<Event code="600">Det går inte att öppna sidan. Försök igen senare.</Event> <!-- SSOUnknownError -->
	<Event code="602">Det gick inte att starta en ny session. Försök igen.</Event> <!-- SSOWebexCloudError -->
	<Event code="603">Det gick inte att starta en ny session på grund av ett certifikatsproblem. Kontakta din administratör.</Event> <!-- SSOCertificateError -->
	<Event code="604">Du har försökt att logga in som en annan användare. För att växla användare måste du återställa Cisco Jabber.</Event> <!-- SSOInvalidUserSwitch -->
	<Event code="605">Det gick inte att starta en ny session. Försök igen.</Event> <!-- SSOWhoAmIFailure -->
	<Event code="606">Din session har upphört.</Event> <!-- SSOSessionExpired -->
	<Event code="701">Försöker upprätta en användare i CI</Event> <!-- CommonIdentityProvisioningUser -->
	<Event code="1001">Det går inte att hitta dina tjänster automatiskt. Klicka på Avancerad inställningar för att konfigurera manuellt.</Event> <!-- ServiceDiscoveryFailure -->
	<Event code="1002">Användarnamnet eller lösenordet är felaktigt.</Event> <!-- ServiceDiscoveryAuthenticationFailure -->
	<Event code="1003">Det går inte att kommunicera med servern.</Event> <!-- ServiceDiscoveryCannotConnectToCucmServer -->
	<Event code="1004">Det går inte att hitta dina tjänster automatiskt. Klicka på Avancerad inställningar för att konfigurera manuellt.</Event> <!-- ServiceDiscoveryNoCucmConfiguration -->
	<Event code="1005">Det går inte att hitta dina tjänster automatiskt. Klicka på Avancerad inställningar för att konfigurera manuellt.</Event> <!-- ServiceDiscoveryNoSRVRecordsFound -->
	<Event code="1006">Det går inte att kommunicera med servern.</Event> <!-- ServiceDiscoveryCannotConnectToEdge -->
	<Event code="1007">Ingen internetuppkoppling. Kontrollera dina nätverksinställningar.</Event> <!-- ServiceDiscoveryNoNetworkConnectivity -->
	<Event code="1008">Ej pålitlig server. Inga tjänster fanns.</Event> <!-- ServiceDiscoveryUntrustedCertificate -->
  </Service>
</ServiceEventDescriptions>