﻿<?xml version="1.0" encoding="utf-8"?>
<ServiceEventDescriptions>
  <Service id="1000">
    <Event code="1">Nepoznato</Event> <!-- Unknown -->
    <Event code="2">Neuspešno pokretanje skupa funkcija</Event> <!-- UnknownStartFeatureSetFailure -->
    <Event code="3">Nije obezbeđen traženi skup funkcija</Event> <!-- FeatureSetNotProvisioned -->
	<Event code="8">Upućen je zahtev za pokretanje ili obustavu životnog ciklusa u nevažećem stanju.</Event> <!-- InvalidLifeCycleState -->
    <Event code="101">Odbijen nevažeći sertifikat {$1} prilikom priključivanja na {$2}. Otisak sertifikata: {$3}</Event> <!-- InvalidCertRejected -->
	<Event code="400">Nije moguće otvoriti stranicu. Pokušajte ponovo kasnije.</Event> <!-- SSOPageLoadError -->
	<Event code="500">Pokretanje nove sesije nije uspelo. Pokušajte ponovo.</Event> <!-- SSOStartSessionError -->
	<Event code="600">Nije moguće otvoriti stranicu. Pokušajte ponovo kasnije.</Event> <!-- SSOUnknownError -->
	<Event code="602">Pokretanje nove sesije nije uspelo. Pokušajte ponovo</Event> <!-- SSOWebexCloudError -->
	<Event code="603">Nije moguće pokrenuti novu sesiju zbog problema za sertifikatom. Obratite se administratoru.</Event> <!-- SSOCertificateError -->
	<Event code="604">Pokušali ste da se prijavite kao drugi korisnik. Da biste se promenili korisnika, morate da resetujete Cisco Jabber.</Event> <!-- SSOInvalidUserSwitch -->
	<Event code="605">Pokretanje nove sesije nije uspelo. Pokušajte ponovo.</Event> <!-- SSOWhoAmIFailure -->
	<Event code="606">Vaša sesija je istekla.</Event> <!-- SSOSessionExpired -->
	<Event code="701">Pokušaj obezbeđivanja korisnika u CI</Event> <!-- CommonIdentityProvisioningUser -->
	<Event code="1001">Nije moguće automatski pronaći usluge. Kliknite na napredne postavke da biste ručno podesili.</Event> <!-- ServiceDiscoveryFailure -->
	<Event code="1002">Korisničko ime ili lozinka nisu tačni.</Event> <!-- ServiceDiscoveryAuthenticationFailure -->
	<Event code="1003">Komunikacija sa serverom nije moguća.</Event> <!-- ServiceDiscoveryCannotConnectToCucmServer -->
	<Event code="1004">Nije moguće automatski pronaći usluge. Kliknite na napredne postavke da biste ručno podesili.</Event> <!-- ServiceDiscoveryNoCucmConfiguration -->
	<Event code="1005">Nije moguće automatski pronaći usluge. Kliknite na napredne postavke da biste ručno podesili.</Event> <!-- ServiceDiscoveryNoSRVRecordsFound -->
	<Event code="1006">Komunikacija sa serverom nije moguća.</Event> <!-- ServiceDiscoveryCannotConnectToEdge -->
	<Event code="1007">Nema internet veze. Proverite mrežne postavke.</Event> <!-- ServiceDiscoveryNoNetworkConnectivity -->
	<Event code="1008">Rizičan server. Nisu pronađene usluge.</Event> <!-- ServiceDiscoveryUntrustedCertificate -->
  </Service>
</ServiceEventDescriptions>