﻿<?xml version="1.0" encoding="utf-8"?>
<ServiceEventDescriptions>
  <Service id="1000">
    <Event code="1">Desconegut</Event> <!-- Unknown -->
    <Event code="2">S'ha produït un error en iniciar el conjunt de característiques</Event> <!-- UnknownStartFeatureSetFailure -->
    <Event code="3">No s'ha proporcionat cap conjunt de característiques necessari</Event> <!-- FeatureSetNotProvisioned -->
	<Event code="8">S'ha sol•licitat al cicle de vida iniciar o aturar-se durant un estat no vàlid.</Event> <!-- InvalidLifeCycleState -->
    <Event code="101">Un certificat no vàlid {$1} ha estat rebutjat al connectar-se a {$2}. Empremta digital de certificat: {$3}</Event> <!-- InvalidCertRejected -->
	<Event code="400">No s'ha pogut obrir la pàgina. Torneu-ho a provar més tard.</Event> <!-- SSOPageLoadError -->
	<Event code="500">No s'ha pogut iniciar una nova sessió. Torneu-ho a provar.</Event> <!-- SSOStartSessionError -->
	<Event code="600">No s'ha pogut obrir la pàgina. Torneu-ho a provar més tard.</Event> <!-- SSOUnknownError -->
	<Event code="602">No s'ha pogut iniciar una nova sessió. Torneu-ho a provar.</Event> <!-- SSOWebexCloudError -->
	<Event code="603">No es pot iniciar una nova sessió per problemes amb un certificat. Poseu-vos en contacte amb l'administrador.</Event> <!-- SSOCertificateError -->
	<Event code="604">Heu intentat iniciar sessió amb un usuari diferent. Per canviar d'usuari, heu de restablir Cisco Jabber.</Event> <!-- SSOInvalidUserSwitch -->
	<Event code="605">No s'ha pogut iniciar una nova sessió. Torneu-ho a provar.</Event> <!-- SSOWhoAmIFailure -->
	<Event code="606">La sessió ha caducat.</Event> <!-- SSOSessionExpired -->
	<Event code="701">S'està intentant proveir l'usuari de CI</Event> <!-- CommonIdentityProvisioningUser -->
	<Event code="1001">No s'han pogut trobar els serveis automàticament. Feu clic a Configuració avançada per configurar-los manualment.</Event> <!-- ServiceDiscoveryFailure -->
	<Event code="1002">El nom d'usuari o la contrasenya són incorrectes.</Event> <!-- ServiceDiscoveryAuthenticationFailure -->
	<Event code="1003">No s'ha pogut comunicar amb el servidor.</Event> <!-- ServiceDiscoveryCannotConnectToCucmServer -->
	<Event code="1004">No s'han pogut trobar els serveis automàticament. Feu clic a Configuració avançada per configurar-los manualment.</Event> <!-- ServiceDiscoveryNoCucmConfiguration -->
	<Event code="1005">No s'han pogut trobar els serveis automàticament. Feu clic a Configuració avançada per configurar-los manualment.</Event> <!-- ServiceDiscoveryNoSRVRecordsFound -->
	<Event code="1006">No s'ha pogut comunicar amb el servidor.</Event> <!-- ServiceDiscoveryCannotConnectToEdge -->
	<Event code="1007">Sense connexió a Internet. Comproveu els vostres ajustaments de xarxa.</Event> <!-- ServiceDiscoveryNoNetworkConnectivity -->
	<Event code="1008">Servidor no confiable. No s'han descobert serveis.</Event> <!-- ServiceDiscoveryUntrustedCertificate -->
  </Service>
</ServiceEventDescriptions>