﻿<?xml version="1.0" encoding="utf-8"?>
<ServiceEventDescriptions>
  <Service id="1000">
    <Event code="1">不明</Event> <!-- Unknown -->
    <Event code="2">啟動功能集失敗</Event> <!-- UnknownStartFeatureSetFailure -->
    <Event code="3">未佈建要求的功能集</Event> <!-- FeatureSetNotProvisioned -->
	<Event code="8">生命週期在無效狀態時被要求啟動和終止。</Event> <!-- InvalidLifeCycleState -->
    <Event code="101">當連接到{$2} 時，無效的{$1}證書被拒絕了。驗證指紋: {$3}</Event> <!-- InvalidCertRejected -->
	<Event code="400">無法開啟頁面。請稍後重試。</Event> <!-- SSOPageLoadError -->
	<Event code="500">無法啟動新的作業階段。請重試。</Event> <!-- SSOStartSessionError -->
	<Event code="600">無法開啟頁面。請稍後重試。</Event> <!-- SSOUnknownError -->
	<Event code="602">無法啟動新的作業階段。請重試。</Event> <!-- SSOWebexCloudError -->
	<Event code="603">由於證書問題，無法啟動新的作業階段。請聯絡管理員。</Event> <!-- SSOCertificateError -->
	<Event code="604">您嘗試以不同的使用者身分登入。若要切換使用者，必須重設 Cisco Jabber。</Event> <!-- SSOInvalidUserSwitch -->
	<Event code="605">無法啟動新的作業階段。請重試。</Event> <!-- SSOWhoAmIFailure -->
	<Event code="606">您的作業階段已過期。</Event> <!-- SSOSessionExpired -->
	<Event code="701">正在嘗試在 CI 中佈建使用者</Event> <!-- CommonIdentityProvisioningUser -->
	<Event code="1001">無法自動尋找服務。按一下 [進階設定] 以手動設定。</Event> <!-- ServiceDiscoveryFailure -->
	<Event code="1002">使用者名稱或密碼不正確。</Event> <!-- ServiceDiscoveryAuthenticationFailure -->
	<Event code="1003">無法與伺服器通訊。</Event> <!-- ServiceDiscoveryCannotConnectToCucmServer -->
	<Event code="1004">無法自動尋找服務。按一下 [進階設定] 以手動設定。</Event> <!-- ServiceDiscoveryNoCucmConfiguration -->
	<Event code="1005">無法自動尋找服務。按一下 [進階設定] 以手動設定。</Event> <!-- ServiceDiscoveryNoSRVRecordsFound -->
	<Event code="1006">無法與伺服器通訊。</Event> <!-- ServiceDiscoveryCannotConnectToEdge -->
	<Event code="1007">無網際網路連線。請檢查網路設定。</Event> <!-- ServiceDiscoveryNoNetworkConnectivity -->
	<Event code="1008">不可信的服務器。沒有發現服務器。</Event> <!-- ServiceDiscoveryUntrustedCertificate -->
  </Service>
</ServiceEventDescriptions>