﻿<?xml version="1.0" encoding="utf-8"?>
<ServiceEventDescriptions>
  <Service id="1000">
    <Event code="1">Ukjendt</Event> <!-- Unknown -->
    <Event code="2">Oppstart av funksjonssett mislyktes</Event> <!-- UnknownStartFeatureSetFailure -->
    <Event code="3">Et ønsket funksjonssett ble ikke gjort tilgjengelig</Event> <!-- FeatureSetNotProvisioned -->
	<Event code="8">Livssyklus ble bedt om å starte eller stoppe når i en ugyldig tilstand.</Event> <!-- InvalidLifeCycleState -->
    <Event code="101">Et ugyldig sertifikat {$1} når du kobler til {$2} har blitt avvist. Sertifikat fingeravtrykk: {$3}</Event> <!-- InvalidCertRejected -->
	<Event code="400">Kan ikke åpne side. Prøv på nytt senere.</Event> <!-- SSOPageLoadError -->
	<Event code="500">Kunne ikke starte en ny økt. Prøv på nytt.</Event> <!-- SSOStartSessionError -->
	<Event code="600">Kan ikke åpne side. Prøv på nytt senere.</Event> <!-- SSOUnknownError -->
	<Event code="602">Kunne ikke starte en ny økt. Prøv på nytt.</Event> <!-- SSOWebexCloudError -->
	<Event code="603">Kan ikke start en ny økt på grunn av et sertifikatproblem. Kontakt administrator.</Event> <!-- SSOCertificateError -->
	<Event code="604">Du har forsøkt å logge deg på som en annen bruker. Du må tilbakestille Cisco Jabber for å bytte bruker.</Event> <!-- SSOInvalidUserSwitch -->
	<Event code="605">Kunne ikke starte en ny økt. Prøv på nytt.</Event> <!-- SSOWhoAmIFailure -->
	<Event code="606">Passordet ditt er utløpt.</Event> <!-- SSOSessionExpired -->
	<Event code="701">Prøver å klargjøre bruker i CI</Event> <!-- CommonIdentityProvisioningUser -->
	<Event code="1001">Kan ikke finne tjenestene dine automatisk. Klikk på avanserte innstillinger for å konfigurere manuelt.</Event> <!-- ServiceDiscoveryFailure -->
	<Event code="1002">Brukernavnet eller passordet er feil.</Event> <!-- ServiceDiscoveryAuthenticationFailure -->
	<Event code="1003">Kan ikke kommunisere med serveren.</Event> <!-- ServiceDiscoveryCannotConnectToCucmServer -->
	<Event code="1004">Kan ikke finne tjenestene dine automatisk. Klikk på avanserte innstillinger for å konfigurere manuelt.</Event> <!-- ServiceDiscoveryNoCucmConfiguration -->
	<Event code="1005">Kan ikke finne tjenestene dine automatisk. Klikk på avanserte innstillinger for å konfigurere manuelt.</Event> <!-- ServiceDiscoveryNoSRVRecordsFound -->
	<Event code="1006">Kan ikke kommunisere med serveren.</Event> <!-- ServiceDiscoveryCannotConnectToEdge -->
	<Event code="1007">Ingen internettilkobling. Kontroller nettverksinnstillingene.</Event> <!-- ServiceDiscoveryNoNetworkConnectivity -->
	<Event code="1008">Usikret server. Ingen tjenester oppdaget.</Event> <!-- ServiceDiscoveryUntrustedCertificate -->
  </Service>
</ServiceEventDescriptions>