﻿<?xml version="1.0" encoding="utf-8"?>
<ServiceEventDescriptions>
  <Service id="1000">
    <Event code="1">Ukendt</Event> <!-- Unknown -->
    <Event code="2">Start af et funktionssæt mislyk.</Event> <!-- UnknownStartFeatureSetFailure -->
    <Event code="3">Et krævet funktionssæt var ikke provisioneret</Event> <!-- FeatureSetNotProvisioned -->
	<Event code="8">Lifecycle blev bedt om at starte eller stoppe, men den var i en ugyldig tilstand.</Event> <!-- InvalidLifeCycleState -->
    <Event code="101">Et ugyldigt certifikat {$1} ved tilslutning til {$2} er blevet afvist. Certifikat fingeraftryk: {$3}</Event> <!-- InvalidCertRejected -->
	<Event code="400">Kan ikke åbne side. Prøv igen senere.</Event> <!-- SSOPageLoadError -->
	<Event code="500">Kunne ikke starte en ny session. Prøv igen.</Event> <!-- SSOStartSessionError -->
	<Event code="600">Kan ikke åbne side. Prøv igen senere.</Event> <!-- SSOUnknownError -->
	<Event code="602">Kunne ikke starte en ny session. Prøv igen</Event> <!-- SSOWebexCloudError -->
	<Event code="603">En ny session kunne ikke startes som følge af et certifikatproblem. Kontakt administratoren.</Event> <!-- SSOCertificateError -->
	<Event code="604">Du har forsøgt at logge på som en anden bruger. Du skal nulstille Cisco Jabber for at skifte bruger.</Event> <!-- SSOInvalidUserSwitch -->
	<Event code="605">Kunne ikke starte en ny session. Prøv igen.</Event> <!-- SSOWhoAmIFailure -->
	<Event code="606">Din session er udløbet.</Event> <!-- SSOSessionExpired -->
	<Event code="701">Forsøger at klargøre bruger i CI</Event> <!-- CommonIdentityProvisioningUser -->
	<Event code="1001">Dine tjenester kan ikke findes automatisk. Klik på avancerede indstillinger for at angive dem manuelt.</Event> <!-- ServiceDiscoveryFailure -->
	<Event code="1002">Forkert brugernavn eller adgangskode.</Event> <!-- ServiceDiscoveryAuthenticationFailure -->
	<Event code="1003">Kan ikke kommunikere med serveren.</Event> <!-- ServiceDiscoveryCannotConnectToCucmServer -->
	<Event code="1004">Dine tjenester kan ikke findes automatisk. Klik på avancerede indstillinger for at angive dem manuelt.</Event> <!-- ServiceDiscoveryNoCucmConfiguration -->
	<Event code="1005">Dine tjenester kan ikke findes automatisk. Klik på avancerede indstillinger for at angive dem manuelt.</Event> <!-- ServiceDiscoveryNoSRVRecordsFound -->
	<Event code="1006">Kan ikke kommunikere med serveren.</Event> <!-- ServiceDiscoveryCannotConnectToEdge -->
	<Event code="1007">Ingen internetforbindelse. Kontrollér dine netværksindstillinger.</Event> <!-- ServiceDiscoveryNoNetworkConnectivity -->
	<Event code="1008">Server der stoles på. Ingen services blev opdaget.</Event> <!-- ServiceDiscoveryUntrustedCertificate -->
  </Service>
</ServiceEventDescriptions>