﻿<?xml version="1.0" encoding="utf-8"?>
<ServiceEventDescriptions>
  <Service id="1000">
    <Event code="1">לא ידוע</Event> <!-- Unknown -->
    <Event code="2">הפעלת קבוצת מאפיינים נכשלה</Event> <!-- UnknownStartFeatureSetFailure -->
    <Event code="3">לא הוקצתה קבוצת מאפיינים מבוקשת</Event> <!-- FeatureSetNotProvisioned -->
	<Event code="8">פעולת מחזור החיים התבקשה להתחיל או להפסיק בזמן היותה במצב לא תקין.</Event> <!-- InvalidLifeCycleState -->
    <Event code="101">החתימה הדיגיטלית השגויה {$1} נדחתה במהלך ההתחברות עם {$2}. טביעת החתימה הדיגיטלית: {$3}</Event> <!-- InvalidCertRejected -->
	<Event code="400">לא ניתן לפתוח את הדף. נסה שוב מאוחר יותר.</Event> <!-- SSOPageLoadError -->
	<Event code="500">נכשלה התחלת הפעלה חדשה. נסה שוב.</Event> <!-- SSOStartSessionError -->
	<Event code="600">לא ניתן לפתוח את הדף. נסה שוב מאוחר יותר.</Event> <!-- SSOUnknownError -->
	<Event code="602">נכשלה התחלת הפעלה חדשה. נסה שוב.</Event> <!-- SSOWebexCloudError -->
	<Event code="603">לא ניתן להתחיל הפעלה חדש עקב בעיה באישור. פנה למנהל המערכת.</Event> <!-- SSOCertificateError -->
	<Event code="604">ניסית להיכנס כמשתמש אחר. כדי להחליף משתמש, עליך לאפס את Cisco Jabber.</Event> <!-- SSOInvalidUserSwitch -->
	<Event code="605">נכשלה התחלת הפעלה חדשה. נסה שוב.</Event> <!-- SSOWhoAmIFailure -->
	<Event code="606">פג תוקפה של ההפעלה שלך.</Event> <!-- SSOSessionExpired -->
	<Event code="701">מנסה להקצות משתמש ב-CI</Event> <!-- CommonIdentityProvisioningUser -->
	<Event code="1001">לא ניתן לאתר שירותים באופן אוטומטי. לחץ על 'הגדרות מתקדמות' כדי להגדיר באופן ידני.</Event> <!-- ServiceDiscoveryFailure -->
	<Event code="1002">שם המשתמש או הסיסמה שגויים.</Event> <!-- ServiceDiscoveryAuthenticationFailure -->
	<Event code="1003">אין אפשרות לקיים תקשורת עם השרת.</Event> <!-- ServiceDiscoveryCannotConnectToCucmServer -->
	<Event code="1004">לא ניתן לאתר שירותים באופן אוטומטי. לחץ על 'הגדרות מתקדמות' כדי להגדיר באופן ידני.</Event> <!-- ServiceDiscoveryNoCucmConfiguration -->
	<Event code="1005">לא ניתן לאתר שירותים באופן אוטומטי. לחץ על 'הגדרות מתקדמות' כדי להגדיר באופן ידני.</Event> <!-- ServiceDiscoveryNoSRVRecordsFound -->
	<Event code="1006">אין אפשרות לקיים תקשורת עם השרת.</Event> <!-- ServiceDiscoveryCannotConnectToEdge -->
	<Event code="1007">אין חיבור אינטרנט. בדוק את הגדרות הרשת.</Event> <!-- ServiceDiscoveryNoNetworkConnectivity -->
	<Event code="1008">השרת אינו אמין. לא נמצאו שירותים.</Event> <!-- ServiceDiscoveryUntrustedCertificate -->
  </Service>
</ServiceEventDescriptions>