﻿<?xml version="1.0" encoding="utf-8"?>
<ServiceEventDescriptions>
  <Service id="1000">
    <Event code="1">Nepoznato</Event> <!-- Unknown -->
    <Event code="2">Pokretanje niza značajki neuspješno</Event> <!-- UnknownStartFeatureSetFailure -->
    <Event code="3">Nije dodijeljen zahtijevani skup značajki.</Event> <!-- FeatureSetNotProvisioned -->
	<Event code="8">Zatražen je Početak ili Zaustavljanje vijeka trajanja dok nije u važećem stanju.</Event> <!-- InvalidLifeCycleState -->
    <Event code="101">Odbijen je nevažeći certifikat {$1} prilikom povezivanja s {$2}. Otisak certifikata: {$3}</Event> <!-- InvalidCertRejected -->
	<Event code="400">Ne može se otvoriti stranica. Pokušajte ponovno kasnije.</Event> <!-- SSOPageLoadError -->
	<Event code="500">Nije uspjelo pokretanje nove sesije. Pokušajte ponovno.</Event> <!-- SSOStartSessionError -->
	<Event code="600">Ne može se otvoriti stranica. Pokušajte ponovno kasnije.</Event> <!-- SSOUnknownError -->
	<Event code="602">Nije uspjelo pokretanje nove sesije. Pokušajte ponovno.</Event> <!-- SSOWebexCloudError -->
	<Event code="603">Nije moguće pokrenuti novu sesiju zbog problema s certifikatom. Obratite se administratoru.</Event> <!-- SSOCertificateError -->
	<Event code="604">Pokušali ste se prijaviti kao drugi korisnik. Ako želite promijeniti korisnika, morate resetirati Cisco Jabber.</Event> <!-- SSOInvalidUserSwitch -->
	<Event code="605">Nije uspjelo pokretanje nove sesije. Pokušajte ponovno.</Event> <!-- SSOWhoAmIFailure -->
	<Event code="606">Vaša sesija je istekla.</Event> <!-- SSOSessionExpired -->
	<Event code="701">Pokušaj dodjele korisnika u CI-ju</Event> <!-- CommonIdentityProvisioningUser -->
	<Event code="1001">Vaše usluge ne mogu se automatski naći. Kliknite napredne postavke i ručno ih postavite.</Event> <!-- ServiceDiscoveryFailure -->
	<Event code="1002">Korisničko ime ili zaporka nisu ispravni.</Event> <!-- ServiceDiscoveryAuthenticationFailure -->
	<Event code="1003">Nije moguća komunikacija s poslužiteljem.</Event> <!-- ServiceDiscoveryCannotConnectToCucmServer -->
	<Event code="1004">Vaše usluge ne mogu se automatski naći. Kliknite napredne postavke i ručno ih postavite.</Event> <!-- ServiceDiscoveryNoCucmConfiguration -->
	<Event code="1005">Vaše usluge ne mogu se automatski naći. Kliknite napredne postavke i ručno ih postavite.</Event> <!-- ServiceDiscoveryNoSRVRecordsFound -->
	<Event code="1006">Nije moguća komunikacija s poslužiteljem.</Event> <!-- ServiceDiscoveryCannotConnectToEdge -->
	<Event code="1007">Nema veze s internetom. Provjerite mrežne postavke.</Event> <!-- ServiceDiscoveryNoNetworkConnectivity -->
	<Event code="1008">Nepouzdan poslužitelj. Nisu otkrivene usluge.</Event> <!-- ServiceDiscoveryUntrustedCertificate -->
  </Service>
</ServiceEventDescriptions>