﻿<?xml version="1.0" encoding="utf-8"?>
<ServiceEventDescriptions>
  <Service id="1000">
    <Event code="1">Neznámý</Event> <!-- Unknown -->
    <Event code="2">Chyba spuštění sady funkcí</Event> <!-- UnknownStartFeatureSetFailure -->
    <Event code="3">Nebyla zřízena požadovaná sada funkcí</Event> <!-- FeatureSetNotProvisioned -->
	<Event code="8">Služba Lifecycle byla požádána, aby se spustila nebo zastavila při neplatném stavu.</Event> <!-- InvalidLifeCycleState -->
    <Event code="101">Neplatný certifikát {$1} byl zamítnut při připojení k {$2}. Otisk certifikátu: {$3}</Event> <!-- InvalidCertRejected -->
	<Event code="400">Stránku nelze otevřít. Opakujte akci později.</Event> <!-- SSOPageLoadError -->
	<Event code="500">Nelze zahájit novou relaci. Opakujte akci později.</Event> <!-- SSOStartSessionError -->
	<Event code="600">Stránku nelze otevřít. Opakujte akci později</Event> <!-- SSOUnknownError -->
	<Event code="602">Nelze zahájit novou relaci. Opakujte akci později.</Event> <!-- SSOWebexCloudError -->
	<Event code="603">Z důvodu potíží s certifikátem nelze zahájit novou relaci. Obraťte se na správce.</Event> <!-- SSOCertificateError -->
	<Event code="604">Pokusili jste se přihlásit jako jiný uživatel. Chcete-li přepnout uživatele, musíte resetovat aplikaci Cisco Jabber.</Event> <!-- SSOInvalidUserSwitch -->
	<Event code="605">Nelze zahájit novou relaci. Opakujte akci později.</Event> <!-- SSOWhoAmIFailure -->
	<Event code="606">Platnost hesla vypršela.</Event> <!-- SSOSessionExpired -->
	<Event code="701">Probíhá pokus o poskytnutí uživatele v CI</Event> <!-- CommonIdentityProvisioningUser -->
	<Event code="1001">Nepodařilo se nalézt služby automaticky. Chcete-li provést ruční nastavení, klepněte na možnost Upřesnit nastavení.</Event> <!-- ServiceDiscoveryFailure -->
	<Event code="1002">Nesprávné uživatelské jméno nebo heslo.</Event> <!-- ServiceDiscoveryAuthenticationFailure -->
	<Event code="1003">Komunikaci se serverem se nepodařilo navázat.</Event> <!-- ServiceDiscoveryCannotConnectToCucmServer -->
	<Event code="1004">Nepodařilo se nalézt služby automaticky. Chcete-li provést ruční nastavení, klepněte na možnost Upřesnit nastavení.</Event> <!-- ServiceDiscoveryNoCucmConfiguration -->
	<Event code="1005">Nepodařilo se nalézt služby automaticky. Chcete-li provést ruční nastavení, klepněte na možnost Upřesnit nastavení.</Event> <!-- ServiceDiscoveryNoSRVRecordsFound -->
	<Event code="1006">Komunikaci se serverem se nepodařilo navázat.</Event> <!-- ServiceDiscoveryCannotConnectToEdge -->
	<Event code="1007">Připojení k internetu není k dispozici. Zkontrolujte nastavení sítě.</Event> <!-- ServiceDiscoveryNoNetworkConnectivity -->
	<Event code="1008">Nedůvěryhodný server. Nebyly nalezeny žádné služby.</Event> <!-- ServiceDiscoveryUntrustedCertificate -->
  </Service>
</ServiceEventDescriptions>