﻿<?xml version="1.0" encoding="utf-8"?>
<ServiceEventDescriptions>
  <Service id="1000">
    <Event code="1">Sconosciuto</Event> <!-- Unknown -->
    <Event code="2">Avvio del set di funzioni non eseguito</Event> <!-- UnknownStartFeatureSetFailure -->
    <Event code="3">Non è stato eseguito il provisioning del set di funzioni richiesto</Event> <!-- FeatureSetNotProvisioned -->
	<Event code="8">È stato richiesto di avviare o arrestare il Ciclo di vita mentre si trovava in uno stato non valido.</Event> <!-- InvalidLifeCycleState -->
    <Event code="101">Un certificato {$1} invalido è stato respinto durante la connessione a {$2}. Impronta digitale del certificato: {$3}</Event> <!-- InvalidCertRejected -->
	<Event code="400">Impossibile aprire la pagina. Riprovare più tardi.</Event> <!-- SSOPageLoadError -->
	<Event code="500">Impossibile avviare una nuova sessione. Riprovare.</Event> <!-- SSOStartSessionError -->
	<Event code="600">Impossibile aprire la pagina. Riprovare più tardi.</Event> <!-- SSOUnknownError -->
	<Event code="602">Impossibile avviare una nuova sessione. Riprovare.</Event> <!-- SSOWebexCloudError -->
	<Event code="603">Non è possibile avviare una nuova sessione a causa di un problema di certificato. Contattare l'amministratore.</Event> <!-- SSOCertificateError -->
	<Event code="604">Si è tentato di accedere come un utente diverso. Per cambiare utente, è necessario ripristinare Cisco Jabber.</Event> <!-- SSOInvalidUserSwitch -->
	<Event code="605">Impossibile avviare una nuova sessione. Riprovare.</Event> <!-- SSOWhoAmIFailure -->
	<Event code="606">La sessione è scaduta.</Event> <!-- SSOSessionExpired -->
	<Event code="701">Tentativo provisioning utente in CI</Event> <!-- CommonIdentityProvisioningUser -->
	<Event code="1001">Impossibile rilevare i servizi automaticamente. Fare clic su Impostazioni avanzate per impostare manualmente.</Event> <!-- ServiceDiscoveryFailure -->
	<Event code="1002">Il nome utente o la password non sono esatti.</Event> <!-- ServiceDiscoveryAuthenticationFailure -->
	<Event code="1003">Impossibile comunicare con il server.</Event> <!-- ServiceDiscoveryCannotConnectToCucmServer -->
	<Event code="1004">Impossibile rilevare i servizi automaticamente. Fare clic su Impostazioni avanzate per impostare manualmente.</Event> <!-- ServiceDiscoveryNoCucmConfiguration -->
	<Event code="1005">Impossibile rilevare i servizi automaticamente. Fare clic su Impostazioni avanzate per impostare manualmente.</Event> <!-- ServiceDiscoveryNoSRVRecordsFound -->
	<Event code="1006">Impossibile comunicare con il server.</Event> <!-- ServiceDiscoveryCannotConnectToEdge -->
	<Event code="1007">Nessuna connessione Internet. Controllare le impostazioni di rete.</Event> <!-- ServiceDiscoveryNoNetworkConnectivity -->
	<Event code="1008">Server non attendibile. Nessun servizio rilevato.</Event> <!-- ServiceDiscoveryUntrustedCertificate -->
  </Service>
</ServiceEventDescriptions>