﻿<?xml version="1.0" encoding="utf-8"?>
<ServiceEventDescriptions>
  <Service id="1000">
    <Event code="1">Desconocido</Event> <!-- Unknown -->
    <Event code="2">Error de inicio de un conjunto de funciones.</Event> <!-- UnknownStartFeatureSetFailure -->
    <Event code="3">No se ha suministrado un conjunto de funciones requerido.</Event> <!-- FeatureSetNotProvisioned -->
	<Event code="8">Se solicitó al ciclo de vida iniciar o detenerse durante un estado no válido.</Event> <!-- InvalidLifeCycleState -->
    <Event code="101">Un certificado inválido {$1} ha sido rechazado al conectarse a {$2}. Huella digital de certificado: {$3}</Event> <!-- InvalidCertRejected -->
	<Event code="400">No se puede abrir la página. Vuelva a intentarlo más tarde.</Event> <!-- SSOPageLoadError -->
	<Event code="500">Error al iniciar una sesión nueva. Vuelva a intentarlo.</Event> <!-- SSOStartSessionError -->
	<Event code="600">No se puede abrir la página. Vuelva a intentarlo más tarde</Event> <!-- SSOUnknownError -->
	<Event code="602">Error al iniciar una sesión nueva. Vuelva a intentarlo</Event> <!-- SSOWebexCloudError -->
	<Event code="603">No se puede iniciar una sesión nueva por un problema de certificado. Póngase en contacto con el administrador.</Event> <!-- SSOCertificateError -->
	<Event code="604">Ha intentado iniciar sesión como un usuario distinto. Para cambiar de usuario, debe restablecer Cisco Jabber.</Event> <!-- SSOInvalidUserSwitch -->
	<Event code="605">Error al iniciar una sesión nueva. Vuelva a intentarlo.</Event> <!-- SSOWhoAmIFailure -->
	<Event code="606">La sesión ha caducado.</Event> <!-- SSOSessionExpired -->
	<Event code="701">Intentando aprovisionar al usuario en CI</Event> <!-- CommonIdentityProvisioningUser -->
	<Event code="1001">No se han podido encontrar los servicios automáticamente. Hacer clic en configuración avanzada para configurarlos manualmente.</Event> <!-- ServiceDiscoveryFailure -->
	<Event code="1002">El nombre de usuario o la contraseña no son correctos.</Event> <!-- ServiceDiscoveryAuthenticationFailure -->
	<Event code="1003">No se puede comunicar con el servidor.</Event> <!-- ServiceDiscoveryCannotConnectToCucmServer -->
	<Event code="1004">No se han podido encontrar los servicios automáticamente. Hacer clic en configuración avanzada para configurarlos manualmente.</Event> <!-- ServiceDiscoveryNoCucmConfiguration -->
	<Event code="1005">No se han podido encontrar los servicios automáticamente. Hacer clic en configuración avanzada para configurarlos manualmente.</Event> <!-- ServiceDiscoveryNoSRVRecordsFound -->
	<Event code="1006">No se puede comunicar con el servidor.</Event> <!-- ServiceDiscoveryCannotConnectToEdge -->
	<Event code="1007">No hay ninguna conexión a Internet. Compruebe la configuración de red.</Event> <!-- ServiceDiscoveryNoNetworkConnectivity -->
	<Event code="1008">Servidor no confiable. No se han descubierto servicios.</Event> <!-- ServiceDiscoveryUntrustedCertificate -->
  </Service>
</ServiceEventDescriptions>