﻿<?xml version="1.0" encoding="utf-8"?>
<ServiceEventDescriptions>
  <Service id="1000">
    <Event code="1">Inconnu</Event> <!-- Unknown -->
    <Event code="2">Impossible de lancer un ensemble de fonctionnalités</Event> <!-- UnknownStartFeatureSetFailure -->
    <Event code="3">Un ensemble de fonctionnalités requis n'a pas été mis en service</Event> <!-- FeatureSetNotProvisioned -->
	<Event code="8">Le Cycle de vie a été demandé pour Démarrer ou Arrêter tandis que dans un état non valide.</Event> <!-- InvalidLifeCycleState -->
    <Event code="101">Lors de la connexion à {$2} un certificat non valide {$1} a été rejetée.  Certificat d'empreinte digitale : {$3}</Event> <!-- InvalidCertRejected -->
	<Event code="400">Impossible d'ouvrir la page. Veuillez réessayer ultérieurement.</Event> <!-- SSOPageLoadError -->
	<Event code="500">Impossible d'ouvrir une nouvelle session. Veuillez réessayer.</Event> <!-- SSOStartSessionError -->
	<Event code="600">Impossible d'ouvrir la page. Veuillez réessayer ultérieurement.</Event> <!-- SSOUnknownError -->
	<Event code="602">Impossible d'ouvrir une nouvelle session. Veuillez réessayer.</Event> <!-- SSOWebexCloudError -->
	<Event code="603">Impossible de démarrer une nouvelle session à cause d'un problème de certificat. Contactez votre administrateur.</Event> <!-- SSOCertificateError -->
	<Event code="604">Vous avez tenté de vous connecté en tant qu'un autre utilisateur. Pour changer d'utilisateur, vous devez réinitialiser Cisco Jabber.</Event> <!-- SSOInvalidUserSwitch -->
	<Event code="605">Impossible d'ouvrir une nouvelle session. Veuillez réessayer.</Event> <!-- SSOWhoAmIFailure -->
	<Event code="606">Votre mot de passe a expiré.</Event> <!-- SSOSessionExpired -->
	<Event code="701">Tentative d'approvisionnement de l'utilisateur en CI</Event> <!-- CommonIdentityProvisioningUser -->
	<Event code="1001">Impossible de rechercher automatiquement vos services. Cliquez sur Paramètres avancés pour configurer manuellement vos services.</Event> <!-- ServiceDiscoveryFailure -->
	<Event code="1002">Votre nom d'utilisateur ou votre mot de passe est incorrect.</Event> <!-- ServiceDiscoveryAuthenticationFailure -->
	<Event code="1003">Impossible de communiquer avec le serveur.</Event> <!-- ServiceDiscoveryCannotConnectToCucmServer -->
	<Event code="1004">Impossible de rechercher automatiquement vos services. Cliquez sur Paramètres avancés pour configurer manuellement vos services.</Event> <!-- ServiceDiscoveryNoCucmConfiguration -->
	<Event code="1005">Impossible de rechercher automatiquement vos services. Cliquez sur Paramètres avancés pour configurer manuellement vos services.</Event> <!-- ServiceDiscoveryNoSRVRecordsFound -->
	<Event code="1006">Impossible de communiquer avec le serveur.</Event> <!-- ServiceDiscoveryCannotConnectToEdge -->
	<Event code="1007">Pas de connexion Internet. Vérifiez vos paramètres réseau.</Event> <!-- ServiceDiscoveryNoNetworkConnectivity -->
	<Event code="1008">Serveur non sécurisé. Aucun service découvert.</Event> <!-- ServiceDiscoveryUntrustedCertificate -->
  </Service>
</ServiceEventDescriptions>