﻿<?xml version="1.0" encoding="utf-8"?>
<ServiceEventDescriptions>
  <Service id="1000">
    <Event code="1">Necunoscut</Event> <!-- Unknown -->
    <Event code="2">Pornirea unui set de opţiuni a eşuat</Event> <!-- UnknownStartFeatureSetFailure -->
    <Event code="3">Nu s-a asigurat accesul pentru setul de opţiuni solicitat</Event> <!-- FeatureSetNotProvisioned -->
	<Event code="8">Ciclului de viaţă i s-a solicitat să înceapă sau să se termine în timpul unei stări nevalide.</Event> <!-- InvalidLifeCycleState -->
    <Event code="101">Un certificat nevalid {$1} a fost refuzat la conectarea la {$2}. Amprentă certificat: {$3}</Event> <!-- InvalidCertRejected -->
	<Event code="400">Imposibil de deschis pagina. Încercaţi din nou, mai târziu.</Event> <!-- SSOPageLoadError -->
	<Event code="500">Pornirea unei sesiuni noi a eşuat. Încercaţi din nou.</Event> <!-- SSOStartSessionError -->
	<Event code="600">Imposibil de deschis pagina. Încercaţi din nou, mai târziu.</Event> <!-- SSOUnknownError -->
	<Event code="602">Pornirea unei sesiuni noi a eşuat. Încercaţi din nou.</Event> <!-- SSOWebexCloudError -->
	<Event code="603">Nu se poate începe o sesiune nouă din cauza unei probleme cu certificatul. Contactaţi administratorul.</Event> <!-- SSOCertificateError -->
	<Event code="604">Aţi încercat să vă conectaţi ca utilizator diferit. Pentru a schimba utilizatorul trebuie să reiniţializaţi Cisco Jabber.</Event> <!-- SSOInvalidUserSwitch -->
	<Event code="605">Pornirea unei sesiuni noi a eşuat. Încercaţi din nou.</Event> <!-- SSOWhoAmIFailure -->
	<Event code="606">Sesiunea a expirat.</Event> <!-- SSOSessionExpired -->
	<Event code="701">Se aşteaptă asigurarea accesului utilizatorului în CI</Event> <!-- CommonIdentityProvisioningUser -->
	<Event code="1001">Serviciile dvs. nu pot fi găsite automat. Faceţi clic pe setări avansate pentru a le configura manual.</Event> <!-- ServiceDiscoveryFailure -->
	<Event code="1002">Numele de utilizator sau parola nu sunt corecte.</Event> <!-- ServiceDiscoveryAuthenticationFailure -->
	<Event code="1003">Nu se poate comunica cu serverul.</Event> <!-- ServiceDiscoveryCannotConnectToCucmServer -->
	<Event code="1004">Serviciile dvs. nu pot fi găsite automat. Faceţi clic pe setări avansate pentru a le configura manual.</Event> <!-- ServiceDiscoveryNoCucmConfiguration -->
	<Event code="1005">Serviciile dvs. nu pot fi găsite automat. Faceţi clic pe setări avansate pentru a le configura manual.</Event> <!-- ServiceDiscoveryNoSRVRecordsFound -->
	<Event code="1006">Nu se poate comunica cu serverul.</Event> <!-- ServiceDiscoveryCannotConnectToEdge -->
	<Event code="1007">Nu există conexiune la internet. Verificaţi setările de reţea.</Event> <!-- ServiceDiscoveryNoNetworkConnectivity -->
	<Event code="1008">Serverul nu este de încredere. Nu s-a descoperit niciun serviciu.</Event> <!-- ServiceDiscoveryUntrustedCertificate -->
  </Service>
</ServiceEventDescriptions>