﻿<?xml version="1.0" encoding="utf-8"?>
<ServiceEventDescriptions>
  <Service id="1000">
    <Event code="1">Неизвестно</Event> <!-- Unknown -->
    <Event code="2">Ошибка запуска набора функций</Event> <!-- UnknownStartFeatureSetFailure -->
    <Event code="3">Запрошенный набор функций не предоставлен</Event> <!-- FeatureSetNotProvisioned -->
	<Event code="8">The Lifecycle (Жизненный цикл) запросил Запуск либо Остановку в недопустимом состоянии.</Event> <!-- InvalidLifeCycleState -->
    <Event code="101">Недействительный сертификат {$1} при соединении с {$2} был отклонен. Отличительная метка сертификата: {$3}</Event> <!-- InvalidCertRejected -->
	<Event code="400">Не удается открыть страницу. Повторите попытку позже.</Event> <!-- SSOPageLoadError -->
	<Event code="500">Не удалось запустить новый сеанс. Попробуйте еще раз.</Event> <!-- SSOStartSessionError -->
	<Event code="600">Не удается открыть страницу. Повторите попытку позже.</Event> <!-- SSOUnknownError -->
	<Event code="602">Не удалось запустить новый сеанс. Попробуйте еще раз.</Event> <!-- SSOWebexCloudError -->
	<Event code="603">Невозможно начать новый сеанс из-за проблемы с сертификатом. Обратитесь к администратору.</Event> <!-- SSOCertificateError -->
	<Event code="604">Вы попытались войти в качестве другого пользователя. Для переключения пользователя необходимо выполнить сброс Cisco Jabber.</Event> <!-- SSOInvalidUserSwitch -->
	<Event code="605">Не удалось запустить новый сеанс. Попробуйте еще раз.</Event> <!-- SSOWhoAmIFailure -->
	<Event code="606">Срок сеанса истек.</Event> <!-- SSOSessionExpired -->
	<Event code="701">Предпринимается попытка инициализировать пользователя в CI</Event> <!-- CommonIdentityProvisioningUser -->
	<Event code="1001">Не удалось обнаружить используемые сервисы автоматически. Перейдите в расширенные настройки, чтобы задать их вручную.</Event> <!-- ServiceDiscoveryFailure -->
	<Event code="1002">Неверное имя пользователя или пароль.</Event> <!-- ServiceDiscoveryAuthenticationFailure -->
	<Event code="1003">Невозможно установить связь с сервером.</Event> <!-- ServiceDiscoveryCannotConnectToCucmServer -->
	<Event code="1004">Не удалось обнаружить используемые сервисы автоматически. Перейдите в расширенные настройки, чтобы задать их вручную.</Event> <!-- ServiceDiscoveryNoCucmConfiguration -->
	<Event code="1005">Не удалось обнаружить используемые сервисы автоматически. Перейдите в расширенные настройки, чтобы задать их вручную.</Event> <!-- ServiceDiscoveryNoSRVRecordsFound -->
	<Event code="1006">Невозможно установить связь с сервером.</Event> <!-- ServiceDiscoveryCannotConnectToEdge -->
	<Event code="1007">Нет подключения к Интернету. Проверьте настройки сети.</Event> <!-- ServiceDiscoveryNoNetworkConnectivity -->
	<Event code="1008">Ненадежный сервер. Не обнаружено услуги.</Event> <!-- ServiceDiscoveryUntrustedCertificate -->
  </Service>
</ServiceEventDescriptions>