﻿<?xml version="1.0" encoding="utf-8"?>
<ServiceEventDescriptions>
  <Service id="1000">
    <Event code="1">不明</Event> <!-- Unknown -->
    <Event code="2">機能セットの起動の失敗</Event> <!-- UnknownStartFeatureSetFailure -->
    <Event code="3">要求された機能セットはプロビジョニングされませんでした</Event> <!-- FeatureSetNotProvisioned -->
	<Event code="8">無効ステータス中に開始または停止するためにライフサイクルが要求されました。</Event> <!-- InvalidLifeCycleState -->
    <Event code="101">{$2}への接続時に無効な証明書{$1}が拒否されました。証明書のフィンガープリント: {$3}</Event> <!-- InvalidCertRejected -->
	<Event code="400">ページを開くことができません。後で再試行してください。</Event> <!-- SSOPageLoadError -->
	<Event code="500">新しいセッションの開始に失敗しました。もう一度実行してください。</Event> <!-- SSOStartSessionError -->
	<Event code="600">ページを開くことができません。後で再試行してください。</Event> <!-- SSOUnknownError -->
	<Event code="602">新しいセッションの開始に失敗しました。もう一度実行してください。</Event> <!-- SSOWebexCloudError -->
	<Event code="603">証明書に問題があるため、新しいセッションを開始できません。管理者に問い合わせてください。</Event> <!-- SSOCertificateError -->
	<Event code="604">別のユーザとしてサインインしようとしました。ユーザを切り替えるには、Cisco Jabberをリセットする必要があります。</Event> <!-- SSOInvalidUserSwitch -->
	<Event code="605">新しいセッションの開始に失敗しました。もう一度実行してください。</Event> <!-- SSOWhoAmIFailure -->
	<Event code="606">セッションが期限切れになりました.</Event> <!-- SSOSessionExpired -->
	<Event code="701">CIのプロビジョンユーザに試行中</Event> <!-- CommonIdentityProvisioningUser -->
	<Event code="1001">サービスを自動で検索できません。[詳細設定]をクリックして手動で設定してください。</Event> <!-- ServiceDiscoveryFailure -->
	<Event code="1002">ユーザ名またはパスワードが正しくありません。</Event> <!-- ServiceDiscoveryAuthenticationFailure -->
	<Event code="1003">サーバと通信できません。</Event> <!-- ServiceDiscoveryCannotConnectToCucmServer -->
	<Event code="1004">サービスを自動で検索できません。[詳細設定]をクリックして手動で設定してください。</Event> <!-- ServiceDiscoveryNoCucmConfiguration -->
	<Event code="1005">サービスを自動で検索できません。[詳細設定]をクリックして手動で設定してください。</Event> <!-- ServiceDiscoveryNoSRVRecordsFound -->
	<Event code="1006">サーバと通信できません。</Event> <!-- ServiceDiscoveryCannotConnectToEdge -->
	<Event code="1007">インターネットに接続していません。ネットワーク設定を確認してください.</Event> <!-- ServiceDiscoveryNoNetworkConnectivity -->
	<Event code="1008">信頼されていないサーバです。サービスは検出されませんでした。</Event> <!-- ServiceDiscoveryUntrustedCertificate -->
  </Service>
</ServiceEventDescriptions>