﻿<?xml version="1.0" encoding="utf-8"?>
<ServiceEventDescriptions>
  <Service id="1000">
    <Event code="1">ไม่รู้จัก</Event> <!-- Unknown -->
    <Event code="2">การเริ่มต้นชุดคุณสมบัติล้มเหลว</Event> <!-- UnknownStartFeatureSetFailure -->
    <Event code="3">ชุดคุณสมบัติที่ร้องขอไม่ได้รับการจัดเตรียม</Event> <!-- FeatureSetNotProvisioned -->
	<Event code="8">Lifecycle ถูกขอให้เริ่มต้นหรือหยุดการทำงานขณะอยู่ในสภาพที่ไม่ถูกต้อง</Event> <!-- InvalidLifeCycleState -->
    <Event code="101">ระบบปฏิเสธใบรับรองที่ไม่ถูกต้อง {$1} เมื่อเชื่อมต่อกับ {$2} ลายนิ้วมือในใบรับรอง: {$3}</Event> <!-- InvalidCertRejected -->
	<Event code="400">ไม่สามารถเปิดหน้าเว็บ โปรดลองอีกครั้งในภายหลัง</Event> <!-- SSOPageLoadError -->
	<Event code="500">ไม่สามารถเริ่มต้นเซสชันใหม่ โปรดลองอีกครั้ง</Event> <!-- SSOStartSessionError -->
	<Event code="600">ไม่สามารถเปิดหน้าเว็บ โปรดลองอีกครั้งในภายหลัง</Event> <!-- SSOUnknownError -->
	<Event code="602">ไม่สามารถเริ่มต้นเซสชันใหม่ โปรดลองอีกครั้ง</Event> <!-- SSOWebexCloudError -->
	<Event code="603">ไม่สามารถเริ่มต้นเซสชันใหม่ได้เนื่องจากมีปัญหาเกี่ยวกับใบรับรอง โปรดติดต่อผู้ดูแลระบบของคุณ</Event> <!-- SSOCertificateError -->
	<Event code="604">คุณพยายามลงชื่อเข้าใช้ในฐานะผู้ใช้อื่น หากต้องการสลับผู้ใช้ คุณต้องรีเซ็ต Cisco Jabber</Event> <!-- SSOInvalidUserSwitch -->
	<Event code="605">ไม่สามารถเริ่มต้นเซสชันใหม่ โปรดลองอีกครั้ง</Event> <!-- SSOWhoAmIFailure -->
	<Event code="606">รหัสผ่านของคุณหมดอายุ</Event> <!-- SSOSessionExpired -->
	<Event code="701">พยายามจัดเตรียมผู้ใช้ใน CI</Event> <!-- CommonIdentityProvisioningUser -->
	<Event code="1001">ไม่สามารถค้นหาบริการของคุณได้โดยอัตโนมัติ โปรดคลิกการตั้งค่าขั้นสูงเพื่อตั้งค่าด้วยตนเอง</Event> <!-- ServiceDiscoveryFailure -->
	<Event code="1002">ชื่อผู้ใช้หรือรหัสผ่านของคุณไม่ถูกต้อง</Event> <!-- ServiceDiscoveryAuthenticationFailure -->
	<Event code="1003">ไม่สามารถสื่อสารกับเซิร์ฟเวอร์</Event> <!-- ServiceDiscoveryCannotConnectToCucmServer -->
	<Event code="1004">ไม่สามารถค้นหาบริการของคุณได้โดยอัตโนมัติ โปรดคลิกการตั้งค่าขั้นสูงเพื่อตั้งค่าด้วยตนเอง</Event> <!-- ServiceDiscoveryNoCucmConfiguration -->
	<Event code="1005">ไม่สามารถค้นหาบริการของคุณได้โดยอัตโนมัติ โปรดคลิกการตั้งค่าขั้นสูงเพื่อตั้งค่าด้วยตนเอง</Event> <!-- ServiceDiscoveryNoSRVRecordsFound -->
	<Event code="1006">ไม่สามารถสื่อสารกับเซิร์ฟเวอร์</Event> <!-- ServiceDiscoveryCannotConnectToEdge -->
	<Event code="1007">ไม่มีการเชื่อมต่ออินเตอร์เน็ต โปรดตรวจสอบการตั้งค่าเครือข่าย</Event> <!-- ServiceDiscoveryNoNetworkConnectivity -->
	<Event code="1008">เซิร์ฟเวอร์ไม่น่าเชื่อถือ ไม่พบเซอร์วิสใด</Event> <!-- ServiceDiscoveryUntrustedCertificate -->
  </Service>
</ServiceEventDescriptions>