﻿<?xml version="1.0" encoding="utf-8"?>
<ServiceEventDescriptions>
  <Service id="1000">
    <Event code="1">Неизвестен</Event> <!-- Unknown -->
    <Event code="2">Стартирането на набор от функции не беше успешно</Event> <!-- UnknownStartFeatureSetFailure -->
    <Event code="3">Заявеният набор от функции не бе осигурен</Event> <!-- FeatureSetNotProvisioned -->
	<Event code="8">От жизнения цикъл бе поискано да стартира или да спре, докато е в невалидно състояние.</Event> <!-- InvalidLifeCycleState -->
    <Event code="101">При връзката с/ъс {$2} бе отхвърлен невалиден сертификат {$1}. Отпечатък на сертификата: {$3}</Event> <!-- InvalidCertRejected -->
	<Event code="400">Страницата не може да бъде отворена. Опитайте отново по-късно.</Event> <!-- SSOPageLoadError -->
	<Event code="500">Неуспешно започване на нова сесия. Опитайте отново.</Event> <!-- SSOStartSessionError -->
	<Event code="600">Страницата не може да бъде отворена. Опитайте отново по-късно.</Event> <!-- SSOUnknownError -->
	<Event code="602">Неуспешно започване на нова сесия. Опитайте отново.</Event> <!-- SSOWebexCloudError -->
	<Event code="603">Не може да започне нова сесия поради проблем със сертификат. Свържете се с администратора си.</Event> <!-- SSOCertificateError -->
	<Event code="604">Опитахте се да влезете като друг потребител. За да смените потребител, трябва да нулирате Cisco Jabber.</Event> <!-- SSOInvalidUserSwitch -->
	<Event code="605">Неуспешно започване на нова сесия. Опитайте отново.</Event> <!-- SSOWhoAmIFailure -->
	<Event code="606">Вашата сесия е изтекла.</Event> <!-- SSOSessionExpired -->
	<Event code="701">Опит за осигуряване на потребител в CI</Event> <!-- CommonIdentityProvisioningUser -->
	<Event code="1001">Неуспешно автоматично откриване на вашите услуги. Щракнете върху "Разширени настройки" за ръчна настройка.</Event> <!-- ServiceDiscoveryFailure -->
	<Event code="1002">Потребителското ви име или паролата не е правилна.</Event> <!-- ServiceDiscoveryAuthenticationFailure -->
	<Event code="1003">Не може да се извърши комуникация със сървъра.</Event> <!-- ServiceDiscoveryCannotConnectToCucmServer -->
	<Event code="1004">Неуспешно автоматично откриване на вашите услуги. Щракнете върху "Разширени настройки" за ръчна настройка.</Event> <!-- ServiceDiscoveryNoCucmConfiguration -->
	<Event code="1005">Неуспешно автоматично откриване на вашите услуги. Щракнете върху "Разширени настройки" за ръчна настройка.</Event> <!-- ServiceDiscoveryNoSRVRecordsFound -->
	<Event code="1006">Не може да се извърши комуникация със сървъра.</Event> <!-- ServiceDiscoveryCannotConnectToEdge -->
	<Event code="1007">Няма връзка с интернет. Проверете мрежовите си настройки.</Event> <!-- ServiceDiscoveryNoNetworkConnectivity -->
	<Event code="1008">Ненадежден сървър. Няма открити услуги.</Event> <!-- ServiceDiscoveryUntrustedCertificate -->
  </Service>
</ServiceEventDescriptions>