﻿<?xml version="1.0" encoding="utf-8"?>
<ServiceEventDescriptions>
  <Service id="1000">
    <Event code="1">Desconhecido</Event> <!-- Unknown -->
    <Event code="2">Falha no ajuste do recurso de inicialização</Event> <!-- UnknownStartFeatureSetFailure -->
    <Event code="3">Um ajuste do recurso exigido não foi fornecido</Event> <!-- FeatureSetNotProvisioned -->
	<Event code="8">O Ciclo de Vida foi solicitado para iniciar ou parar, enquanto estiver em um estado inválido.</Event> <!-- InvalidLifeCycleState -->
    <Event code="101">O certificado inválido {$1} ao ligar a {$2} foi rejeitado. Certificado: {$3}</Event> <!-- InvalidCertRejected -->
	<Event code="400">Não é possível abrir a página. Tente novamente mais tarde</Event> <!-- SSOPageLoadError -->
	<Event code="500">Falha ao iniciar uma nova sessão. Tente novamente</Event> <!-- SSOStartSessionError -->
	<Event code="600">Não é possível abrir a página. Tente novamente mais tarde.</Event> <!-- SSOUnknownError -->
	<Event code="602">Falha ao iniciar uma nova sessão. Tente novamente</Event> <!-- SSOWebexCloudError -->
	<Event code="603">Não é possível iniciar uma nova sessão devido a um problema de certificado. Entre em contato com seu administrador.</Event> <!-- SSOCertificateError -->
	<Event code="604">Você tentou entrar como um usuário diferente. Para trocar de usuário você deve redefinir o Cisco Jabber.</Event> <!-- SSOInvalidUserSwitch -->
	<Event code="605">Falha ao iniciar uma nova sessão. Tente novamente.</Event> <!-- SSOWhoAmIFailure -->
	<Event code="606">Sua sessão expirou.</Event> <!-- SSOSessionExpired -->
	<Event code="701">Tentando aprovisionar usuário no CI</Event> <!-- CommonIdentityProvisioningUser -->
	<Event code="1001">Não é possível encontrar os seus serviços automaticamente. Clique nas Configurações avançadas para configurar manualmente.</Event> <!-- ServiceDiscoveryFailure -->
	<Event code="1002">O seu nome de usuário ou senha não está correto(a).</Event> <!-- ServiceDiscoveryAuthenticationFailure -->
	<Event code="1003">Não é possível se comunicar com o servidor.</Event> <!-- ServiceDiscoveryCannotConnectToCucmServer -->
	<Event code="1004">Não é possível encontrar os seus serviços automaticamente. Clique nas Configurações avançadas para configurar manualmente.</Event> <!-- ServiceDiscoveryNoCucmConfiguration -->
	<Event code="1005">Não é possível encontrar os seus serviços automaticamente. Clique nas Configurações avançadas para configurar manualmente.</Event> <!-- ServiceDiscoveryNoSRVRecordsFound -->
	<Event code="1006">Não é possível se comunicar com o servidor.</Event> <!-- ServiceDiscoveryCannotConnectToEdge -->
	<Event code="1007">Não há conexão à internet. Verifique as configurações de rede.</Event> <!-- ServiceDiscoveryNoNetworkConnectivity -->
	<Event code="1008">Servidor não confiável. Nenhum serviço descoberto.</Event> <!-- ServiceDiscoveryUntrustedCertificate -->
  </Service>
</ServiceEventDescriptions>