﻿<?xml version="1.0" encoding="utf-8"?>
<ServiceEventDescriptions>
  <Service id="1000">
    <Event code="1">Unbekannt</Event> <!-- Unknown -->
    <Event code="2">Features konnten nicht gestartet werden</Event> <!-- UnknownStartFeatureSetFailure -->
    <Event code="3">Die angeforderten Features wurden nicht bereitgestellt</Event> <!-- FeatureSetNotProvisioned -->
	<Event code="8">Der Lebenszyklus wurde während eines ungültigen Zustands aufgefordert zu Starten oder zu Beenden.</Event> <!-- InvalidLifeCycleState -->
    <Event code="101">Ein ungültiges Zertifikat {$1}, wurde bei Verbindung zu {$2}  abgelehnt. Zertifikat Fingerabdruck: {$3}</Event> <!-- InvalidCertRejected -->
	<Event code="400">Die Seite kann nicht geöffnet werden, versuchen Sie es später erneut.</Event> <!-- SSOPageLoadError -->
	<Event code="500">Es konnte keine neue Sitzung gestartet werden, versuchen Sie es erneut.</Event> <!-- SSOStartSessionError -->
	<Event code="600">Die Seite kann nicht geöffnet werden, versuchen Sie es später erneut.</Event> <!-- SSOUnknownError -->
	<Event code="602">Es konnte keine neue Sitzung gestartet werden, versuchen Sie es erneut.</Event> <!-- SSOWebexCloudError -->
	<Event code="603">Sie können keine neue Sitzung starten, weil ein Problem mit einem Zertifikat vorliegt. Wenden Sie sich an Ihren Administrator.</Event> <!-- SSOCertificateError -->
	<Event code="604">Sie haben versucht, sich als anderer Benutzer anzumelden. Sie müssen Cisco Jabber zurücksetzen, um den Benutzer zu wechseln.</Event> <!-- SSOInvalidUserSwitch -->
	<Event code="605">Es konnte keine neue Sitzung gestartet werden, versuchen Sie es erneut.</Event> <!-- SSOWhoAmIFailure -->
	<Event code="606">Ihre Sitzung ist abgelaufen.</Event> <!-- SSOSessionExpired -->
	<Event code="701">Es wird versucht, den Benutzer in CI bereitzustellen</Event> <!-- CommonIdentityProvisioningUser -->
	<Event code="1001">Die Services können nicht automatisch gesucht werden. Klicken Sie auf Erweiterte Einstellungen, um manuell zu suchen.</Event> <!-- ServiceDiscoveryFailure -->
	<Event code="1002">Der Benutzername oder das Kennwort ist ungültig.</Event> <!-- ServiceDiscoveryAuthenticationFailure -->
	<Event code="1003">Mit dem Server kann nicht kommuniziert werden.</Event> <!-- ServiceDiscoveryCannotConnectToCucmServer -->
	<Event code="1004">Die Services können nicht automatisch gesucht werden. Klicken Sie auf Erweiterte Einstellungen, um manuell zu suchen.</Event> <!-- ServiceDiscoveryNoCucmConfiguration -->
	<Event code="1005">Die Services können nicht automatisch gesucht werden. Klicken Sie auf Erweiterte Einstellungen, um manuell zu suchen.</Event> <!-- ServiceDiscoveryNoSRVRecordsFound -->
	<Event code="1006">Mit dem Server kann nicht kommuniziert werden.</Event> <!-- ServiceDiscoveryCannotConnectToEdge -->
	<Event code="1007">Keine Internetverbindung. Überprüfen Sie die Netzwerkeinstellungen.</Event> <!-- ServiceDiscoveryNoNetworkConnectivity -->
	<Event code="1008">Nicht vertrauenswürdige Server. Keine Dienste entdeckt.</Event> <!-- ServiceDiscoveryUntrustedCertificate -->
  </Service>
</ServiceEventDescriptions>