﻿<?xml version="1.0" encoding="utf-8"?>
<ServiceEventDescriptions>
  <Service id="1000">
    <Event code="1">غير معروف</Event> <!-- Unknown -->
    <Event code="2">فشل بدء مجموعة ميزات</Event> <!-- UnknownStartFeatureSetFailure -->
    <Event code="3">لم يتم توفير مجموعة ميزات مطلوبة</Event> <!-- FeatureSetNotProvisioned -->
	<Event code="8">دورة الحياة مطلوبة لتشغيل أو إيقاف في حين وجود حالة غير صالحة.</Event> <!-- InvalidLifeCycleState -->
    <Event code="101">تم رفض شهادة غير صالحة {$1} عند الاتصال ب {$2} شهادة بصمة الإصبع {$3}</Event> <!-- InvalidCertRejected -->
	<Event code="400">لا يمكن فتح الصفحة. الرجاء المحاولة مرة أخرى لاحقًا.</Event> <!-- SSOPageLoadError -->
	<Event code="500">فشل بدء جلسة جديدة. الرجاء المحاولة مرة أخرى.</Event> <!-- SSOStartSessionError -->
	<Event code="600">لا يمكن فتح الصفحة. الرجاء المحاولة مرة أخرى لاحقًا.</Event> <!-- SSOUnknownError -->
	<Event code="602">فشل بدء جلسة جديدة. الرجاء المحاولة مرة أخرى.</Event> <!-- SSOWebexCloudError -->
	<Event code="603">يتعذر بدء جلسة جديدة بسبب مشكلة في الشهادة. اتصل بالمسؤول.</Event> <!-- SSOCertificateError -->
	<Event code="604">لقد حاولت تسجيل الدخول كمستخدم مختلف. لتغيير المستخدم، يجب إعادة تعيين Cisco Jabber.</Event> <!-- SSOInvalidUserSwitch -->
	<Event code="605">فشل بدء جلسة جديدة. الرجاء المحاولة مرة أخرى.</Event> <!-- SSOWhoAmIFailure -->
	<Event code="606">انتهت صلاحية جلستك.</Event> <!-- SSOSessionExpired -->
	<Event code="701">محاولة توفير مستخدم في CI</Event> <!-- CommonIdentityProvisioningUser -->
	<Event code="1001">لا يمكن العثور على خدماتك تلقائيًا. انقر فوق إعدادات متقدمة للإعداد يدويًا.</Event> <!-- ServiceDiscoveryFailure -->
	<Event code="1002">اسم المستخدم أو كلمة المرور غير صحيحة.</Event> <!-- ServiceDiscoveryAuthenticationFailure -->
	<Event code="1003">لا يمكن التواصل مع الخادم.</Event> <!-- ServiceDiscoveryCannotConnectToCucmServer -->
	<Event code="1004">لا يمكن العثور على خدماتك تلقائيًا. انقر فوق إعدادات متقدمة للإعداد يدويًا.</Event> <!-- ServiceDiscoveryNoCucmConfiguration -->
	<Event code="1005">لا يمكن العثور على خدماتك تلقائيًا. انقر فوق إعدادات متقدمة للإعداد يدويًا.</Event> <!-- ServiceDiscoveryNoSRVRecordsFound -->
	<Event code="1006">لا يمكن التواصل مع الخادم.</Event> <!-- ServiceDiscoveryCannotConnectToEdge -->
	<Event code="1007">لا يوجد اتصال بالإنترنت. الرجاء التحقق من إعدادات شبكتك.</Event> <!-- ServiceDiscoveryNoNetworkConnectivity -->
	<Event code="1008">الخادم غير موثوق فيه. لم يتم إكتشاف أية خدمات.</Event> <!-- ServiceDiscoveryUntrustedCertificate -->
  </Service>
</ServiceEventDescriptions>