﻿<?xml version="1.0" encoding="utf-8"?>
<ServiceEventDescriptions>
  <Service id="1000">
    <Event code="1">Desconhecido</Event> <!-- Unknown -->
    <Event code="2">Ocorreu uma falha ao iniciar um conjunto de funcionalidades</Event> <!-- UnknownStartFeatureSetFailure -->
    <Event code="3">Um conjunto de funcionalidades solicitado não foi aprovisionado</Event> <!-- FeatureSetNotProvisioned -->
	<Event code="8">O Ciclo de Vida foi solicitada para iniciar ou parar, enquanto estiver num estado inválido.</Event> <!-- InvalidLifeCycleState -->
    <Event code="101">O certificado inválido {$1} ao ligar a {$2} foi rejeitado. Certificado: {$3}</Event> <!-- InvalidCertRejected -->
	<Event code="400">Não é possível abrir a página. Tente novamente mais tarde.</Event> <!-- SSOPageLoadError -->
	<Event code="500">Falha ao iniciar uma nova sessão. Tente novamente.</Event> <!-- SSOStartSessionError -->
	<Event code="600">Não é possível abrir a página. Tente novamente mais tarde</Event> <!-- SSOUnknownError -->
	<Event code="602">Falha ao iniciar uma nova sessão. Tente novamente</Event> <!-- SSOWebexCloudError -->
	<Event code="603">Não é possível iniciar uma nova sessão devido a um problema com um certificado. Contacte o administrador.</Event> <!-- SSOCertificateError -->
	<Event code="604">Tentou iniciar sessão como um utilizador diferente. Para mudar de utilizador, terá de repor o Cisco Jabber.</Event> <!-- SSOInvalidUserSwitch -->
	<Event code="605">Falha ao iniciar uma nova sessão. Tente novamente.</Event> <!-- SSOWhoAmIFailure -->
	<Event code="606">A sua sessão expirou.</Event> <!-- SSOSessionExpired -->
	<Event code="701">A tentar aprovisionar o utilizador no CI</Event> <!-- CommonIdentityProvisioningUser -->
	<Event code="1001">Não foi possível localizar os seus serviços automaticamente. Clique em definições avançadas para configurar manualmente.</Event> <!-- ServiceDiscoveryFailure -->
	<Event code="1002">O nome de utilizador ou a palavra-passe não estão correctos.</Event> <!-- ServiceDiscoveryAuthenticationFailure -->
	<Event code="1003">Não é possível comunicar com o servidor.</Event> <!-- ServiceDiscoveryCannotConnectToCucmServer -->
	<Event code="1004">Não foi possível localizar os seus serviços automaticamente. Clique em definições avançadas para configurar manualmente.</Event> <!-- ServiceDiscoveryNoCucmConfiguration -->
	<Event code="1005">Não foi possível localizar os seus serviços automaticamente. Clique em definições avançadas para configurar manualmente.</Event> <!-- ServiceDiscoveryNoSRVRecordsFound -->
	<Event code="1006">Não é possível comunicar com o servidor.</Event> <!-- ServiceDiscoveryCannotConnectToEdge -->
	<Event code="1007">Sem ligação à Internet. Verifique as suas definições de rede.</Event> <!-- ServiceDiscoveryNoNetworkConnectivity -->
	<Event code="1008">O servidor não é fidedigno. Nenhum serviço foi descoberto.</Event> <!-- ServiceDiscoveryUntrustedCertificate -->
  </Service>
</ServiceEventDescriptions>