﻿<?xml version="1.0" encoding="utf-8"?>
<ServiceEventDescriptions>
  <Service id="1000">
    <Event code="1">Bilinmiyor</Event> <!-- Unknown -->
    <Event code="2">Özellik kümesi başlatma başarısız oldu</Event> <!-- UnknownStartFeatureSetFailure -->
    <Event code="3">İstenen bir özellik kümesi sağlanmadı</Event> <!-- FeatureSetNotProvisioned -->
	<Event code="8">Yaşam Döngüsü geçersiz bir durumdayken Başlat veya Durdur istendi.</Event> <!-- InvalidLifeCycleState -->
    <Event code="101">{$1} Geçersiz bir sertifika  {$2} için bağlanırken reddedildi. Sertifika parmak izi: {$3}</Event> <!-- InvalidCertRejected -->
	<Event code="400">Sayfa açılamıyor. Daha sonra tekrar deneyin.</Event> <!-- SSOPageLoadError -->
	<Event code="500">Yeni oturum açılamıyor. Tekrar deneyin.</Event> <!-- SSOStartSessionError -->
	<Event code="600">Sayfa açılamıyor. Daha sonra tekrar deneyin.</Event> <!-- SSOUnknownError -->
	<Event code="602">Yeni oturum açılamıyor. Tekrar deneyin</Event> <!-- SSOWebexCloudError -->
	<Event code="603">Bir sertifika sorunu nedeniyle yeni bir oturum başlatılamıyor. Yöneticinize başvurun.</Event> <!-- SSOCertificateError -->
	<Event code="604">Farklı bir kullanıcı olarak oturum açmayı denediniz. Kullanıcı değiştirmek için Cisco Jabber'ı sıfırlamanız gerekir.</Event> <!-- SSOInvalidUserSwitch -->
	<Event code="605">Yeni oturum açılamıyor. Tekrar deneyin.</Event> <!-- SSOWhoAmIFailure -->
	<Event code="606">Oturumunuzun süresi doldu.</Event> <!-- SSOSessionExpired -->
	<Event code="701">CI'de kullanıcı sağlanmaya çalışılıyor</Event> <!-- CommonIdentityProvisioningUser -->
	<Event code="1001">Hizmetleriniz otomatik olarak bulunamıyor. El ile ayarlamak için gelişmiş ayarları tıklatın.</Event> <!-- ServiceDiscoveryFailure -->
	<Event code="1002">Kullanıcı adınız veya şifreniz yanlış.</Event> <!-- ServiceDiscoveryAuthenticationFailure -->
	<Event code="1003">Sunucu ile iletişim kurulamıyor.</Event> <!-- ServiceDiscoveryCannotConnectToCucmServer -->
	<Event code="1004">Hizmetleriniz otomatik olarak bulunamıyor. El ile ayarlamak için gelişmiş ayarları tıklatın.</Event> <!-- ServiceDiscoveryNoCucmConfiguration -->
	<Event code="1005">Hizmetleriniz otomatik olarak bulunamıyor. El ile ayarlamak için gelişmiş ayarları tıklatın.</Event> <!-- ServiceDiscoveryNoSRVRecordsFound -->
	<Event code="1006">Sunucu ile iletişim kurulamıyor.</Event> <!-- ServiceDiscoveryCannotConnectToEdge -->
	<Event code="1007">Internet bağlantısı yok. Lütfen ağ ayarlarınızı kontrol edin.</Event> <!-- ServiceDiscoveryNoNetworkConnectivity -->
	<Event code="1008">Güvenilmeyen Sunucu. Hiçbir hizmet bulunamadı.</Event> <!-- ServiceDiscoveryUntrustedCertificate -->
  </Service>
</ServiceEventDescriptions>