﻿<?xml version="1.0" encoding="utf-8"?>
<ServiceEventDescriptions>
  <Service id="1000">
    <Event code="1">Neznáme</Event> <!-- Unknown -->
    <Event code="2">Spustenie skupiny funkcií neúspešné</Event> <!-- UnknownStartFeatureSetFailure -->
    <Event code="3">Požadovaná skupina funkcií nebola zriadená</Event> <!-- FeatureSetNotProvisioned -->
	<Event code="8">Životný cyklus bol v neplatnom stave požiadaný, aby sa spustil alebo zastavil.</Event> <!-- InvalidLifeCycleState -->
    <Event code="101">Neplatný certifikát {$1} bol pri pripájaní k {$2} odmietnutý. Odtlačok prsta certifikátu: {$3}</Event> <!-- InvalidCertRejected -->
	<Event code="400">Stránka sa nedá otvoriť. Skúste to znova neskôr.</Event> <!-- SSOPageLoadError -->
	<Event code="500">Spustenie novej relácie zlyhalo. Skúste to znova.</Event> <!-- SSOStartSessionError -->
	<Event code="600">Stránka sa nedá otvoriť. Skúste to znova neskôr.</Event> <!-- SSOUnknownError -->
	<Event code="602">Spustenie novej relácie zlyhalo. Skúste to znova.</Event> <!-- SSOWebexCloudError -->
	<Event code="603">Nedá sa spustiť nová relácia z dôvodu problému s certifikátom. Obráťte sa na správcu.</Event> <!-- SSOCertificateError -->
	<Event code="604">Pokúsili ste sa prihlásiť ako iný používateľ. Ak chcete prepnúť používateľa, musíte resetovať Cisco Jabber.</Event> <!-- SSOInvalidUserSwitch -->
	<Event code="605">Spustenie novej relácie zlyhalo. Skúste to znova.</Event> <!-- SSOWhoAmIFailure -->
	<Event code="606">Platnosť relácie uplynula.</Event> <!-- SSOSessionExpired -->
	<Event code="701">Pokus o zabezpečenie používateľa v CI</Event> <!-- CommonIdentityProvisioningUser -->
	<Event code="1001">Nedá sa automaticky nájsť vaše služby. Ak ich chcete nakonfigurovať manuálne, kliknite na rozšírené nastavenia.</Event> <!-- ServiceDiscoveryFailure -->
	<Event code="1002">Nesprávne meno používateľa alebo heslo.</Event> <!-- ServiceDiscoveryAuthenticationFailure -->
	<Event code="1003">Nie je možné komunikovať so serverom.</Event> <!-- ServiceDiscoveryCannotConnectToCucmServer -->
	<Event code="1004">Nedá sa automaticky nájsť vaše služby. Ak ich chcete nakonfigurovať manuálne, kliknite na rozšírené nastavenia</Event> <!-- ServiceDiscoveryNoCucmConfiguration -->
	<Event code="1005">Nedá sa automaticky nájsť vaše služby. Ak ich chcete nakonfigurovať manuálne, kliknite na rozšírené nastavenia.</Event> <!-- ServiceDiscoveryNoSRVRecordsFound -->
	<Event code="1006">Nie je možné komunikovať so serverom.</Event> <!-- ServiceDiscoveryCannotConnectToEdge -->
	<Event code="1007">Žiadne internetové pripojenie. Skontrolujte sieťové nastavenia.</Event> <!-- ServiceDiscoveryNoNetworkConnectivity -->
	<Event code="1008">Nedôveryhodný server. Neboli rozpoznané žiadne služby.</Event> <!-- ServiceDiscoveryUntrustedCertificate -->
  </Service>
</ServiceEventDescriptions>