﻿<?xml version="1.0" encoding="utf-8"?>
<ServiceEventDescriptions>
  <Service id="1000">
    <Event code="1">Onbekend</Event> <!-- Unknown -->
    <Event code="2">Starten van een functieset is mislukt.</Event> <!-- UnknownStartFeatureSetFailure -->
    <Event code="3">Een aangevraagde functieset was niet ingericht.</Event> <!-- FeatureSetNotProvisioned -->
	<Event code="8">De Levenscyclus werd gevraagd om te starten of stoppen, terwijl in een ongeldige status.</Event> <!-- InvalidLifeCycleState -->
    <Event code="101">Een ongeldig certificaat {$1} bij het aansluiten op {$2} is afgewezen. Certificaat vingerafdruk: {$3}</Event> <!-- InvalidCertRejected -->
	<Event code="400">Kan pagina niet openen. Probeer het later opnieuw.</Event> <!-- SSOPageLoadError -->
	<Event code="500">Het starten van een nieuwe sessie is mislukt. Probeer het opnieuw.</Event> <!-- SSOStartSessionError -->
	<Event code="600">Kan pagina niet openen. Probeer het later opnieuw</Event> <!-- SSOUnknownError -->
	<Event code="602">Het starten van een nieuwe sessie is mislukt. Probeer het opnieuw</Event> <!-- SSOWebexCloudError -->
	<Event code="603">Kan geen nieuwe sessie starten wegens een certificaatprobleem. Neem contact op met de beheerder.</Event> <!-- SSOCertificateError -->
	<Event code="604">U hebt geprobeerd zich aan te melden als andere gebruiker. Als u van gebruiker wilt wisselen, moet Cisco Jabber opnieuw worden ingesteld.</Event> <!-- SSOInvalidUserSwitch -->
	<Event code="605">Het starten van een nieuwe sessie is mislukt. Probeer het opnieuw.</Event> <!-- SSOWhoAmIFailure -->
	<Event code="606">Uw sessie is verlopen.</Event> <!-- SSOSessionExpired -->
	<Event code="701">Poging om gebruiker in te richten in CI</Event> <!-- CommonIdentityProvisioningUser -->
	<Event code="1001">Kan uw services niet automatisch vinden. Klik op Geavanceerde instellingen om deze handmatig in te stellen.</Event> <!-- ServiceDiscoveryFailure -->
	<Event code="1002">Uw gebruikersnaam of wachtwoord is onjuist.</Event> <!-- ServiceDiscoveryAuthenticationFailure -->
	<Event code="1003">Kan niet met de server communiceren.</Event> <!-- ServiceDiscoveryCannotConnectToCucmServer -->
	<Event code="1004">Kan uw services niet automatisch vinden. Klik op Geavanceerde instellingen om deze handmatig in te stellen.</Event> <!-- ServiceDiscoveryNoCucmConfiguration -->
	<Event code="1005">Kan uw services niet automatisch vinden. Klik op Geavanceerde instellingen om deze handmatig in te stellen.</Event> <!-- ServiceDiscoveryNoSRVRecordsFound -->
	<Event code="1006">Kan niet met de server communiceren.</Event> <!-- ServiceDiscoveryCannotConnectToEdge -->
	<Event code="1007">Geen verbinding met internet. Controleer uw netwerkinstellingen.</Event> <!-- ServiceDiscoveryNoNetworkConnectivity -->
	<Event code="1008">Onbetrouwbare server. Geen diensten ontdekt.</Event> <!-- ServiceDiscoveryUntrustedCertificate -->
  </Service>
</ServiceEventDescriptions>