﻿<?xml version="1.0" encoding="utf-8"?>
<ServiceEventDescriptions>
  <Service id="1000">
    <Event code="1">Neznano</Event> <!-- Unknown -->
    <Event code="2">Zagon sklopa funkcij ni uspel</Event> <!-- UnknownStartFeatureSetFailure -->
    <Event code="3">Zahtevani sklop funkcij ni na voljo</Event> <!-- FeatureSetNotProvisioned -->
	<Event code="8">Življenjski cikel se je moral zagnati ali zaustaviti, ko je bil v neveljavnem stanju.</Event> <!-- InvalidLifeCycleState -->
    <Event code="101">Neveljaven certifikat {$1} pri vzpostavljanju povezave s {$2} je bil zavrnjen. Prstni odtis certifikata: {$3}</Event> <!-- InvalidCertRejected -->
	<Event code="400">Strani ni mogoče odpreti. Poskusite znova pozneje.</Event> <!-- SSOPageLoadError -->
	<Event code="500">Nove seje ni bilo mogoče začeti. Poskusite znova.</Event> <!-- SSOStartSessionError -->
	<Event code="600">Strani ni mogoče odpreti. Poskusite znova pozneje</Event> <!-- SSOUnknownError -->
	<Event code="602">Nove seje ni bilo mogoče začeti. Poskusite znova.</Event> <!-- SSOWebexCloudError -->
	<Event code="603">Nove seje ni mogoče zagnati zaradi težav s certifikatom. Obrnite se na skrbnika.</Event> <!-- SSOCertificateError -->
	<Event code="604">Poskušali ste se vpisati kot drug uporabnik. Za preklop med uporabniki morate ponastaviti Cisco Jabber.</Event> <!-- SSOInvalidUserSwitch -->
	<Event code="605">Nove seje ni bilo mogoče začeti. Poskusite znova.</Event> <!-- SSOWhoAmIFailure -->
	<Event code="606">Vaša seja je potekla.</Event> <!-- SSOSessionExpired -->
	<Event code="701">Poskus omogočanja uporabnika v CI</Event> <!-- CommonIdentityProvisioningUser -->
	<Event code="1001">Vaših storitev ni mogoče najti samodejno. Kliknite napredne nastavitve za ročno nastavitev.</Event> <!-- ServiceDiscoveryFailure -->
	<Event code="1002">Uporabniško ime ali geslo ni pravilno.</Event> <!-- ServiceDiscoveryAuthenticationFailure -->
	<Event code="1003">Komunikacija s strežnikom ni mogoča.</Event> <!-- ServiceDiscoveryCannotConnectToCucmServer -->
	<Event code="1004">Vaših storitev ni mogoče najti samodejno. Kliknite napredne nastavitve za ročno nastavitev.</Event> <!-- ServiceDiscoveryNoCucmConfiguration -->
	<Event code="1005">Vaših storitev ni mogoče najti samodejno. Kliknite napredne nastavitve za ročno nastavitev.</Event> <!-- ServiceDiscoveryNoSRVRecordsFound -->
	<Event code="1006">Komunikacija s strežnikom ni mogoča.</Event> <!-- ServiceDiscoveryCannotConnectToEdge -->
	<Event code="1007">Ni internetne povezave. Preverite svoje omrežne nastavitve.</Event> <!-- ServiceDiscoveryNoNetworkConnectivity -->
	<Event code="1008">Strežnik ni vreden zaupanja.  Ni odkritih storitev.</Event> <!-- ServiceDiscoveryUntrustedCertificate -->
  </Service>
</ServiceEventDescriptions>