﻿<?xml version="1.0" encoding="utf-8"?>
<ServiceEventDescriptions>
  <Service id="1000">
    <Event code="1">Nieznany</Event> <!-- Unknown -->
    <Event code="2">Uruchomienie zestawu funkcji nie powiodło się</Event> <!-- UnknownStartFeatureSetFailure -->
    <Event code="3">Żądany zestaw funkcji nie został udostępniony</Event> <!-- FeatureSetNotProvisioned -->
	<Event code="8">Żądanie aby Zatrzymać lub Uruchomić czas trwania podczas nieprawidłowego stanu.</Event> <!-- InvalidLifeCycleState -->
    <Event code="101">Nieprawidłowy certyfikat {$1} podczas podłączania do {$2} został odrzucony. Certyfikat odcisku palca: {$3}</Event> <!-- InvalidCertRejected -->
	<Event code="400">Nie można otworzyć strony. Spróbuj ponownie później.</Event> <!-- SSOPageLoadError -->
	<Event code="500">Nie można rozpocząć nowej sesji. Spróbuj ponownie.</Event> <!-- SSOStartSessionError -->
	<Event code="600">Nie można otworzyć strony. Spróbuj ponownie później.</Event> <!-- SSOUnknownError -->
	<Event code="602">Nie można rozpocząć nowej sesji. Spróbuj ponownie.</Event> <!-- SSOWebexCloudError -->
	<Event code="603">Nie można rozpocząć nowej sesji z powodu problemu z certyfikatem. Skontaktuj się z administratorem.</Event> <!-- SSOCertificateError -->
	<Event code="604">Próbujesz zalogować się jako inny użytkownik. Aby przełączyć użytkownika, musisz zresetować aplikację Cisco Jabber.</Event> <!-- SSOInvalidUserSwitch -->
	<Event code="605">Nie można rozpocząć nowej sesji. Spróbuj ponownie.</Event> <!-- SSOWhoAmIFailure -->
	<Event code="606">Twoja sesja wygasła.</Event> <!-- SSOSessionExpired -->
	<Event code="701">Próba skonfigurowania użytkownika w CI</Event> <!-- CommonIdentityProvisioningUser -->
	<Event code="1001">Nie udało się automatycznie znaleźć usług. Kliknij ustawienia zaawansowane, aby skonfigurować ręcznie.</Event> <!-- ServiceDiscoveryFailure -->
	<Event code="1002">Podana nazwa użytkownika lub podane hasło jest nieprawidłowe.</Event> <!-- ServiceDiscoveryAuthenticationFailure -->
	<Event code="1003">Nie można nawiązać komunikacji z serwerem.</Event> <!-- ServiceDiscoveryCannotConnectToCucmServer -->
	<Event code="1004">Nie udało się automatycznie znaleźć usług. Kliknij ustawienia zaawansowane, aby skonfigurować ręcznie.</Event> <!-- ServiceDiscoveryNoCucmConfiguration -->
	<Event code="1005">Nie udało się automatycznie znaleźć usług. Kliknij ustawienia zaawansowane, aby skonfigurować ręcznie.</Event> <!-- ServiceDiscoveryNoSRVRecordsFound -->
	<Event code="1006">Nie można nawiązać komunikacji z serwerem.</Event> <!-- ServiceDiscoveryCannotConnectToEdge -->
	<Event code="1007">Brak połączenia z Internetem. Sprawdź ustawienia sieci.</Event> <!-- ServiceDiscoveryNoNetworkConnectivity -->
	<Event code="1008">Niezaufany serwer. Nie wykryto żadnych usług.</Event> <!-- ServiceDiscoveryUntrustedCertificate -->
  </Service>
</ServiceEventDescriptions>