﻿<?xml version="1.0" encoding="utf-8"?>
<ServiceEventDescriptions>
  <Service id="1000">
    <Event code="1">Άγνωστο</Event> <!-- Unknown -->
    <Event code="2">Αποτυχία έναρξης συνόλου δυνατοτήτων</Event> <!-- UnknownStartFeatureSetFailure -->
    <Event code="3">Κάποιο από τα σύνολα δυνατοτήτων που ζητήθηκαν δεν παρέχεται</Event> <!-- FeatureSetNotProvisioned -->
	<Event code="8">Το Lifecycle κλήθηκε να αρχίσει ή να σταματήσει, ενώ βρισκόταν σε μη έγκυρη κατάσταση.</Event> <!-- InvalidLifeCycleState -->
    <Event code="101">Μη έγκυρο πιστοποιητικό {$1} απερρίφθη {$2} κατά την σύνδεση. Πιστοποιητικό εγκύροτητος: {$3}</Event> <!-- InvalidCertRejected -->
	<Event code="400">Δεν είναι δυνατό το άνοιγμα της σελίδας. Δοκιμάστε ξανά αργότερα.</Event> <!-- SSOPageLoadError -->
	<Event code="500">Απέτυχε η έναρξη νέας περιόδου λειτουργίας. Δοκιμάστε ξανά.</Event> <!-- SSOStartSessionError -->
	<Event code="600">Δεν είναι δυνατό το άνοιγμα της σελίδας. Δοκιμάστε ξανά αργότερα.</Event> <!-- SSOUnknownError -->
	<Event code="602">Απέτυχε η έναρξη νέας περιόδου λειτουργίας. Δοκιμάστε ξανά.</Event> <!-- SSOWebexCloudError -->
	<Event code="603">Δεν είναι δυνατή η έναρξη νέας περιόδου λειτουργίας εξαιτίας κάποιου προβλήματος πιστοποιητικού. Επικοινωνήστε με το διαχειριστή σας.</Event> <!-- SSOCertificateError -->
	<Event code="604">Επιχειρήσατε να συνδεθείτε ως διαφορετικός χρήστης. Για την αλλαγή χρήστη θα πρέπει να επαναφέρετε το Cisco Jabber.</Event> <!-- SSOInvalidUserSwitch -->
	<Event code="605">Απέτυχε η έναρξη νέας περιόδου λειτουργίας. Δοκιμάστε ξανά.</Event> <!-- SSOWhoAmIFailure -->
	<Event code="606">Η περίοδος λειτουργίας έληξε.</Event> <!-- SSOSessionExpired -->
	<Event code="701">Προσπάθεια παροχής χρήστη σε CI</Event> <!-- CommonIdentityProvisioningUser -->
	<Event code="1001">Δεν είναι δυνατή η αυτόματη εύρεση των υπηρεσιών σας. Κάντε κλικ στις σύνθετες ρυθμίσεις για μη αυτόματη ρύθμιση.</Event> <!-- ServiceDiscoveryFailure -->
	<Event code="1002">Εσφαλμένο όνομα χρήστη ή κωδικός πρόσβασης.</Event> <!-- ServiceDiscoveryAuthenticationFailure -->
	<Event code="1003">Δεν είναι δυνατή η επικοινωνία με το διακομιστή.</Event> <!-- ServiceDiscoveryCannotConnectToCucmServer -->
	<Event code="1004">Δεν είναι δυνατή η αυτόματη εύρεση των υπηρεσιών σας. Κάντε κλικ στις σύνθετες ρυθμίσεις για μη αυτόματη ρύθμιση.</Event> <!-- ServiceDiscoveryNoCucmConfiguration -->
	<Event code="1005">Δεν είναι δυνατή η αυτόματη εύρεση των υπηρεσιών σας. Κάντε κλικ στις σύνθετες ρυθμίσεις για μη αυτόματη ρύθμιση</Event> <!-- ServiceDiscoveryNoSRVRecordsFound -->
	<Event code="1006">Δεν είναι δυνατή η επικοινωνία με το διακομιστή.</Event> <!-- ServiceDiscoveryCannotConnectToEdge -->
	<Event code="1007">Δεν υπάρχει σύνδεση στο Internet. Ελέγξτε τις ρυθμίσεις δικτύου σας.</Event> <!-- ServiceDiscoveryNoNetworkConnectivity -->
	<Event code="1008">Μη αξιόπιστος διακομιστής. Δεν βρέθηκε καμία υπηρεσία.</Event> <!-- ServiceDiscoveryUntrustedCertificate -->
  </Service>
</ServiceEventDescriptions>