﻿<?xml version="1.0" encoding="utf-8"?>
<ServiceEventDescriptions>
  <Service id="1000">
    <Event code="1">Unknown</Event> <!-- Unknown -->
    <Event code="2">Starting a feature set failed</Event> <!-- UnknownStartFeatureSetFailure -->
    <Event code="3">A requested feature set was not provisioned</Event> <!-- FeatureSetNotProvisioned -->
	<Event code="8">The Lifecycle was requested to Start or Stop while in an invalid state.</Event> <!-- InvalidLifeCycleState -->
    <Event code="101">An invalid certificate {$1} when connecting to {$2} has been rejected. Certificate fingerprint: {$3}</Event> <!-- InvalidCertRejected -->
	<Event code="400">Cannot open page. Try again later.</Event> <!-- SSOPageLoadError -->
	<Event code="500">Failed to start a new session. Try again.</Event> <!-- SSOStartSessionError -->
	<Event code="600">Cannot open page. Try again later.</Event> <!-- SSOUnknownError -->
	<Event code="602">Failed to start a new session. Try again.</Event> <!-- SSOWebexCloudError -->
	<Event code="603">Cannot start a new session due to a certificate problem. Contact your administrator.</Event> <!-- SSOCertificateError -->
	<Event code="604">You have attempted to sign in as a different user. To switch user you must reset Cisco Jabber.</Event> <!-- SSOInvalidUserSwitch -->
	<Event code="605">Failed to start a new session. Try again.</Event> <!-- SSOWhoAmIFailure -->
	<Event code="606">Your session has expired.</Event> <!-- SSOSessionExpired -->
	<Event code="701">Attempting to provision user in CI</Event> <!-- CommonIdentityProvisioningUser -->
	<Event code="1001">Cannot find your services automatically. Click advanced settings to set up manually.</Event> <!-- ServiceDiscoveryFailure -->
	<Event code="1002">Your username or password is not correct.</Event> <!-- ServiceDiscoveryAuthenticationFailure -->
	<Event code="1003">Cannot communicate with the server.</Event> <!-- ServiceDiscoveryCannotConnectToCucmServer -->
	<Event code="1004">Cannot find your services automatically. Click advanced settings to set up manually.</Event> <!-- ServiceDiscoveryNoCucmConfiguration -->
	<Event code="1005">Cannot find your services automatically. Click advanced settings to set up manually.</Event> <!-- ServiceDiscoveryNoSRVRecordsFound -->
	<Event code="1006">Cannot communicate with the server.</Event> <!-- ServiceDiscoveryCannotConnectToEdge -->
	<Event code="1007">No internet connection. Please check your network settings.</Event> <!-- ServiceDiscoveryNoNetworkConnectivity -->
	<Event code="1008">Untrusted server. No services discovered.</Event> <!-- ServiceDiscoveryUntrustedCertificate -->
  </Service>
</ServiceEventDescriptions>