﻿<?xml version="1.0" encoding="utf-8"?>
<ServiceEventDescriptions>
  <Service id="1000">
    <Event code="1">未知</Event> <!-- Unknown -->
    <Event code="2">启动功能集失败</Event> <!-- UnknownStartFeatureSetFailure -->
    <Event code="3">未配置请求的功能集</Event> <!-- FeatureSetNotProvisioned -->
	<Event code="8">生命周期在无效状态时被要求启动和终止。</Event> <!-- InvalidLifeCycleState -->
    <Event code="101">当连接到 {$2} 时，无效的{$1}证书被拒绝了。验证指纹: {$3}</Event> <!-- InvalidCertRejected -->
	<Event code="400">无法打开页面。请稍后重试。</Event> <!-- SSOPageLoadError -->
	<Event code="500">无法启动新会话。请重试。</Event> <!-- SSOStartSessionError -->
	<Event code="600">无法打开页面。请稍后重试。</Event> <!-- SSOUnknownError -->
	<Event code="602">无法启动新会话。请重试。</Event> <!-- SSOWebexCloudError -->
	<Event code="603">由于证书问题，无法启动新会话。请与管理员联系。</Event> <!-- SSOCertificateError -->
	<Event code="604">您尝试以不同的用户身份登录。要切换用户，必须重置 Cisco Jabber。</Event> <!-- SSOInvalidUserSwitch -->
	<Event code="605">无法启动新会话。请重试。</Event> <!-- SSOWhoAmIFailure -->
	<Event code="606">您的会话已过期。</Event> <!-- SSOSessionExpired -->
	<Event code="701">正在尝试在 CI 中配置用户</Event> <!-- CommonIdentityProvisioningUser -->
	<Event code="1001">无法自动查找服务。单击 [高级设置] 以手动设置。</Event> <!-- ServiceDiscoveryFailure -->
	<Event code="1002">用户名或密码不正确。</Event> <!-- ServiceDiscoveryAuthenticationFailure -->
	<Event code="1003">无法与服务器通信。</Event> <!-- ServiceDiscoveryCannotConnectToCucmServer -->
	<Event code="1004">无法自动查找服务。单击 [高级设置] 以手动设置。</Event> <!-- ServiceDiscoveryNoCucmConfiguration -->
	<Event code="1005">无法自动查找服务。单击 [高级设置] 以手动设置。</Event> <!-- ServiceDiscoveryNoSRVRecordsFound -->
	<Event code="1006">无法与服务器通信。</Event> <!-- ServiceDiscoveryCannotConnectToEdge -->
	<Event code="1007">没有 Internet 连接。请检查您的网络设置。</Event> <!-- ServiceDiscoveryNoNetworkConnectivity -->
	<Event code="1008">不可信的服务器。没有发现服务器。</Event> <!-- ServiceDiscoveryUntrustedCertificate -->
  </Service>
</ServiceEventDescriptions>