﻿<?xml version="1.0" encoding="utf-8"?>
<ServiceEventDescriptions>
  <Service id="1200">
    <Event code="1">לשירות הנוכחות אין אפשרות להשלים את הבקשה.</Event>

    <!-- 200 range, stack errors -->
    <Event code="200">לא ניתן להיכנס.</Event>
    <Event code="201">שם המשתמש או הסיסמה שגויים.</Event>
    <Event code="202">לא ניתן להתחבר לשרת.&#13;&#10;שגיאת שרת פנימית</Event>
    <Event code="203">פג תוקף הסיסמה שלך.&#13;&#10;פנה למנהל המערכת.</Event>
    <Event code="204">פנה למנהל המערכת לשדרוג Cisco Jabber‏.</Event>
    <Event code="205">הכניסה בוטלה.</Event>
    <Event code="206">החשבון שלך נעול.&#13;&#10;פנה למנהל המערכת.</Event>
    <Event code="207">החשבון שלך לא פעיל.&#13;&#10;פנה למנהל המערכת.</Event>
    <Event code="208">אין אפשרות לקיים תקשורת עם השרת.</Event>
    <Event code="209">אישור כניסה לא חוקיים.</Event>
	<Event code="210">האישור אינו תקף</Event>

    <!-- 300 range, adapter errors -->
    <Event code="300">לא ניתן לקיים תקשורת עם השרת.&#13;&#10;תם הזמן הקצוב לחיבור.</Event>
    <Event code="301">לא צוין שם משתמש.</Event>
    <Event code="302">לא צוינה סיסמה.</Event>
    <Event code="303">ספק פרטי שרת.</Event>
    <Event code="304">אין אפשרות לקיים תקשורת עם השרת.</Event>
    <Event code="305">ספק פרטי שרת.</Event>
	<Event code="306">אין אפשרות לקיים תקשורת עם השרת.</Event> <!-- This is an Edge Configuration error -->

    <!-- 400 range, failed commands -->
    <Event code="400">תם הזמן הקצוב לבקשת ההתנתקות.</Event>
    <Event code="401">בקשת ההתנתקות נכשלה.</Event>
    <Event code="402">פעולת הכיבוי נכשלה.</Event>
    <Event code="403">לא היתה אפשרות להפעיל את שירות הנוכחות.</Event>
  </Service>
  <Service id="1201">
    <Event code="1">לשירות ההודעות המיידיות אין אפשרות להשלים את הבקשה.</Event>
  </Service>
</ServiceEventDescriptions>
