﻿<?xml version="1.0" encoding="utf-8"?>
<ServiceEventDescriptions>
  <Service id="1200">
    <Event code="1">El servicio de disponibilidad no puede completar una petición.</Event>

    <!-- 200 range, stack errors -->
    <Event code="200">No se puede iniciar sesión.</Event>
    <Event code="201">El nombre de usuario o la contraseña no son correctos.</Event>
    <Event code="202">No se puede establecer conexión con el servidor.&#13;&#10;Error de servidor interno.</Event>
    <Event code="203">La contraseña ha caducado.&#13;&#10;Póngase en contacto con el administrador del sistema.</Event>
    <Event code="204">Póngase en contacto con el administrador del sistema para actualizar Cisco Jabber.</Event>
    <Event code="205">Se ha cancelado el inicio de sesión.</Event>
    <Event code="206">La cuenta está bloqueada.&#13;&#10;Póngase en contacto con el administrador del sistema.</Event>
    <Event code="207">La cuenta no está activa.&#13;&#10;Póngase en contacto con el administrador del sistema.</Event>
    <Event code="208">No se puede comunicar con el servidor.</Event>
    <Event code="209">Las credenciales de inicio de sesión no son válidas</Event>
	<Event code="210">Certificado no válido</Event>

    <!-- 300 range, adapter errors -->
    <Event code="300">No se puede comunicar con el servidor.&#13;&#10;Se ha agotado el tiempo de conexión.</Event>
    <Event code="301">No se ha especificado un nombre de usuario.</Event>
    <Event code="302">No se ha especificado una contraseña.</Event>
    <Event code="303">Introduzca la información del servidor.</Event>
    <Event code="304">No se puede comunicar con el servidor.</Event>
    <Event code="305">Introduzca la información del servidor.</Event>
	<Event code="306">No se puede comunicar con el servidor.</Event> <!-- This is an Edge Configuration error -->

    <!-- 400 range, failed commands -->
    <Event code="400">Se ha agotado el tiempo de cierre de sesión.</Event>
    <Event code="401">Error en petición de cierre de sesión.</Event>
    <Event code="402">Error al cerrar.</Event>
    <Event code="403">No se ha podido iniciar el servicio de disponibilidad.</Event>
  </Service>
  <Service id="1201">
    <Event code="1">El servicio de mensajería instantánea no ha podido completar una petición.</Event>
  </Service>
</ServiceEventDescriptions>
