﻿<?xml version="1.0" encoding="utf-8"?> 
<ServiceStrings> 
	<Service id="1200">
		<String code="Available">זמין</String>
		<String code="Busy">תפוס</String>
		<String code="Dnd">נא לא להפריע</String>
		<String code="Offline">לא מקוון</String>
		<String code="Away">רחוק מהמחשב</String>
		<String code="Unknown">לא ידוע</String>
		<String code="InAMeeting">בפגישה</String>
		<String code="OnACall">בשיחה</String>
		<String code="Presenting">הצגה</String> 
		<String code="OfflineInAMeeting">לא מקוון, בפגישה</String>
		<String code="OfflineOnACall">לא מקוון, בשיחה</String> 
		<String code="WbxMeeting">בפגישת WebEx‏</String>
		<String code="OfflineWbxMeeting">לא מקוון, בפגישת WebEx</String>
		<String code="CUPProductName">Cisco Unified Presence 8.x</String>
		<String code="WebExProductName">שירות ההודעות המיידיות WebEx</String>
		<String code="PresenceServerKeyName">כתובת שרת:</String>
		<String code="InAMeetingOnACall">בפגישה, בשיחה</String>
		<String code="OfflineInAMeetingOnACall">לא מקוון, בפגישה, בשיחה</String>
	</Service> 
	<Service id="1201">
		<String code="GroupChat">צ'אט קבוצתי</String>
		<String code="MyMentions">האזכורים שלי</String>
	</Service> 
</ServiceStrings>