﻿<?xml version="1.0" encoding="utf-8"?> 
<ServiceStrings> 
	<Service id="1200">
		<String code="Available">K dispozici</String>
		<String code="Busy">Zaneprázdněn</String>
		<String code="Dnd">Nerušit</String>
		<String code="Offline">Nedostupný</String>
		<String code="Away">Jsem pryč</String>
		<String code="Unknown">Neznámý</String>
		<String code="InAMeeting">Na schůzce</String>
		<String code="OnACall">Na telefonu</String>
		<String code="Presenting">Prezentuje</String> 
		<String code="OfflineInAMeeting">Offline, na schůzce</String>
		<String code="OfflineOnACall">Offline, na telefonu</String> 
		<String code="WbxMeeting">Na schůzce služby WebEx</String>
		<String code="OfflineWbxMeeting">Offline, na schůzce služby WebEx</String>
		<String code="CUPProductName">Cisco Unified Presence 8.x</String>
		<String code="WebExProductName">WebEx Messenger</String>
		<String code="PresenceServerKeyName">Adresa serveru:</String>
		<String code="InAMeetingOnACall">Na schůzce, hovoří</String>
		<String code="OfflineInAMeetingOnACall">Offline, na schůzce, hovoří</String>
	</Service> 
	<Service id="1201">
		<String code="GroupChat">Skupinový chat</String>
		<String code="MyMentions">Moje připomínky</String>
	</Service> 
</ServiceStrings>