﻿<?xml version="1.0" encoding="utf-8"?>
<ServiceEventDescriptions>
  <Service id="1200">
    <Event code="1">Não foi possível ao serviço de presenças concluir um pedido.</Event>

    <!-- 200 range, stack errors -->
    <Event code="200">Não é possível iniciar sessão.</Event>
    <Event code="201">O nome de utilizador ou a palavra-passe não está correcta.</Event>
    <Event code="202">Não é possível estabelecer ligação ao servidor.&#13;&#10;Erro do servidor interno</Event>
    <Event code="203">A sua conta expirou.&#13;&#10;Contacte o administrador.</Event>
    <Event code="204">Contacte o administrador para actualizar o Cisco Jabber.</Event>
    <Event code="205">Início de sessão cancelado.</Event>
    <Event code="206">A sua conta está bloqueada.&#13;&#10;Contacte o administrador.</Event>
    <Event code="207">A sua conta está inactiva.&#13;&#10;Contacte o administrador.</Event>
    <Event code="208">Não é possível comunicar com o servidor.</Event>
    <Event code="209">Credenciais de início de sessão inválidas</Event>
	<Event code="210">Certificado não válido</Event>

    <!-- 300 range, adapter errors -->
    <Event code="300">Não é possível comunicar com o servidor.&#13;&#10;Tempo esgotado de ligação.</Event>
    <Event code="301">Nenhum nome de utilizador especificado.</Event>
    <Event code="302">Nenhuma palavra-passe especificada.</Event>
    <Event code="303">Forneça as informações do servidor.</Event>
    <Event code="304">Não é possível comunicar com o servidor.</Event>
    <Event code="305">Forneça as informações do servidor.</Event>
	<Event code="306">Não é possível comunicar com o servidor.</Event> <!-- This is an Edge Configuration error -->

    <!-- 400 range, failed commands -->
    <Event code="400">Tempo esgotado de pedido para terminar sessão.</Event>
    <Event code="401">Falha ao pedir para terminar sessão.</Event>
    <Event code="402">Falha ao encerrar.</Event>
    <Event code="403">Não foi possível iniciar o serviço de presenças.</Event>
  </Service>
  <Service id="1201">
    <Event code="1">Não foi possível ao serviço de mensagens instantâneas concluir um pedido.</Event>
  </Service>
</ServiceEventDescriptions>
