﻿<?xml version="1.0" encoding="utf-8"?>
<ServiceEventDescriptions>
  <Service id="1200">
    <Event code="1">O serviço Presence não conseguiu finalizar uma solicitação.</Event>

    <!-- 200 range, stack errors -->
    <Event code="200">Não é possível iniciar sessão.</Event>
    <Event code="201">O seu nome de usuário ou senha não está correto(a).</Event>
    <Event code="202">Não é possível se conectar ao servidor.&#13;&#10;Erro interno do servidor</Event>
    <Event code="203">Sua senha expirou.&#13;&#10;Contate o administrador do sistema.</Event>
    <Event code="204">Contate o administrador do sistema para atualizar o Cisco Jabber.</Event>
    <Event code="205">O início de sessão foi cancelado.</Event>
    <Event code="206">Sua conta está bloqueada.&#13;&#10;Contate o administrador do sistema.</Event>
    <Event code="207">Sua conta está inativa.&#13;&#10;Contate o administrador do sistema.</Event>
    <Event code="208">Não é possível se comunicar com o servidor.</Event>
    <Event code="209">Credenciais de início de sessão inválidas</Event>
	<Event code="210">Certificado inválido</Event>

    <!-- 300 range, adapter errors -->
    <Event code="300">Não é possível se comunicar com o servidor.&#13;&#10;Tempo limite de conexão esgotado.</Event>
    <Event code="301">Nome de usuário não especificado.</Event>
    <Event code="302">Senha não especificada.</Event>
    <Event code="303">Forneça as informações do servidor.</Event>
    <Event code="304">Não é possível se comunicar com o servidor.</Event>
    <Event code="305">Forneça as informações do servidor.</Event>
	<Event code="306">Não é possível se comunicar com o servidor.</Event> <!-- This is an Edge Configuration error -->

    <!-- 400 range, failed commands -->
    <Event code="400">O tempo limite da solicitação do encerramento de sessão esgotou.</Event>
    <Event code="401">Falha na solicitação do encerramento de sessão.</Event>
    <Event code="402">Falha no encerramento.</Event>
    <Event code="403">Não foi possível iniciar o servidor Presence.</Event>
  </Service>
  <Service id="1201">
    <Event code="1">O servidor de mensagens instantâneas não conseguiu finalizar uma solicitação.</Event>
  </Service>
</ServiceEventDescriptions>
