﻿<?xml version="1.0" encoding="utf-8"?> 
<ServiceStrings> 
	<Service id="1200">
		<String code="Available">Käytettävissä</String>
		<String code="Busy">Varattu</String>
		<String code="Dnd">Ei saa häiritä</String>
		<String code="Offline">Offline</String>
		<String code="Away">Poissa</String>
		<String code="Unknown">Tuntematon</String>
		<String code="InAMeeting">Kokouksessa</String>
		<String code="OnACall">Puhelimessa</String>
		<String code="Presenting">Esitystä pitämässä</String> 
		<String code="OfflineInAMeeting">Offline, kokouksessa</String>
		<String code="OfflineOnACall">Offline, puhelimessa</String> 
		<String code="WbxMeeting">WebEx-kokouksessa</String>
		<String code="OfflineWbxMeeting">Offline, WebEx-kokouksessa</String>
		<String code="CUPProductName">Cisco Unified Presence 8.x</String>
		<String code="WebExProductName">WebEx Messenger</String>
		<String code="PresenceServerKeyName">Palvelinosoite:</String>
		<String code="InAMeetingOnACall">Kokouksessa, puhelimessa</String>
		<String code="OfflineInAMeetingOnACall">Offline, kokouksessa, puhelimessa</String>
	</Service> 
	<Service id="1201">
		<String code="GroupChat">Ryhmäkeskustelu</String>
		<String code="MyMentions">Omat maininnat</String>
	</Service> 
</ServiceStrings>