﻿<?xml version="1.0" encoding="utf-8"?>
<ServiceEventDescriptions>
  <Service id="1200">
    <Event code="1">出席服务无法完成请求。</Event>

    <!-- 200 range, stack errors -->
    <Event code="200">无法登录。</Event>
    <Event code="201">用户名或密码不正确。</Event>
    <Event code="202">无法连接服务器。&#13;&#10;服务器内部错误。</Event>
    <Event code="203">您的密码已过期。&#13;&#10;请联系系统管理员。</Event>
    <Event code="204">联系系统管理员以升级 Cisco Jabber。</Event>
    <Event code="205">登录已取消。</Event>
    <Event code="206">您的帐户已锁定。&#13;&#10;请联系系统管理员。</Event>
    <Event code="207">您的帐户处于非活动状态。&#13;&#10;请联系系统管理员。</Event>
    <Event code="208">无法与服务器通信。</Event>
    <Event code="209">登录凭证无效</Event>
	<Event code="210">证书无效</Event>

    <!-- 300 range, adapter errors -->
    <Event code="300">无法与服务器通信。&#13;&#10;连接超时。</Event>
    <Event code="301">未指定用户名。</Event>
    <Event code="302">未指定密码。</Event>
    <Event code="303">提供服务器信息。</Event>
    <Event code="304">无法与服务器通信。</Event>
    <Event code="305">提供服务器信息。</Event>
	<Event code="306">无法与服务器通信。</Event> <!-- This is an Edge Configuration error -->

    <!-- 400 range, failed commands -->
    <Event code="400">注销请求超时。</Event>
    <Event code="401">注销请求失败。</Event>
    <Event code="402">关机失败。</Event>
    <Event code="403">出席服务无法启动。</Event>
  </Service>
  <Service id="1201">
    <Event code="1">即时消息服务无法完成请求。</Event>
  </Service>
</ServiceEventDescriptions>
