﻿<?xml version="1.0" encoding="utf-8"?>
<ServiceEventDescriptions>
  <Service id="1200">
    <Event code="1">Usluga prisutnosti nije mogla dovršiti zahtjev</Event>

    <!-- 200 range, stack errors -->
    <Event code="200">Nije moguća prijava.</Event>
    <Event code="201">Korisničko ime ili lozinka nisu ispravni.</Event>
    <Event code="202">Nije moguća veza s poslužiteljem.&#13;&#10;Unutarnja pogreška poslužitelja</Event>
    <Event code="203">Lozinka je istekla.&#13;&#10;Kontaktirajte administratora sustava.</Event>
    <Event code="204">Kontaktirajte administratora sustava za nadogradnju usluge Cisco Jabber.</Event>
    <Event code="205">Prijava je otkazana</Event>
    <Event code="206">Vaš račun je zaključan.&#13;&#10;Kontaktirajte administratora sustava.</Event>
    <Event code="207">Vaš račun je neaktivan.&#13;&#10;Kontaktirajte administratora sustava.</Event>
    <Event code="208">Nije moguća komunikacija s poslužiteljem</Event>
    <Event code="209">Neispravan znak u vjerodajnicama</Event>
	<Event code="210">Certifikat nije valjan</Event>

    <!-- 300 range, adapter errors -->
    <Event code="300">Nije moguća komunikacija s poslužiteljem.&#13;&#10;Veza je istekla</Event>
    <Event code="301">Nije navedeno korisničko ime</Event>
    <Event code="302">Nije navedena lozinka</Event>
    <Event code="303">Navedite podatke o poslužitelju</Event>
    <Event code="304">Nije moguća komunikacija s poslužiteljem</Event>
    <Event code="305">Navedite podatke o poslužitelju</Event>
	<Event code="306">Nije moguća komunikacija s poslužiteljem</Event> <!-- This is an Edge Configuration error -->

    <!-- 400 range, failed commands -->
    <Event code="400">Zahtjev za odjavu je istekao</Event>
    <Event code="401">Zahtjev za odjavu nije uspio</Event>
    <Event code="402">Isključivanje nije uspjelo</Event>
    <Event code="403">Usluga prisutnosti nije se mogla pokrenuti.</Event>
  </Service>
  <Service id="1201">
    <Event code="1">IM usluga nije mogla dovršiti zahtjev.</Event>
  </Service>
</ServiceEventDescriptions>
