﻿<?xml version="1.0" encoding="utf-8"?>
<ServiceEventDescriptions>
  <Service id="1200">
    <Event code="1">Der Presence-Service kann die Anforderung nicht beenden.</Event>

    <!-- 200 range, stack errors -->
    <Event code="200">Anmeldung nicht möglich.</Event>
    <Event code="201">Der Benutzername oder das Kennwort ist ungültig.</Event>
    <Event code="202">Die Verbindung mit dem Server kann nicht hergestellt werden.&#13;&#10;Interner Serverfehler</Event>
    <Event code="203">Ihr Kennwort ist abgelaufen.&#13;&#10;Wenden Sie sich an den Systemadministrator.</Event>
    <Event code="204">Wenden Sie sich an den Systemadministrator, um Cisco Jabber zu aktualisieren.</Event>
    <Event code="205">Anmeldung abgebrochen.</Event>
    <Event code="206">Ihr Konto ist gesperrt.&#13;&#10;Wenden Sie sich an den Systemadministrator.</Event>
    <Event code="207">Ihr Konto ist nicht aktiv.&#13;&#10;Wenden Sie sich an den Systemadministrator.</Event>
    <Event code="208">Mit dem Server kann nicht kommuniziert werden.</Event>
    <Event code="209">Ungültige Anmeldeinformationen</Event>
	<Event code="210">Zertifikat ungültig</Event>

    <!-- 300 range, adapter errors -->
    <Event code="300">Mit dem Server kann nicht kommuniziert werden.&#13;&#10;Verbindungs-Timeout</Event>
    <Event code="301">Kein Benutzername angegeben.</Event>
    <Event code="302">Kein Kennwort angegeben.</Event>
    <Event code="303">Geben Sie die Serverinformationen ein.</Event>
    <Event code="304">Mit dem Server kann nicht kommuniziert werden.</Event>
    <Event code="305">Geben Sie die Serverinformationen ein.</Event>
	<Event code="306">Mit dem Server kann nicht kommuniziert werden.</Event> <!-- This is an Edge Configuration error -->

    <!-- 400 range, failed commands -->
    <Event code="400">Zeitüberschreitung bei der Abmeldung.</Event>
    <Event code="401">Abmeldung fehlgeschlagen.</Event>
    <Event code="402">Herunterfahren fehlgeschlagen.</Event>
    <Event code="403">Presence-Service konnte nicht gestartet werden.</Event>
  </Service>
  <Service id="1201">
    <Event code="1">Der IM-Service konnte die Anforderung nicht beenden.</Event>
  </Service>
</ServiceEventDescriptions>
