﻿<?xml version="1.0" encoding="utf-8"?>
<ServiceEventDescriptions>
  <Service id="1200">
    <Event code="1">Presence 서비스에서 요청을 완료할 수 없습니다.</Event>

    <!-- 200 range, stack errors -->
    <Event code="200">사인인할 수 없습니다.</Event>
    <Event code="201">사용자 이름 또는 암호가 잘못되었습니다</Event>
    <Event code="202">서버에 연결할 수 없습니다.&#13;&#10;내부 서버 오류입니다.</Event>
    <Event code="203">암호가 만료되었습니다.&#13;&#10;시스템 관리자에게 문의하십시오.</Event>
    <Event code="204">Cisco Jabber를 업그레이드하려면 시스템 관리자에게 문의하십시오.</Event>
    <Event code="205">사인인이 취소되었습니다.</Event>
    <Event code="206">계정이 잠겼습니다.&#13;&#10;시스템 관리자에게 문의하십시오.</Event>
    <Event code="207">계정이 활성 상태가 아닙니다.&#13;&#10;시스템 관리자에게 문의하십시오.</Event>
    <Event code="208">서버와 통신할 수 없습니다.</Event>
    <Event code="209">사인인 자격 증명이 잘못되었음</Event>
	<Event code="210">인증서가 유효하지 않음</Event>

    <!-- 300 range, adapter errors -->
    <Event code="300">서버와 통신할 수 없습니다.&#13;&#10;연결 시간이 초과되었습니다.</Event>
    <Event code="301">사용자 이름을 지정하지 않았습니다.</Event>
    <Event code="302">암호를 지정하지 않았습니다.</Event>
    <Event code="303">서버 정보를 제공하십시오.</Event>
    <Event code="304">서버와 통신할 수 없습니다.</Event>
    <Event code="305">서버 정보를 제공하십시오.</Event>
	<Event code="306">서버와 통신할 수 없습니다.</Event> <!-- This is an Edge Configuration error -->

    <!-- 400 range, failed commands -->
    <Event code="400">사인아웃 요청 시간이 초과되었습니다.</Event>
    <Event code="401">사인아웃 요청에 실패했습니다.</Event>
    <Event code="402">종료하지 못했습니다.</Event>
    <Event code="403">Presence 서비스를 시작할 수 없습니다.</Event>
  </Service>
  <Service id="1201">
    <Event code="1">인스턴트 메시징 서비스에서 요청을 완료할 수 없습니다.</Event>
  </Service>
</ServiceEventDescriptions>
