﻿<?xml version="1.0" encoding="utf-8"?> 
<ServiceStrings> 
	<Service id="1200">
		<String code="Available">Dostupno</String>
		<String code="Busy">Zauzeto</String>
		<String code="Dnd">Ne ometaj</String>
		<String code="Offline">Izvan mreže</String>
		<String code="Away">Odsutan</String>
		<String code="Unknown">Nepoznato</String>
		<String code="InAMeeting">Na sastanku</String>
		<String code="OnACall">Poziv u tijeku</String>
		<String code="Presenting">Prezentacija</String> 
		<String code="OfflineInAMeeting">Izvan mreže, na sastanku</String>
		<String code="OfflineOnACall">Izvan mreže, poziv u tijeku</String> 
		<String code="WbxMeeting">Na WebEx sastanku</String>
		<String code="OfflineWbxMeeting">Izvan mreže, na WebEx sastanku</String>
		<String code="CUPProductName">Cisco Unified Presence 8.x</String>
		<String code="WebExProductName">WebEx Messenger</String>
		<String code="PresenceServerKeyName">Adresa poslužitelja:</String>
		<String code="InAMeetingOnACall">Na sastanku, na pozivu</String>
		<String code="OfflineInAMeetingOnACall">Izvan mreže, na sastanku, na pozivu</String>
	</Service> 
	<Service id="1201">
		<String code="GroupChat">Grupni razgovor</String>
		<String code="MyMentions">Moja spominjanja</String>
	</Service> 
</ServiceStrings>