﻿<?xml version="1.0" encoding="utf-8"?> 
<ServiceStrings> 
	<Service id="1200">
		<String code="Available">Dostupan/a</String>
		<String code="Busy">Zauzet/a</String>
		<String code="Dnd">Ne uznemiravaj</String>
		<String code="Offline">Van mreže</String>
		<String code="Away">Odsutan</String>
		<String code="Unknown">Nepoznato</String>
		<String code="InAMeeting">Prisustvujem sastanku</String>
		<String code="OnACall">Imam poziv</String>
		<String code="Presenting">Držim prezentaciju</String> 
		<String code="OfflineInAMeeting">Van mreže, na sastanku</String>
		<String code="OfflineOnACall">Van mreže, imam poziv</String> 
		<String code="WbxMeeting">Na WebEx sastanku</String>
		<String code="OfflineWbxMeeting">Van mreže, na WebEx sastanku</String>
		<String code="CUPProductName">Cisco Unified Presence 8.x</String>
		<String code="WebExProductName">WebEx Messenger</String>
		<String code="PresenceServerKeyName">Adresa servera:</String>
		<String code="InAMeetingOnACall">Na sastanku, u pozivu</String>
		<String code="OfflineInAMeetingOnACall">Van mreže, na sastanku, u pozivu</String>
	</Service> 
	<Service id="1201">
		<String code="GroupChat">Grupno ćaskanje</String>
		<String code="MyMentions">Pominjanje mene</String>
	</Service> 
</ServiceStrings>