﻿<?xml version="1.0" encoding="utf-8"?> 
<ServiceStrings> 
	<Service id="1200">
		<String code="Available">Dostępny</String>
		<String code="Busy">Zajęty</String>
		<String code="Dnd">Nie przeszkadzać</String>
		<String code="Offline">Poza siecią</String>
		<String code="Away">Niedostępny</String>
		<String code="Unknown">Nieznany</String>
		<String code="InAMeeting">Jestem na spotkaniu</String>
		<String code="OnACall">W trakcie rozmowy</String>
		<String code="Presenting">Trwa prezentacja</String> 
		<String code="OfflineInAMeeting">Poza siecią, na spotkaniu</String>
		<String code="OfflineOnACall">Poza siecią, w trakcie rozmowy</String> 
		<String code="WbxMeeting">Na spotkaniu WebEx</String>
		<String code="OfflineWbxMeeting">Poza siecią, na spotkaniu WebEx</String>
		<String code="CUPProductName">Cisco Unified Presence 8.x</String>
		<String code="WebExProductName">WebEx Messenger</String>
		<String code="PresenceServerKeyName">Adres serwera:</String>
		<String code="InAMeetingOnACall">Podczas spotkania, podczas połączenia</String>
		<String code="OfflineInAMeetingOnACall">Offline, podczas spotkania, podczas połączenia</String>
	</Service> 
	<Service id="1201">
		<String code="GroupChat">Czat grupowy</String>
		<String code="MyMentions">Moje wzmianki</String>
	</Service> 
</ServiceStrings>