﻿<?xml version="1.0" encoding="utf-8"?>
<ServiceEventDescriptions>
  <Service id="1200">
    <Event code="1">Услугата за присъствие не може да завърши заявката</Event>

    <!-- 200 range, stack errors -->
    <Event code="200">Не мога да вляза в профила си.</Event>
    <Event code="201">Потребителското ви име или паролата не е правилна.</Event>
    <Event code="202">Не може да се свърже със сървъра.&#13;&#10;Вътрешна грешка на сървъра</Event>
    <Event code="203">Акаунтът ви е изтекъл.&#13;&#10;Моля, свържете се с вашия администратор.</Event>
    <Event code="204">Моля, свържете се с вашия администратор, за да обновите Cisco Jabber.</Event>
    <Event code="205">Влизането в акаунта беше отменено.</Event>
    <Event code="206">Вашият акаунт е заключен.&#13;&#10;Моля, свържете се с вашия администратор.</Event>
    <Event code="207">Вашият акаунт е неактивен.&#13;&#10;Моля, свържете се с вашия администратор.</Event>
    <Event code="208">Не може да се извърши комуникация със сървъра.</Event>
    <Event code="209">Невалидни данни за вход</Event>
	<Event code="210">Невалиден сертификат</Event>

    <!-- 300 range, adapter errors -->
    <Event code="300">Не може да се извърши комуникация със сървъра.&#13;&#10;Просрочено време за връзка.</Event>
    <Event code="301">Не е посочено потребителско име.</Event>
    <Event code="302">Не е посочена парола.</Event>
    <Event code="303">Моля, предоставете информация за сървъра.</Event>
    <Event code="304">Не може да се извърши комуникация със сървъра.</Event>
    <Event code="305">Моля, предоставете информация за сървъра.</Event>
	<Event code="306">Не може да се извърши комуникация със сървъра.</Event> <!-- This is an Edge Configuration error -->

    <!-- 400 range, failed commands -->
    <Event code="400">Просрочено време за заявка за изход от акаунта.</Event>
    <Event code="401">Заявката за изход от акаунта не беше успешна.</Event>
    <Event code="402">Изключването не беше успешно.</Event>
    <Event code="403">Услугата за присъствие не успя да се стартира.</Event>
  </Service>
  <Service id="1201">
    <Event code="1">IM услугата не успя да завърши заявката.</Event>
  </Service>
</ServiceEventDescriptions>
