﻿<?xml version="1.0" encoding="utf-8"?> 
<ServiceStrings> 
	<Service id="1200">
		<String code="Available">Available</String>
		<String code="Busy">Busy</String>
		<String code="Dnd">Do Not Disturb</String>
		<String code="Offline">Offline</String>
		<String code="Away">Away</String>
		<String code="Unknown">Unknown</String>
		<String code="InAMeeting">In a meeting</String>
		<String code="OnACall">On a call</String>
		<String code="Presenting">Presenting</String> 
		<String code="OfflineInAMeeting">Offline, in a meeting</String>
		<String code="OfflineOnACall">Offline, on a call</String> 
		<String code="WbxMeeting">In a WebEx meeting</String>
		<String code="OfflineWbxMeeting">Offline, in a Webex meeting</String>
		<String code="CUPProductName">Cisco Unified Presence 8.x</String>
		<String code="WebExProductName">WebEx Messenger</String>
		<String code="PresenceServerKeyName">Server address:</String>
		<String code="InAMeetingOnACall">In a meeting, on a call</String>
		<String code="OfflineInAMeetingOnACall">Offline, in a meeting, on a call</String>
	</Service> 
	<Service id="1201">
		<String code="GroupChat">Group Chat</String>
		<String code="MyMentions">My mentions</String>
	</Service> 
</ServiceStrings>