<?xml version="1.0" encoding="utf-8"?>
<ServiceEventDescriptions>
  <Service id="1200">
    <Event code="1">プレゼンスサービスは要求を完了できません。</Event>

    <!-- 200 range, stack errors -->
    <Event code="200">サインインできません。</Event>
    <Event code="201">ユーザ名またはパスワードが正しくありません。</Event>
    <Event code="202">サーバに接続できません。&#13;&#10;内部サーバエラー</Event>
    <Event code="203">パスワードの有効期限が切れています。&#13;&#10;システム管理者にお問い合わせください。</Event>
    <Event code="204">Cisco Jabberのアップグレードをシステム管理者に依頼してください。</Event>
    <Event code="205">サインインがキャンセルされました。</Event>
    <Event code="206">アカウントがロックされています。&#13;&#10;システム管理者にお問い合わせください。</Event>
    <Event code="207">アカウントがアクティブではありません。&#13;&#10;システム管理者にお問い合わせください。</Event>
    <Event code="208">サーバと通信できません。</Event>
    <Event code="209">サインイン認証情報が無効です</Event>
	<Event code="210">証明書が無効です</Event>

    <!-- 300 range, adapter errors -->
    <Event code="300">サーバと通信できません。&#13;&#10;接続がタイムアウトしました。</Event>
    <Event code="301">ユーザ名が指定されていません。</Event>
    <Event code="302">パスワードが指定されていません。</Event>
    <Event code="303">サーバ情報を入力してください。</Event>
    <Event code="304">サーバと通信できません。</Event>
    <Event code="305">サーバ情報を入力してください。</Event>
	<Event code="306">サーバと通信できません。</Event> <!-- This is an Edge Configuration error -->

    <!-- 400 range, failed commands -->
    <Event code="400">サインアウト要求がタイムアウトしました。</Event>
    <Event code="401">サインアウト要求に失敗しました。</Event>
    <Event code="402">シャットダウンに失敗しました。</Event>
    <Event code="403">プレゼンスサービスは開始できませんでした。</Event>
  </Service>
  <Service id="1201">
    <Event code="1">インスタントメッセージングサービスは要求を完了できませんでした。</Event>
  </Service>
</ServiceEventDescriptions>
