﻿<?xml version="1.0" encoding="utf-8"?> 
<ServiceStrings> 
	<Service id="1200">
		<String code="Available">Dostupný</String>
		<String code="Busy">Zaneprázdnený</String>
		<String code="Dnd">Nerušiť</String>
		<String code="Offline">Offline</String>
		<String code="Away">Neprítomný</String>
		<String code="Unknown">Neznámy</String>
		<String code="InAMeeting">Na schôdzi</String>
		<String code="OnACall">Telefonuje</String>
		<String code="Presenting">Prezentuje</String> 
		<String code="OfflineInAMeeting">Offline, na schôdzi</String>
		<String code="OfflineOnACall">Offline, telefonuje</String> 
		<String code="WbxMeeting">Na schôdzi WebEx</String>
		<String code="OfflineWbxMeeting">Offline, na schôdzi WebEx</String>
		<String code="CUPProductName">Cisco Unified Presence 8.x</String>
		<String code="WebExProductName">WebEx Messenger</String>
		<String code="PresenceServerKeyName">Adresa servera:</String>
		<String code="InAMeetingOnACall">Na stretnutí, telefonuje</String>
		<String code="OfflineInAMeetingOnACall">Off-line, na stretnutí, telefonuje</String>
	</Service> 
	<Service id="1201">
		<String code="GroupChat">Skupinová konverzácia</String>
		<String code="MyMentions">Moje zmienky</String>
	</Service> 
</ServiceStrings>