﻿<?xml version="1.0" encoding="utf-8"?> 
<ServiceStrings> 
	<Service id="1200">
		<String code="Available">有空</String>
		<String code="Busy">忙碌</String>
		<String code="Dnd">请勿打扰</String>
		<String code="Offline">脱机</String>
		<String code="Away">离开</String>
		<String code="Unknown">未知</String>
		<String code="InAMeeting">正在开会</String>
		<String code="OnACall">在通话中</String>
		<String code="Presenting">演示中</String> 
		<String code="OfflineInAMeeting">脱机，在会议中</String>
		<String code="OfflineOnACall">脱机，在通话中</String> 
		<String code="WbxMeeting">在 WebEx 会议中</String>
		<String code="OfflineWbxMeeting">脱机，在 WebEx 会议中</String>
		<String code="CUPProductName">Cisco Unified Presence 8.x</String>
		<String code="WebExProductName">WebEx Messenger</String>
		<String code="PresenceServerKeyName">服务器地址:</String>
		<String code="InAMeetingOnACall">在会议中，在通话中</String>
		<String code="OfflineInAMeetingOnACall">脱机，在会议中，在通话中</String>
	</Service> 
	<Service id="1201">
		<String code="GroupChat">群聊</String>
		<String code="MyMentions">提到我的</String>
	</Service> 
</ServiceStrings>