﻿<?xml version="1.0" encoding="utf-8"?>
<ServiceEventDescriptions>
  <Service id="1200">
    <Event code="1">Läsnäolopalvelu ei voi toteuttaa pyyntöä.</Event>

    <!-- 200 range, stack errors -->
    <Event code="200">Ei voida kirjautua sisään.</Event>
    <Event code="201">Käyttäjänimi tai salasana ei ole oikea.</Event>
    <Event code="202">Palvelinyhteyttä ei voida muodostaa.&#13;&#10;Sisäinen palvelinvirhe</Event>
    <Event code="203">Salasanasi on vanhentunut.&#13;&#10;Ota yhteys järjestelmänvalvojaan.</Event>
    <Event code="204">Päivitä Cisco Jabber ottamalla yhteyttä järjestelmänvalvojaan.</Event>
    <Event code="205">Sisäänkirjautuminen peruutettiin.</Event>
    <Event code="206">Tilisi on lukittu.&#13;&#10;Ota yhteys järjestelmänvalvojaan.</Event>
    <Event code="207">Tilisi ei ole käytössä.&#13;&#10;Ota yhteys järjestelmänvalvojaan.</Event>
    <Event code="208">Palvelimen kanssa ei voida olla yhteydessä.</Event>
    <Event code="209">Virheelliset kirjautumistiedot</Event>
	<Event code="210">Varmenne ei kelpaa</Event>

    <!-- 300 range, adapter errors -->
    <Event code="300">Palvelimen kanssa ei voida olla yhteydessä.&#13;&#10;Yhteys aikakatkaistiin.</Event>
    <Event code="301">Käyttäjänimeä ei ole määritetty.</Event>
    <Event code="302">Salasanaa ei ole määritetty.</Event>
    <Event code="303">Anna palvelimen tiedot.</Event>
    <Event code="304">Palvelimen kanssa ei voida olla yhteydessä.</Event>
    <Event code="305">Anna palvelimen tiedot.</Event>
	<Event code="306">Palvelimen kanssa ei voida olla yhteydessä.</Event> <!-- This is an Edge Configuration error -->

    <!-- 400 range, failed commands -->
    <Event code="400">Uloskirjautumispyyntö on aikakatkaistu.</Event>
    <Event code="401">Uloskirjautumispyyntö on epäonnistunut.</Event>
    <Event code="402">Sammutus on epäonnistunut.</Event>
    <Event code="403">Läsnäolopalvelua ei voitu aloittaa.</Event>
  </Service>
  <Service id="1201">
    <Event code="1">Pikaviestipalvelu ei voinut toteuttaa pyyntöä.</Event>
  </Service>
</ServiceEventDescriptions>
