﻿<?xml version="1.0" encoding="utf-8"?> 
<ServiceStrings> 
	<Service id="1200">
		<String code="Available">有空</String>
		<String code="Busy">忙線</String>
		<String code="Dnd">請勿打擾</String>
		<String code="Offline">離線</String>
		<String code="Away">離開</String>
		<String code="Unknown">不明</String>
		<String code="InAMeeting">會議中</String>
		<String code="OnACall">在通話中</String>
		<String code="Presenting">簡報中</String> 
		<String code="OfflineInAMeeting">離線，在會議中</String>
		<String code="OfflineOnACall">離線，在通話中</String> 
		<String code="WbxMeeting">在 WebEx 會議中</String>
		<String code="OfflineWbxMeeting">離線，在 WebEx 會議中</String>
		<String code="CUPProductName">Cisco Unified Presence 8.x</String>
		<String code="WebExProductName">WebEx Messenger</String>
		<String code="PresenceServerKeyName">伺服器位址:</String>
		<String code="InAMeetingOnACall">在會議中，在通話中</String>
		<String code="OfflineInAMeetingOnACall">離線，在會議中，在通話中</String>
	</Service> 
	<Service id="1201">
		<String code="GroupChat">群組聊天</String>
		<String code="MyMentions">提到我的</String>
	</Service> 
</ServiceStrings>