﻿<?xml version="1.0" encoding="utf-8"?> 
<ServiceStrings> 
	<Service id="1200">
		<String code="Available">Disponibil</String>
		<String code="Busy">Ocupat</String>
		<String code="Dnd">Nu deranjaţi</String>
		<String code="Offline">Neconectat</String>
		<String code="Away">Plecat</String>
		<String code="Unknown">Necunoscut</String>
		<String code="InAMeeting">Într-o întâlnire</String>
		<String code="OnACall">Într-o conversaţie</String>
		<String code="Presenting">Într-o prezentare</String> 
		<String code="OfflineInAMeeting">Neconectat, într-o întâlnire</String>
		<String code="OfflineOnACall">Neconectat, într-o conversaţie</String> 
		<String code="WbxMeeting">Într-o întâlnire WebEx</String>
		<String code="OfflineWbxMeeting">Neconectat, într-o întâlnire WebEx</String>
		<String code="CUPProductName">Cisco Unified Presence 8.x</String>
		<String code="WebExProductName">WebEx Messenger</String>
		<String code="PresenceServerKeyName">Adresă server:</String>
		<String code="InAMeetingOnACall">La o întâlnire, într-un apel</String>
		<String code="OfflineInAMeetingOnACall">Neconectat, la o întâlnire, într-un apel</String>
	</Service> 
	<Service id="1201">
		<String code="GroupChat">Discuţie de grup</String>
		<String code="MyMentions">Menţiunile mele</String>
	</Service> 
</ServiceStrings>