﻿<?xml version="1.0" encoding="utf-8"?>
<ServiceEventDescriptions>
  <Service id="1200">
    <Event code="1">Närvarotjänsten kan inte slutföra en förfrågan.</Event>

    <!-- 200 range, stack errors -->
    <Event code="200">Det gick inte att logga in.</Event>
    <Event code="201">Användarnamnet eller lösenordet är ogiltigt.</Event>
    <Event code="202">Det går inte att ansluta till servern.&#13;&#10;Internt serverfel</Event>
    <Event code="203">Ditt lösenord har upphört.&#13;&#10;Kontakta systemadministratören.</Event>
    <Event code="204">Kontakta systemadministratören för att uppgradera Cisco Jabber.</Event>
    <Event code="205">Inloggningen avbröts.</Event>
    <Event code="206">Ditt konto är låst.&#13;&#10;Kontakta systemadministratören.</Event>
    <Event code="207">Ditt konto är inaktivt.&#13;&#10;Kontakta systemadministratören.</Event>
    <Event code="208">Det går inte att kommunicera med servern.</Event>
    <Event code="209">Ogiltigt tecken i inloggningsuppgifterna</Event>
	<Event code="210">Certifikatet är inte giltigt</Event>

    <!-- 300 range, adapter errors -->
    <Event code="300">Det går inte att kommunicera med servern.&#13;&#10;Anslutningen avbröts på grund av timeout.</Event>
    <Event code="301">Inget angivet användarnamn.</Event>
    <Event code="302">Inget angivet lösenord.</Event>
    <Event code="303">Ange serverinformation.</Event>
    <Event code="304">Det går inte att kommunicera med servern.</Event>
    <Event code="305">Ange serverinformation.</Event>
	<Event code="306">Det går inte att kommunicera med servern.</Event> <!-- This is an Edge Configuration error -->

    <!-- 400 range, failed commands -->
    <Event code="400">Timeout för utloggningsbegäran.</Event>
    <Event code="401">Utloggningsbegäran misslyckades.</Event>
    <Event code="402">Avstängningen misslyckades.</Event>
    <Event code="403">Det gick inte att starta närvarotjänsten.</Event>
  </Service>
  <Service id="1201">
    <Event code="1">Snabbmeddelandetjänsten kunde inte slutföra en förfrågan.</Event>
  </Service>
</ServiceEventDescriptions>
