﻿<?xml version="1.0" encoding="utf-8"?> 
<ServiceStrings> 
	<Service id="1200">
		<String code="Available">Tilgængelig</String>
		<String code="Busy">Optaget</String>
		<String code="Dnd">Forstyr ikke</String>
		<String code="Offline">Offline</String>
		<String code="Away">Væk</String>
		<String code="Unknown">Ukendt</String>
		<String code="InAMeeting">I et møde</String>
		<String code="OnACall">På telefonen</String>
		<String code="Presenting">Præsenterer</String> 
		<String code="OfflineInAMeeting">Offline, i et møde</String>
		<String code="OfflineOnACall">Offline, på telefonen</String> 
		<String code="WbxMeeting">I et WebEx-møde</String>
		<String code="OfflineWbxMeeting">Offline, i et WebEx-møde</String>
		<String code="CUPProductName">Cisco Unified Presence 8.x</String>
		<String code="WebExProductName">WebEx Messenger</String>
		<String code="PresenceServerKeyName">Serveradresse:</String>
		<String code="InAMeetingOnACall">I et møde, på telefonen</String>
		<String code="OfflineInAMeetingOnACall">Offline, i et møde, på telefonen</String>
	</Service> 
	<Service id="1201">
		<String code="GroupChat">Gruppe-chat</String>
		<String code="MyMentions">Mine omtalelser</String>
	</Service> 
</ServiceStrings>