﻿<?xml version="1.0" encoding="utf-8"?> 
<ServiceStrings> 
	<Service id="1200">
		<String code="Available">Disponible</String>
		<String code="Busy">Ocupat</String>
		<String code="Dnd">No molestar</String>
		<String code="Offline">Fora de línia</String>
		<String code="Away">Absent</String>
		<String code="Unknown">Desconegut</String>
		<String code="InAMeeting">En una reunió</String>
		<String code="OnACall">Trucant</String>
		<String code="Presenting">En presentació</String> 
		<String code="OfflineInAMeeting">Fora de línia, en una reunió</String>
		<String code="OfflineOnACall">Fora de línia, trucant</String> 
		<String code="WbxMeeting">En una reunió WebEx</String>
		<String code="OfflineWbxMeeting">Fora de línia, en una reunió WebEx</String>
		<String code="CUPProductName">Cisco Unified Presence 8.x</String>
		<String code="WebExProductName">WebEx Messenger</String>
		<String code="PresenceServerKeyName">Adreça servidor:</String>
		<String code="InAMeetingOnACall">En una reunió, trucant</String>
		<String code="OfflineInAMeetingOnACall">Fora de línia, en una reunió, trucant</String>
	</Service> 
	<Service id="1201">
		<String code="GroupChat">Xat de grup</String>
		<String code="MyMentions">Els meus esments</String>
	</Service> 
</ServiceStrings>