﻿<?xml version="1.0" encoding="utf-8"?> 
<ServiceStrings> 
	<Service id="1200">
		<String code="Available">На разположение</String>
		<String code="Busy">Зает</String>
		<String code="Dnd">Не ме безпокойте</String>
		<String code="Offline">Офлайн</String>
		<String code="Away">Отсъства</String>
		<String code="Unknown">Неизвестен</String>
		<String code="InAMeeting">В среща</String>
		<String code="OnACall">В момента разговаря</String>
		<String code="Presenting">Презентира</String> 
		<String code="OfflineInAMeeting">Офлайн, в среща</String>
		<String code="OfflineOnACall">Офлайн, разговаря</String> 
		<String code="WbxMeeting">В WebEx среща</String>
		<String code="OfflineWbxMeeting">Офлайн, в WebEx среща</String>
		<String code="CUPProductName">Cisco Unified Presence 8.x</String>
		<String code="WebExProductName">WebEx Messenger</String>
		<String code="PresenceServerKeyName">Адрес на сървъра:</String>
		<String code="InAMeetingOnACall">В среща, в разговор</String>
		<String code="OfflineInAMeetingOnACall">Офлайн, в среща, в разговор</String>
	</Service> 
	<Service id="1201">
		<String code="GroupChat">Групов чат</String>
		<String code="MyMentions">Моите отзиви</String>
	</Service> 
</ServiceStrings>