﻿<?xml version="1.0" encoding="utf-8"?>
<ServiceEventDescriptions>
  <Service id="1200">
    <Event code="1">Usluga Presence nije mogla da dovrši zahtev.</Event>

    <!-- 200 range, stack errors -->
    <Event code="200">Prijavljivanje nije moguće.</Event>
    <Event code="201">Korisničko ime ili lozinka nisu tačni.</Event>
    <Event code="202">Povezivanje sa serverom nije moguće.&#13;&#10;Unutrašnja greška servera</Event>
    <Event code="203">Vaša lozinka je istekla.&#13;&#10;Obratite se svom administratoru.</Event>
    <Event code="204">Obratite se administratoru sistema da biste nadogradili Cisco Jabber.</Event>
    <Event code="205">Prijavljivanje je otkazano.</Event>
    <Event code="206">Vaš nalog je zaključan.&#13;&#10;Obratite se svom administratoru sistema.</Event>
    <Event code="207">Vaš nalog nije aktivan.&#13;&#10;Obratite se svom administratoru sistema.</Event>
    <Event code="208">Komunikacija sa serverom nije moguća.</Event>
    <Event code="209">Nevažeći akreditivi za prijavljivanje</Event>
	<Event code="210">Sertifikat nije važeći</Event>

    <!-- 300 range, adapter errors -->
    <Event code="300">Komunikacija sa serverom nije moguća.&#13;&#10;Isteklo je vreme veze.</Event>
    <Event code="301">Nije navedeno korisničko ime.</Event>
    <Event code="302">Nije navedena lozinka.</Event>
    <Event code="303">Navedite informacije o serveru.</Event>
    <Event code="304">Komunikacija sa serverom nije moguća.</Event>
    <Event code="305">Navedite informacije o serveru.</Event>
	<Event code="306">Komunikacija sa serverom nije moguća.</Event> <!-- This is an Edge Configuration error -->

    <!-- 400 range, failed commands -->
    <Event code="400">Isteklo je vreme zahteva za odjavljivanje.</Event>
    <Event code="401">Zahtev za odjavljivanje nije uspeo.</Event>
    <Event code="402">Neuspešno isključivanje.</Event>
    <Event code="403">Nije moguće pokrenuti uslugu Presence.</Event>
  </Service>
  <Service id="1201">
    <Event code="1">Usluga razmene hitnih poruka nije mogla da dovrši zahtev.</Event>
  </Service>
</ServiceEventDescriptions>
