﻿<?xml version="1.0" encoding="utf-8"?> 
<ServiceStrings> 
	<Service id="1200">
		<String code="Available">Uygun</String>
		<String code="Busy">Meşgul</String>
		<String code="Dnd">Rahatsız Etmeyin</String>
		<String code="Offline">Çevrimdışı</String>
		<String code="Away">Dışarıda</String>
		<String code="Unknown">Bilinmiyor</String>
		<String code="InAMeeting">Toplantıda</String>
		<String code="OnACall">Telefonda</String>
		<String code="Presenting">Sunum yapıyor</String> 
		<String code="OfflineInAMeeting">Çevrimdışı, toplantıda</String>
		<String code="OfflineOnACall">Çevrimdışı, telefonda</String> 
		<String code="WbxMeeting">Bir WebEx toplantısında</String>
		<String code="OfflineWbxMeeting">Çevrimdışı, bir WebEx toplantısında</String>
		<String code="CUPProductName">Cisco Unified Presence 8.x</String>
		<String code="WebExProductName">WebEx Messenger</String>
		<String code="PresenceServerKeyName">Sunucu adresi:</String>
		<String code="InAMeetingOnACall">Toplantıda, telefonda</String>
		<String code="OfflineInAMeetingOnACall">Çevrimdışı, toplantıda, telefonda</String>
	</Service> 
	<Service id="1201">
		<String code="GroupChat">Grup Sohbeti</String>
		<String code="MyMentions">Bahsettiklerim</String>
	</Service> 
</ServiceStrings>