﻿<?xml version="1.0" encoding="utf-8"?> 
<ServiceStrings> 
	<Service id="1200">
		<String code="Available">Disponível</String>
		<String code="Busy">Ocupado</String>
		<String code="Dnd">Não incomode</String>
		<String code="Offline">Off-line</String>
		<String code="Away">Ausente</String>
		<String code="Unknown">Desconhecido</String>
		<String code="InAMeeting">Em reunião</String>
		<String code="OnACall">Em uma chamada</String>
		<String code="Presenting">Apresentando</String> 
		<String code="OfflineInAMeeting">Off-line, em reunião</String>
		<String code="OfflineOnACall">Off-line, em uma chamada</String> 
		<String code="WbxMeeting">Em uma reunião WebEx</String>
		<String code="OfflineWbxMeeting">Off-line, em uma reunião Webex</String>
		<String code="CUPProductName">Cisco Unified Presence 8.x</String>
		<String code="WebExProductName">WebEx Messenger</String>
		<String code="PresenceServerKeyName">Endereço serv.:</String>
		<String code="InAMeetingOnACall">Em uma reunião, em uma chamada</String>
		<String code="OfflineInAMeetingOnACall">Off-line, em uma reunião, em uma chamada</String>
	</Service> 
	<Service id="1201">
		<String code="GroupChat">Bate-papo em grupo</String>
		<String code="MyMentions">Minhas menções</String>
	</Service> 
</ServiceStrings>