﻿<?xml version="1.0" encoding="utf-8"?>
<ServiceEventDescriptions>
  <Service id="1200">
    <Event code="1">Η υπηρεσία παρουσιών δεν είναι σε θέση να ολοκληρώσει ένα αίτημα.</Event>

    <!-- 200 range, stack errors -->
    <Event code="200">Δεν είναι δυνατή η σύνδεση.</Event>
    <Event code="201">Εσφαλμένο όνομα χρήστη ή κωδικός πρόσβασης.</Event>
    <Event code="202">Δεν είναι δυνατή η σύνδεση στο διακομιστή.&#13;&#10;Εσωτερικό σφάλμα διακομιστή</Event>
    <Event code="203">Ο κωδικός πρόσβασής σας έληξε.&#13;&#10;Επικοινωνήστε με τον διαχειριστή του συστήματός.</Event>
    <Event code="204">Επικοινωνήστε με τον διαχειριστή του συστήματός για την αναβάθμιση του Cisco Jabber.</Event>
    <Event code="205">Η σύνδεση ακυρώθηκε.</Event>
    <Event code="206">Ο λογαριασμός σας κλειδώθηκε.&#13;&#10;Επικοινωνήστε με τον διαχειριστή του συστήματός σας.</Event>
    <Event code="207">Ο λογαριασμός σας δεν είναι ενεργός.&#13;&#10;Επικοινωνήστε με τον διαχειριστή του συστήματός σας.</Event>
    <Event code="208">Δεν είναι δυνατή η επικοινωνία με το διακομιστή.</Event>
    <Event code="209">Μη έγκυρα διαπιστευτήρια σύνδεσης</Event>
	<Event code="210">Το πιστοποιητικό δεν είναι έγκυρο</Event>

    <!-- 300 range, adapter errors -->
    <Event code="300">Δεν είναι δυνατή η επικοινωνία με το διακομιστή.&#13;&#10;Έληξε το χρονικό όριο σύνδεσης.</Event>
    <Event code="301">Δεν έχει καθοριστεί όνομα χρήστη.</Event>
    <Event code="302">Δεν έχει καθοριστεί κωδικός πρόσβασης.</Event>
    <Event code="303">Καταχωρήστε τις πληροφορίες διακομιστή.</Event>
    <Event code="304">Δεν είναι δυνατή η επικοινωνία με το διακομιστή.</Event>
    <Event code="305">Καταχωρήστε τις πληροφορίες διακομιστή.</Event>
	<Event code="306">Δεν είναι δυνατή η επικοινωνία με το διακομιστή.</Event> <!-- This is an Edge Configuration error -->

    <!-- 400 range, failed commands -->
    <Event code="400">Το χρονικό όριο του αιτήματος αποσύνδεσης έληξε.</Event>
    <Event code="401">Το αίτημα αποσύνδεσης απέτυχε.</Event>
    <Event code="402">Ο τερματισμός απέτυχε.</Event>
    <Event code="403">Δεν ήταν δυνατή η εκκίνηση της υπηρεσίας παρουσίας.</Event>
  </Service>
  <Service id="1201">
    <Event code="1">Η υπηρεσία άμεσων μηνυμάτων δεν μπόρεσε να ολοκληρώσει μια αίτηση.</Event>
  </Service>
</ServiceEventDescriptions>
