﻿<?xml version="1.0" encoding="utf-8"?>
<ServiceEventDescriptions>
  <Service id="1200">
    <Event code="1">A jelenléti szolgáltatás nem tudta teljesíteni a kérést.</Event>

    <!-- 200 range, stack errors -->
    <Event code="200">A bejelentkezés sikertelen.</Event>
    <Event code="201">Nem megfelelő felhasználónév vagy jelszó.</Event>
    <Event code="202">Nem sikerült kapcsolódni a szerverhez.&#13;&#10;Belső szerverhiba</Event>
    <Event code="203">A jelszava lejárt.&#13;&#10;Kérjük, forduljon rendszergazdájához.</Event>
    <Event code="204">A Cisco Jabber verziófrissítése érdekében forduljon rendszergazdájához.</Event>
    <Event code="205">Bejelentkezés törölve</Event>
    <Event code="206">Felhasználói fiókja zárolt.&#13;&#10;Kérjük, forduljon rendszergazdájához.</Event>
    <Event code="207">Felhasználói fiókja inaktív.&#13;&#10;Kérjük, forduljon rendszergazdájához.</Event>
    <Event code="208">Nem sikerült kommunikálni a szerverrel.</Event>
    <Event code="209">Érvénytelen bejelentkezési adatok</Event>
	<Event code="210">A tanúsítvány érvénytelen.</Event>

    <!-- 300 range, adapter errors -->
    <Event code="300">Nem sikerült kommunikálni a szerverrel.&#13;&#10;Kapcsolat időtúllépés miatt megszakadt.</Event>
    <Event code="301">Hiányzó felhasználónév</Event>
    <Event code="302">Hiányzó jelszó</Event>
    <Event code="303">Kérjük, adja meg a szerverinformációkat.</Event>
    <Event code="304">Nem sikerült kommunikálni a szerverrel.</Event>
    <Event code="305">Kérjük, adja meg a szerverinformációkat.</Event>
	<Event code="306">Nem sikerült kommunikálni a szerverrel.</Event> <!-- This is an Edge Configuration error -->

    <!-- 400 range, failed commands -->
    <Event code="400">A kijelentkezési kérés túllépte a határidőt</Event>
    <Event code="401">Sikertelen kijelentkezési kérés</Event>
    <Event code="402">Sikertelen leállítás</Event>
    <Event code="403">A jelenléti szolgáltatás indítása sikertelen.</Event>
  </Service>
  <Service id="1201">
    <Event code="1">A csevegőszolgáltatás nem tudta teljesíteni a kérést.</Event>
  </Service>
</ServiceEventDescriptions>
