﻿<?xml version="1.0" encoding="utf-8"?> 
<ServiceStrings> 
	<Service id="1200">
		<String code="Available">Disponible</String>
		<String code="Busy">Ocupado</String>
		<String code="Dnd">No molestar</String>
		<String code="Offline">Desconectado</String>
		<String code="Away">Ausente</String>
		<String code="Unknown">Desconocido</String>
		<String code="InAMeeting">En reunión</String>
		<String code="OnACall">Al teléfono</String>
		<String code="Presenting">Presentando</String> 
		<String code="OfflineInAMeeting">Desconectado, en reunión</String>
		<String code="OfflineOnACall">Desconectado, al teléfono</String> 
		<String code="WbxMeeting">En una reunión de WebEx</String>
		<String code="OfflineWbxMeeting">Desconectado, en reunión de WebEx</String>
		<String code="CUPProductName">Cisco Unified Presence 8.x</String>
		<String code="WebExProductName">WebEx Messenger</String>
		<String code="PresenceServerKeyName">Direc. servidor:</String>
		<String code="InAMeetingOnACall">En reunión, al teléfono</String>
		<String code="OfflineInAMeetingOnACall">Desconectado, en reunión, al teléfono</String>
	</Service> 
	<Service id="1201">
		<String code="GroupChat">Chat de grupo</String>
		<String code="MyMentions">Mis menciones</String>
	</Service> 
</ServiceStrings>