﻿<?xml version="1.0" encoding="utf-8"?>
<ServiceEventDescriptions>
  <Service id="1200">
    <Event code="1">Služba Presence nemohla dokončit požadavek.</Event>

    <!-- 200 range, stack errors -->
    <Event code="200">Nelze se přihlásit.</Event>
    <Event code="201">Nesprávné uživatelské jméno nebo heslo.</Event>
    <Event code="202">Nelze se připojit k serveru.&#13;&#10;Vnitřní chyba serveru</Event>
    <Event code="203">Platnost hesla vypršela.&#13;&#10;Obraťte se na správce systému.</Event>
    <Event code="204">Obraťte se na správce systému a požádejte ho o upgrade aplikace Cisco Jabber.</Event>
    <Event code="205">Přihlášení bylo zrušeno.</Event>
    <Event code="206">Váš účet je uzamčen.&#13;&#10;Obraťte se na správce systému.</Event>
    <Event code="207">Váš účet není aktivní.&#13;&#10;Obraťte se na správce systému.</Event>
    <Event code="208">Nelze navázat komunikaci se serverem.</Event>
    <Event code="209">Neplatné přihlašovací údaje pro přihlášení</Event>
	<Event code="210">Certifikát je neplatný.</Event>

    <!-- 300 range, adapter errors -->
    <Event code="300">Nelze navázat komunikaci se serverem.&#13;&#10;Vypršel časový limit připojení.</Event>
    <Event code="301">Nebylo zadáno uživatelské jméno.</Event>
    <Event code="302">Nebylo zadáno heslo.</Event>
    <Event code="303">Zadejte informace o serveru.</Event>
    <Event code="304">Komunikaci se serverem se nepodařilo navázat.</Event>
    <Event code="305">Zadejte informace o serveru.</Event>
	<Event code="306">Komunikaci se serverem se nepodařilo navázat.</Event> <!-- This is an Edge Configuration error -->

    <!-- 400 range, failed commands -->
    <Event code="400">Požadavek na odhlášení vypršel.</Event>
    <Event code="401">Požadavek na odhlášení byl neúspěšný.</Event>
    <Event code="402">Ukončení se nezdařilo.</Event>
    <Event code="403">Službu Presence se nepodařilo spustit.</Event>
  </Service>
  <Service id="1201">
    <Event code="1">Službě rychlých zpráv se nepodařilo dokončit požadavek.</Event>
  </Service>
</ServiceEventDescriptions>
