﻿<?xml version="1.0" encoding="utf-8"?>
<ServiceEventDescriptions>
  <Service id="1200">
    <Event code="1">خدمة الحضور كانت غير قادرة على إكمال الطلب</Event>

    <!-- 200 range, stack errors -->
    <Event code="200">لا يمكن تسجيل الدخول.</Event>
    <Event code="201">اسم المستخدم أو كلمة المرور غير صحيحة.</Event>
    <Event code="202">لا يمكن الاتصال بالخادم.&#13;&#10;خطأ داخلي في الخادم</Event>
    <Event code="203">انتهت صلاحية كلمة المرور.&#13;&#10;اتصل بمسؤول النظام.</Event>
    <Event code="204">اتصل بمسؤول النظام لترقية Cisco Jabber.</Event>
    <Event code="205">تم إلغاء تسجيل الدخول.</Event>
    <Event code="206">تم تأمين حسابك.&#13;&#10;اتصل بمسؤول النظام.</Event>
    <Event code="207">حسابك غير نشط.&#13;&#10;اتصل بمسؤول النظام.</Event>
    <Event code="208">لا يمكن التواصل مع الخادم.</Event>
    <Event code="209">بيانات اعتماد تسجيل الدخول خاطئة</Event>
	<Event code="210">الشهادة غير صالحة</Event>

    <!-- 300 range, adapter errors -->
    <Event code="300">لا يمكن الاتصالبالخادم.&#13;&#10;انتهت مهلة الاتصال.</Event>
    <Event code="301">لم يتم تحديد اسم مستخدم.</Event>
    <Event code="302">لم يتم تحديد كلمة مرور.</Event>
    <Event code="303">قم بتوفير معلومات الخادم.</Event>
    <Event code="304">لا يمكن التواصل مع الخادم.</Event>
    <Event code="305">قم بتوفير معلومات الخادم.</Event>
	<Event code="306">لا يمكن التواصل مع الخادم.</Event> <!-- This is an Edge Configuration error -->

    <!-- 400 range, failed commands -->
    <Event code="400">انتهت مهلة طلب تسجيل الخروج.</Event>
    <Event code="401">فشل طلب تسجيل الخروج.</Event>
    <Event code="402">فشل إيقاف التشغيل.</Event>
    <Event code="403">تعذر بدء خدمة الحضور.</Event>
  </Service>
  <Service id="1201">
    <Event code="1">تعذر على خدمة المراسلة الفورية إكمال الطلب.</Event>
  </Service>
</ServiceEventDescriptions>
