﻿<?xml version="1.0" encoding="utf-8"?>
<ServiceEventDescriptions>
  <Service id="1200">
    <Event code="1">Usługa obecności nie mogła zrealizować żądania.</Event>

    <!-- 200 range, stack errors -->
    <Event code="200">Nie można się zalogować.</Event>
    <Event code="201">Podana nazwa użytkownika lub podane hasło jest nieprawidłowe.</Event>
    <Event code="202">Nie można połączyć się z serwerem.&#13;&#10;Wewnętrzny błąd serwera</Event>
    <Event code="203">Twoje hasło wygasło.&#13;&#10;Skontaktuj się z administratorem systemu.</Event>
    <Event code="204">Skontaktuj się z administratorem systemu, aby zaktualizować program Cisco Jabber.</Event>
    <Event code="205">Logowanie anulowane.</Event>
    <Event code="206">Twoje konto jest zablokowane.&#13;&#10;Skontaktuj się z administratorem systemu.</Event>
    <Event code="207">Twoje konto jest nieaktywne.&#13;&#10;Skontaktuj się z administratorem systemu.</Event>
    <Event code="208">Nie można nawiązać komunikacji z serwerem.</Event>
    <Event code="209">Nieprawidłowe dane uwierzytelniania przy logowaniu.</Event>
	<Event code="210">Błędny certyfikat</Event>

    <!-- 300 range, adapter errors -->
    <Event code="300">Nie można połączyć się z serwerem.&#13;&#10;Upłynął limit czasu połączenia.</Event>
    <Event code="301">Nie określono nazwy użytkownika.</Event>
    <Event code="302">Nie określono hasła.</Event>
    <Event code="303">Podaj dane serwera.</Event>
    <Event code="304">Nie można nawiązać komunikacji z serwerem.</Event>
    <Event code="305">Podaj dane serwera.</Event>
	<Event code="306">Nie można nawiązać komunikacji z serwerem.</Event> <!-- This is an Edge Configuration error -->

    <!-- 400 range, failed commands -->
    <Event code="400">Upłynął limit czasu żądania wylogowania.</Event>
    <Event code="401">Żądanie wylogowania nie powiodło się.</Event>
    <Event code="402">Zamknięcie nie powiodło się.</Event>
    <Event code="403">Nie udało się uruchomić usługi obecności.</Event>
  </Service>
  <Service id="1201">
    <Event code="1">Usługa komunikatora nie mogła zrealizować żądania.</Event>
  </Service>
</ServiceEventDescriptions>
