﻿<?xml version="1.0" encoding="utf-8"?>
<ServiceEventDescriptions>
  <Service id="1200">
    <Event code="1">Le service Presence  ne peut pas effectuer une requête.</Event>

    <!-- 200 range, stack errors -->
    <Event code="200">Impossible d'ouvrir une session.</Event>
    <Event code="201">Votre nom d'utilisateur ou votre mot de passe est incorrect.</Event>
    <Event code="202">Impossible d'établir la connexion au serveur.&#13;&#10;Erreur interne de serveur</Event>
    <Event code="203">Votre mot de passe a expiré.&#13;&#10;Contactez votre administrateur</Event>
    <Event code="204">Contactez votre administrateur système pour mettre à niveau Cisco Jabber.</Event>
    <Event code="205">L'ouverture de session a été annulée.</Event>
    <Event code="206">Votre compte est verrouillé.&#13;&#10;Contactez votre administrateur système.</Event>
    <Event code="207">Votre compte est inactif.&#13;&#10;Contactez votre administrateur système.</Event>
    <Event code="208">Impossible de communiquer avec le serveur.</Event>
    <Event code="209">Informations de connexion incorrectes</Event>
	<Event code="210">Certificat non valide</Event>

    <!-- 300 range, adapter errors -->
    <Event code="300">Impossible de communiquer avec le serveur.&#13;&#10;Délai de connexion expiré.</Event>
    <Event code="301">Aucun nom d'utilisateur spécifié.</Event>
    <Event code="302">Aucun mot de passe spécifié.</Event>
    <Event code="303">Veuillez saisir les informations sur le serveur.</Event>
    <Event code="304">Impossible de communiquer avec le serveur.</Event>
    <Event code="305">Veuillez saisir les informations sur le serveur.</Event>
	<Event code="306">Impossible de communiquer avec le serveur.</Event> <!-- This is an Edge Configuration error -->

    <!-- 400 range, failed commands -->
    <Event code="400">Délai de requête de déconnexion expiré.</Event>
    <Event code="401">La requête de déconnexion a échoué.</Event>
    <Event code="402">Arrêt impossible.</Event>
    <Event code="403">Le service Presence n'a pas pu démarrer.</Event>
  </Service>
  <Service id="1201">
    <Event code="1">Le service de messagerie instantanée n'a pas pu effectuer une requête.</Event>
  </Service>
</ServiceEventDescriptions>
