﻿<?xml version="1.0" encoding="utf-8"?> 
<ServiceStrings> 
	<Service id="1200">
		<String code="Available">ว่าง</String>
		<String code="Busy">ไม่ว่าง</String>
		<String code="Dnd">อย่ารบกวน</String>
		<String code="Offline">ออฟไลน์</String>
		<String code="Away">ไม่อยู่</String>
		<String code="Unknown">ไม่รู้จัก</String>
		<String code="InAMeeting">กำลังประชุม</String>
		<String code="OnACall">กำลังใช้สาย</String>
		<String code="Presenting">อยู่</String> 
		<String code="OfflineInAMeeting">ออฟไลน์ กำลังประชุม</String>
		<String code="OfflineOnACall">ออฟไลน์ กำลังใช้สาย</String> 
		<String code="WbxMeeting">กำลังประชุม WebEx</String>
		<String code="OfflineWbxMeeting">ออฟไลน์ กำลังประชุม Webex</String>
		<String code="CUPProductName">Cisco Unified Presence 8.x</String>
		<String code="WebExProductName">WebEx Messenger</String>
		<String code="PresenceServerKeyName">ที่อยู่เซิร์ฟเวอร์:</String>
		<String code="InAMeetingOnACall">กำลังประชุม, กำลังใช้สาย</String>
		<String code="OfflineInAMeetingOnACall">ออฟไลน์, กำลังประชุม, กำลังใช้สาย</String>
	</Service> 
	<Service id="1201">
		<String code="GroupChat">แชตแบบกลุ่ม</String>
		<String code="MyMentions">การอ้างถึงของฉัน</String>
	</Service> 
</ServiceStrings>