﻿<?xml version="1.0" encoding="utf-8"?>
<ServiceEventDescriptions>
  <Service id="1200">
    <Event code="1">El servei de presència no pot completar una sol·licitud.</Event>

    <!-- 200 range, stack errors -->
    <Event code="200">No es pot iniciar la sessió.</Event>
    <Event code="201">El nom d'usuari o la contrasenya són incorrectes.</Event>
    <Event code="202">No es pot connectar al servidor.&#13;&#10;Error del servidor intern</Event>
    <Event code="203">La contrasenya ha caducat.&#13;&#10;Poseu-vos en contacte amb l'administrador del sistema.</Event>
    <Event code="204">Poseu-vos en contacte amb l'administrador del sistema per actualitzar el Cisco Jabber.</Event>
    <Event code="205">L'inici de sessió s'ha cancel·lat.</Event>
    <Event code="206">El compte està bloquejat.&#13;&#10;Poseu-vos en contacte amb l'administrador del sistema.</Event>
    <Event code="207">El compte no està actiu.&#13;&#10;Poseu-vos en contacte amb l'administrador del sistema.</Event>
    <Event code="208">No es pot comunicar amb el servidor.</Event>
    <Event code="209">Credencials d'inici de sessió no vàlides</Event>
	<Event code="210">Certificat no vàlid</Event>

    <!-- 300 range, adapter errors -->
    <Event code="300">No es pot comunicar amb el servidor.&#13;&#10;S'ha excedit el temps d'espera de la connexió.</Event>
    <Event code="301">No s'ha especificat cap nom d'usuari.</Event>
    <Event code="302">No s'ha especificat cap contrasenya.</Event>
    <Event code="303">Proporcioneu informació del servidor.</Event>
    <Event code="304">No s'ha pogut comunicar amb el servidor.</Event>
    <Event code="305">Proporcioneu informació del servidor.</Event>
	<Event code="306">No s'ha pogut comunicar amb el servidor.</Event> <!-- This is an Edge Configuration error -->

    <!-- 400 range, failed commands -->
    <Event code="400">S'ha excedit el temps d'espera de la sol·licitud de tancament de sessió.</Event>
    <Event code="401">Error de la sol·licitud de tancament de sessió.</Event>
    <Event code="402">Error en tancar.</Event>
    <Event code="403">El servei de presència no s'ha pogut iniciar.</Event>
  </Service>
  <Service id="1201">
    <Event code="1">El servei de missatgeria instantània no ha pogut completar una sol·licitud.</Event>
  </Service>
</ServiceEventDescriptions>
