﻿<?xml version="1.0" encoding="utf-8"?>
<ServiceEventDescriptions>
  <Service id="1200">
    <Event code="1">Presence-service kan een verzoek niet voltooien.</Event>

    <!-- 200 range, stack errors -->
    <Event code="200">Kan niet aanmelden.</Event>
    <Event code="201">Uw gebruikersnaam of wachtwoord is onjuist.</Event>
    <Event code="202">Kan geen verbinding maken met de server.&#13;&#10;Interne serverfout.</Event>
    <Event code="203">Uw wachtwoord is verlopen.&#13;&#10;Neem contact op met de systeembeheerder.</Event>
    <Event code="204">Neem contact op met de systeembeheerder om een upgrade van Cisco Jabber uit te voeren.</Event>
    <Event code="205">Aanmelden is geannuleerd.</Event>
    <Event code="206">Uw account is geblokkeerd.&#13;&#10;Neem contact op met de systeembeheerder.</Event>
    <Event code="207">Uw account is niet actief.&#13;&#10;Neem contact op met de systeembeheerder.</Event>
    <Event code="208">Kan niet met de server communiceren.</Event>
    <Event code="209">Ongeldig teken in referenties</Event>
	<Event code="210">Certificaat ongeldig</Event>

    <!-- 300 range, adapter errors -->
    <Event code="300">Kan niet met de server communiceren.&#13;&#10;Er is een time-out van de verbinding opgetreden.</Event>
    <Event code="301">Geen gebruikersnaam opgegeven.</Event>
    <Event code="302">Geen wachtwoord opgegeven.</Event>
    <Event code="303">Geef servergegevens op.</Event>
    <Event code="304">Kan niet met de server communiceren.</Event>
    <Event code="305">Geef servergegevens op.</Event>
	<Event code="306">Kan niet met de server communiceren.</Event> <!-- This is an Edge Configuration error -->

    <!-- 400 range, failed commands -->
    <Event code="400">Time-out bij verzoek tot afmelden.</Event>
    <Event code="401">Verzoek tot afmelden is mislukt.</Event>
    <Event code="402">Afsluiten is mislukt.</Event>
    <Event code="403">Presence-service kan niet starten.</Event>
  </Service>
  <Service id="1201">
    <Event code="1">De chatberichtenservice kan een verzoek niet voltooien.</Event>
  </Service>
</ServiceEventDescriptions>
