﻿<?xml version="1.0" encoding="utf-8"?>
<ServiceEventDescriptions>
  <Service id="1200">
    <Event code="1">Serviciul Prezenţă nu a putut finaliza solicitarea.</Event>

    <!-- 200 range, stack errors -->
    <Event code="200">Imposibil de conectat.</Event>
    <Event code="201">Numele de utilizator sau parola nu sunt corecte.</Event>
    <Event code="202">Nu se poate comunica cu serverul.&#13;&#10;Eroare internă de server</Event>
    <Event code="203">Parola a expirat.&#13;&#10;Contactaţi administratorul de sistem.</Event>
    <Event code="204">Contactaţi administratorul de sistem pentru a face upgrade programului Cisco Jabber.</Event>
    <Event code="205">Conectarea a fost anulată.</Event>
    <Event code="206">Contul dvs. a fost blocat.&#13;&#10;Contactaţi administratorul de sistem.</Event>
    <Event code="207">Contul dvs. este inactiv.&#13;&#10;Contactaţi administratorul de sistem.</Event>
    <Event code="208">Nu se poate comunica cu serverul.</Event>
    <Event code="209">Acreditări de conectare nevalide</Event>
	<Event code="210">Certificat nevalid</Event>

    <!-- 300 range, adapter errors -->
    <Event code="300">Nu se poate comunica cu serverul.&#13;&#10;Conexiunea a expirat.</Event>
    <Event code="301">Niciun nume de utilizator specificat.</Event>
    <Event code="302">Nicio parolă specificată.</Event>
    <Event code="303">Furnizaţi informaţiile serverului.</Event>
    <Event code="304">Nu se poate comunica cu serverul.</Event>
    <Event code="305">Furnizaţi informaţiile serverului.</Event>
	<Event code="306">Nu se poate comunica cu serverul.</Event> <!-- This is an Edge Configuration error -->

    <!-- 400 range, failed commands -->
    <Event code="400">Solicitarea de deconectare a expirat.</Event>
    <Event code="401">Solicitarea de deconectare a eşuat.</Event>
    <Event code="402">Închiderea a eşuat.</Event>
    <Event code="403">Serviciul Prezenţă nu a putut porni.</Event>
  </Service>
  <Service id="1201">
    <Event code="1">Serviciul de mesagerie instant nu a putut finaliza solicitarea.</Event>
  </Service>
</ServiceEventDescriptions>
