﻿<?xml version="1.0" encoding="utf-8"?>
<ServiceEventDescriptions>
  <Service id="1200">
    <Event code="1">İletişim durumu hizmeti bir talebi tamamlayamıyor.</Event>

    <!-- 200 range, stack errors -->
    <Event code="200">Oturum açılamıyor.</Event>
    <Event code="201">Kullanıcı adınız veya şifreniz yanlış.</Event>
    <Event code="202">Sunucuya bağlanılamıyor.&#13;&#10;Dahili sunucu hatası</Event>
    <Event code="203">Şifrenizin süresi doldu.&#13;&#10;Lütfen sistem yöneticinizle iletişime geçin.</Event>
    <Event code="204">Cisco Jabber'ınızı yükseltmek için sistem yöneticinizle iletişime geçin.</Event>
    <Event code="205">Oturum açma iptal edildi.</Event>
    <Event code="206">Hesabınız kilitli.&#13;&#10;Lütfen sistem yöneticinizle iletişime geçin.</Event>
    <Event code="207">Hesabınız etkin değil.&#13;&#10;Lütfen sistem yöneticinizle iletişime geçin.</Event>
    <Event code="208">Sunucu ile iletişim kurulamıyor.</Event>
    <Event code="209">Geçersiz oturum açma kimlik bilgileri</Event>
	<Event code="210">Sertifika geçersiz</Event>

    <!-- 300 range, adapter errors -->
    <Event code="300">Sunucu ile iletişim kurulamıyor.&#13;&#10;Bağlantı zaman aşımına uğradı.</Event>
    <Event code="301">Kullanıcı adı belirtilmedi.</Event>
    <Event code="302">Şifre belirtilmedi.</Event>
    <Event code="303">Sunucu bilgilerini sağlayın.</Event>
    <Event code="304">Sunucu ile iletişim kurulamıyor.</Event>
    <Event code="305">Sunucu bilgilerini sağlayın.</Event>
	<Event code="306">Sunucu ile iletişim kurulamıyor.</Event> <!-- This is an Edge Configuration error -->

    <!-- 400 range, failed commands -->
    <Event code="400">Oturumu kapatma isteği zaman aşımına uğradı.</Event>
    <Event code="401">Oturumu kapatma isteği başarısız oldu.</Event>
    <Event code="402">Kapatma başarısız oldu.</Event>
    <Event code="403">İletişim durumu hizmeti başlatılamadı.</Event>
  </Service>
  <Service id="1201">
    <Event code="1">Anlık mesajlaşma hizmeti bir isteği tamamlayamadı.</Event>
  </Service>
</ServiceEventDescriptions>
