﻿<?xml version="1.0" encoding="utf-8"?> 
<ServiceStrings> 
	<Service id="1200">
		<String code="Available">Διαθέσιμος</String>
		<String code="Busy">Κατειλημμένο</String>
		<String code="Dnd">Μην ενοχλείτε</String>
		<String code="Offline">Εκτός σύνδεσης</String>
		<String code="Away">Λείπει</String>
		<String code="Unknown">Άγνωστο</String>
		<String code="InAMeeting">Σε συνάντηση</String>
		<String code="OnACall">Σε κλήση</String>
		<String code="Presenting">Παρουσίαση</String> 
		<String code="OfflineInAMeeting">Εκτός σύνδεσης, σε συνάντηση</String>
		<String code="OfflineOnACall">Εκτός σύνδεσης, σε κλήση</String> 
		<String code="WbxMeeting">Σε συνάντηση WebEx</String>
		<String code="OfflineWbxMeeting">Εκτός σύνδεσης, σε συνάντηση WebEx</String>
		<String code="CUPProductName">Cisco Unified Presence 8.x</String>
		<String code="WebExProductName">WebEx Messenger</String>
		<String code="PresenceServerKeyName">Διεύθ. διακομ.:</String>
		<String code="InAMeetingOnACall">Σε συνάντηση, σε κλήση</String>
		<String code="OfflineInAMeetingOnACall">Εκτός σύνδεσης, σε συνάντηση, σε κλήση</String>
	</Service> 
	<Service id="1201">
		<String code="GroupChat">Ομαδική συνομιλία</String>
		<String code="MyMentions">Οι αναφορές μου</String>
	</Service> 
</ServiceStrings>