﻿<?xml version="1.0" encoding="utf-8"?>
<ServiceEventDescriptions>
  <Service id="1200">
    <Event code="1">Tilstedeværelsestjeneste klarte ikke å fullføre en forespørsel.</Event>

    <!-- 200 range, stack errors -->
    <Event code="200">Kan ikke logge på.</Event>
    <Event code="201">Feil brukernavn eller passord.</Event>
    <Event code="202">Kan ikke koble til serveren.&#13;&#10;Intern serverfeil</Event>
    <Event code="203">Ditt passord er utløpt.&#13;&#10;Kontakt systemadministratoren.</Event>
    <Event code="204">Kontakt systemadministratoren for å oppgradere Cisco Jabber.</Event>
    <Event code="205">Pålogging ble avbrutt.</Event>
    <Event code="206">Din konto er låst.&#13;&#10;Kontakt systemadministratoren.</Event>
    <Event code="207">Din konto er ikke aktiv.&#13;&#10;Kontakt systemadministratoren.</Event>
    <Event code="208">Kan ikke kommunisere med serveren.</Event>
    <Event code="209">Ugyldig påloggingsinformasjon</Event>
	<Event code="210">Ikke gyldig sertifikat</Event>

    <!-- 300 range, adapter errors -->
    <Event code="300">Kan ikke kommunisere med serveren.&#13;&#10;Tilkoblingstiden er utløpt.</Event>
    <Event code="301">Ingen brukernavn angitt.</Event>
    <Event code="302">Ingen passord angitt.</Event>
    <Event code="303">Oppgi serverinformasjon.</Event>
    <Event code="304">Kan ikke kommunisere med serveren.</Event>
    <Event code="305">Oppgi serverinformasjon.</Event>
	<Event code="306">Kan ikke kommunisere med serveren.</Event> <!-- This is an Edge Configuration error -->

    <!-- 400 range, failed commands -->
    <Event code="400">Avloggingsforespørsel er utløpt.</Event>
    <Event code="401">Avloggingsforespørsel mislyktes.</Event>
    <Event code="402">Nedstengning mislyktes.</Event>
    <Event code="403">Tilstedeværelsestjenesten kunne ikke starte.</Event>
  </Service>
  <Service id="1201">
    <Event code="1">Direktemeldingstjenesten klarte ikke å fullføre en forespørsel.</Event>
  </Service>
</ServiceEventDescriptions>
