﻿<?xml version="1.0" encoding="utf-8"?> 
<ServiceStrings> 
	<Service id="1200">
		<String code="Available">Tillgänglig</String>
		<String code="Busy">Upptagen</String>
		<String code="Dnd">Stör inte</String>
		<String code="Offline">Frånkopplad</String>
		<String code="Away">Borta</String>
		<String code="Unknown">Okänd</String>
		<String code="InAMeeting">Sitter i möte</String>
		<String code="OnACall">Upptagen i samtal</String>
		<String code="Presenting">Presenterar</String> 
		<String code="OfflineInAMeeting">Frånkopplad, i ett möte</String>
		<String code="OfflineOnACall">Frånkopplad, i ett samtal</String> 
		<String code="WbxMeeting">Sitter i WebEx-möte</String>
		<String code="OfflineWbxMeeting">Frånkopplad, i WebEx-möte</String>
		<String code="CUPProductName">Cisco Unified Presence 8.x</String>
		<String code="WebExProductName">WebEx Messenger</String>
		<String code="PresenceServerKeyName">Serveradress:</String>
		<String code="InAMeetingOnACall">I ett möte, i ett samtal</String>
		<String code="OfflineInAMeetingOnACall">Offline, i ett möte, i ett samtal</String>
	</Service> 
	<Service id="1201">
		<String code="GroupChat">Gruppchatt</String>
		<String code="MyMentions">Mina omnämnanden</String>
	</Service> 
</ServiceStrings>