﻿<?xml version="1.0" encoding="utf-8"?>
<ServiceEventDescriptions>
  <Service id="1200">
    <Event code="1">บริการสถานะไม่สามารถดำเนินตามคำขอให้เสร็จสิ้น</Event>

    <!-- 200 range, stack errors -->
    <Event code="200">ไม่สามารถลงชื่อเข้าใช้</Event>
    <Event code="201">ชื่อผู้ใช้หรือรหัสผ่านไม่ถูกต้อง</Event>
    <Event code="202">ไม่สามารถเชื่อมต่อกับเซิร์ฟเวอร์&#13;&#10;เซิร์ฟเวอร์ภายในเกิดข้อผิดพลาด</Event>
    <Event code="203">บัญชีของคุณหมดอายุ&#13;&#10;โปรดติดต่อผู้ดูแลระบบ</Event>
    <Event code="204">โปรดติดต่อผู้ดูแลระบบเพื่ออัพเกรด Cisco Jabber</Event>
    <Event code="205">การลงชื่อเข้าใช้ถูกยกเลิก</Event>
    <Event code="206">บัญชีของคุณถูกล็อค&#13;&#10;โปรดติดต่อผู้ดูแลระบบ</Event>
    <Event code="207">บัญชีของคุณไม่มีการใช้งาน&#13;&#10;โปรดติดต่อผู้ดูแลระบบ</Event>
    <Event code="208">ไม่สามารถสื่อสารกับเซิร์ฟเวอร์</Event>
    <Event code="209">ข้อมูลประจำตัวในการลงชื่อเข้าใช้ไม่ถูกต้อง</Event>
	<Event code="210">ใบรับรองไม่ถูกต้อง</Event>

    <!-- 300 range, adapter errors -->
    <Event code="300">ไม่สามารถสื่อสารกับเซิร์ฟเวอร์&#13;&#10;การเชื่อมต่อหมดเวลาแล้ว</Event>
    <Event code="301">ไม่ได้ระบุชื่อผู้ใช้</Event>
    <Event code="302">ไม่ได้ระบุรหัสผ่าน</Event>
    <Event code="303">โปรดป้อนข้อมูลเซิร์ฟเวอร์</Event>
    <Event code="304">ไม่สามารถสื่อสารกับเซิร์ฟเวอร์</Event>
    <Event code="305">โปรดป้อนข้อมูลเซิร์ฟเวอร์</Event>
	<Event code="306">ไม่สามารถสื่อสารกับเซิร์ฟเวอร์</Event> <!-- This is an Edge Configuration error -->

    <!-- 400 range, failed commands -->
    <Event code="400">คำขอลงชื่อออกหมดเวลาแล้ว</Event>
    <Event code="401">คำขอลงชื่อออกไม่สำเร็จ</Event>
    <Event code="402">การปิดไม่สำเร็จ</Event>
    <Event code="403">บริการสถานะไม่สามารถเริ่มต้นได้</Event>
  </Service>
  <Service id="1201">
    <Event code="1">บริการข้อความโต้ตอบทันทีไม่สามารถดำเนินตามคำขอให้เสร็จสิ้น</Event>
  </Service>
</ServiceEventDescriptions>
