﻿<?xml version="1.0" encoding="utf-8"?> 
<ServiceStrings> 
	<Service id="1200">
		<String code="Available">Elérhető</String>
		<String code="Busy">Foglalt</String>
		<String code="Dnd">Ne zavarj</String>
		<String code="Offline">Offline</String>
		<String code="Away">Nincs a gépnél</String>
		<String code="Unknown">Ismeretlen</String>
		<String code="InAMeeting">Megbeszélésen</String>
		<String code="OnACall">Hívásban</String>
		<String code="Presenting">Előadás közben</String> 
		<String code="OfflineInAMeeting">Offline, megbeszélésen</String>
		<String code="OfflineOnACall">Offline, hívásban</String> 
		<String code="WbxMeeting">WebEx meetingen</String>
		<String code="OfflineWbxMeeting">Offline, WebEx meetingen</String>
		<String code="CUPProductName">Cisco Unified Presence 8.x</String>
		<String code="WebExProductName">WebEx Messenger</String>
		<String code="PresenceServerKeyName">Kiszolgáló címe:</String>
		<String code="InAMeetingOnACall">Megbeszélésen, hívásban</String>
		<String code="OfflineInAMeetingOnACall">Offline, megbeszélésen, hívásban</String>
	</Service> 
	<Service id="1201">
		<String code="GroupChat">Csoportos csevegés</String>
		<String code="MyMentions">Hol említettek?</String>
	</Service> 
</ServiceStrings>