﻿<?xml version="1.0" encoding="utf-8"?> 
<ServiceStrings> 
	<Service id="1200">
		<String code="Available">Verfügbar</String>
		<String code="Busy">Besetzt</String>
		<String code="Dnd">Bitte nicht stören</String>
		<String code="Offline">Offline</String>
		<String code="Away">Abwesend</String>
		<String code="Unknown">Unbekannt</String>
		<String code="InAMeeting">In einer Besprechung</String>
		<String code="OnACall">Am Telefon</String>
		<String code="Presenting">Präsentieren</String> 
		<String code="OfflineInAMeeting">Offline, in einer Besprechung</String>
		<String code="OfflineOnACall">Offline, am Telefon</String> 
		<String code="WbxMeeting">In einer WebEx-Konferenz</String>
		<String code="OfflineWbxMeeting">Offline, in einer WebEx-Konferenz</String>
		<String code="CUPProductName">Cisco Unified Presence 8.x</String>
		<String code="WebExProductName">WebEx Messenger</String>
		<String code="PresenceServerKeyName">Serveradresse:</String>
		<String code="InAMeetingOnACall">In einer Besprechung, in einem Anruf</String>
		<String code="OfflineInAMeetingOnACall">Offline, in einer Besprechung, in einem Anruf</String>
	</Service> 
	<Service id="1201">
		<String code="GroupChat">Gruppenchat</String>
		<String code="MyMentions">Meine Kommentare</String>
	</Service> 
</ServiceStrings>