﻿<?xml version="1.0" encoding="utf-8"?> 
<ServiceStrings> 
	<Service id="1200">
		<String code="Available">Доступен</String>
		<String code="Busy">Занят</String>
		<String code="Dnd">Не беспокоить</String>
		<String code="Offline">Нет в сети</String>
		<String code="Away">Отсутствует</String>
		<String code="Unknown">Неизвестно</String>
		<String code="InAMeeting">На собрании</String>
		<String code="OnACall">Говорит по телефону</String>
		<String code="Presenting">Представление</String> 
		<String code="OfflineInAMeeting">Нет в сети, на собрании</String>
		<String code="OfflineOnACall">Нет в сети, говорит по телефону</String> 
		<String code="WbxMeeting">На собрании WebEx</String>
		<String code="OfflineWbxMeeting">Нет в сети, на собрании WebEx</String>
		<String code="CUPProductName">Cisco Unified Presence 8.x</String>
		<String code="WebExProductName">WebEx Messenger</String>
		<String code="PresenceServerKeyName">Адр. сервера:</String>
		<String code="InAMeetingOnACall">На совещании, говорит по телефону</String>
		<String code="OfflineInAMeetingOnACall">Нет в сети, на совещании, говорит по телефону</String>
	</Service> 
	<Service id="1201">
		<String code="GroupChat">Групповой чат</String>
		<String code="MyMentions">Мои упоминания</String>
	</Service> 
</ServiceStrings>