﻿<?xml version="1.0" encoding="utf-8"?> 
<ServiceStrings> 
	<Service id="1200">
		<String code="Available">Disponibile</String>
		<String code="Busy">Occupato</String>
		<String code="Dnd">Non disturbare</String>
		<String code="Offline">Non in linea</String>
		<String code="Away">Assente</String>
		<String code="Unknown">Sconosciuto</String>
		<String code="InAMeeting">In riunione</String>
		<String code="OnACall">Chiamata in corso</String>
		<String code="Presenting">Presentazione</String> 
		<String code="OfflineInAMeeting">Non in linea, in riunione</String>
		<String code="OfflineOnACall">Non in linea, chiamata in corso</String> 
		<String code="WbxMeeting">In riunione WebEx</String>
		<String code="OfflineWbxMeeting">Non in linea, in riunione WebEx</String>
		<String code="CUPProductName">Cisco Unified Presence 8.x</String>
		<String code="WebExProductName">WebEx Messenger</String>
		<String code="PresenceServerKeyName">Indirizzo server:</String>
		<String code="InAMeetingOnACall">In riunione, chiamata in corso</String>
		<String code="OfflineInAMeetingOnACall">Offline, in riunione, chiamata in corso</String>
	</Service> 
	<Service id="1201">
		<String code="GroupChat">Chat di gruppo</String>
		<String code="MyMentions">I miei riferimenti</String>
	</Service> 
</ServiceStrings>