﻿<?xml version="1.0" encoding="utf-8"?> 
<ServiceStrings> 
	<Service id="1200">
		<String code="Available">Disponible</String>
		<String code="Busy">Occupé</String>
		<String code="Dnd">Ne pas déranger</String>
		<String code="Offline">Déconnecté</String>
		<String code="Away">Absent</String>
		<String code="Unknown">Inconnu</String>
		<String code="InAMeeting">En réunion</String>
		<String code="OnACall">Au téléphone</String>
		<String code="Presenting">En présentation</String> 
		<String code="OfflineInAMeeting">Déconnecté, en réunion</String>
		<String code="OfflineOnACall">Déconnecté, au téléphone</String> 
		<String code="WbxMeeting">En réunion WebEx</String>
		<String code="OfflineWbxMeeting">Déconnecté, en réunion WebEx</String>
		<String code="CUPProductName">Cisco Unified Presence 8.x</String>
		<String code="WebExProductName">WebEx Messenger</String>
		<String code="PresenceServerKeyName">Adresse :</String>
		<String code="InAMeetingOnACall">En réunion, au téléphone</String>
		<String code="OfflineInAMeetingOnACall">Déconnecté, en réunion, au téléphone</String>
	</Service> 
	<Service id="1201">
		<String code="GroupChat">Discussion de groupe</String>
		<String code="MyMentions">Mes mentions</String>
	</Service> 
</ServiceStrings>