﻿<?xml version="1.0" encoding="utf-8"?> 
<ServiceStrings> 
	<Service id="1200">
		<String code="Available">متاح</String>
		<String code="Busy">مشغول</String>
		<String code="Dnd">ممنوع الإزعاج</String>
		<String code="Offline">دون اتصال</String>
		<String code="Away">غير متواجد</String>
		<String code="Unknown">غير معروف</String>
		<String code="InAMeeting">في اجتماع</String>
		<String code="OnACall">في مكالمة</String>
		<String code="Presenting">تقديم</String> 
		<String code="OfflineInAMeeting">غير متصل بالإنترنت، في اجتماع</String>
		<String code="OfflineOnACall">غير متصل بالإنترنت، في مكالمة</String> 
		<String code="WbxMeeting">في اجتماع WebEx</String>
		<String code="OfflineWbxMeeting">غير متصل بالإنترنت، في اجتماع WebEx</String>
		<String code="CUPProductName">Cisco Unified Presence 8.x</String>
		<String code="WebExProductName">WebEx Messenger</String>
		<String code="PresenceServerKeyName">عنوان الخادم:</String>
		<String code="InAMeetingOnACall">في اجتماع، في مكالمة</String>
		<String code="OfflineInAMeetingOnACall">غير متصل بالإنترنت، في اجتماع، في مكالمة</String>
	</Service> 
	<Service id="1201">
		<String code="GroupChat">محادثة جماعية</String>
		<String code="MyMentions">الإشارات الخاصة بي</String>
	</Service> 
</ServiceStrings>