﻿<?xml version="1.0" encoding="utf-8"?>
<ServiceEventDescriptions>
  <Service id="1200">
    <Event code="1">狀態顯示服務無法完成要求。</Event>

    <!-- 200 range, stack errors -->
    <Event code="200">無法登入。</Event>
    <Event code="201">使用者名稱或密碼不正確。</Event>
    <Event code="202">無法連線至伺服器。&#13;&#10;內部伺服器錯誤</Event>
    <Event code="203">您的密碼已過期。&#13;&#10;請聯絡系統管理員。</Event>
    <Event code="204">請聯絡系統管理員升級 Cisco Jabber。</Event>
    <Event code="205">登入已取消。</Event>
    <Event code="206">您的帳戶已鎖定。&#13;&#10;請聯絡系統管理員。</Event>
    <Event code="207">您的帳戶未作用。&#13;&#10;請聯絡系統管理員。</Event>
    <Event code="208">無法與伺服器通訊。</Event>
    <Event code="209">登入憑證無效</Event>
	<Event code="210">證書無效</Event>

    <!-- 300 range, adapter errors -->
    <Event code="300">無法與伺服器通訊。&#13;&#10;連線逾時。</Event>
    <Event code="301">未指定使用者名稱。</Event>
    <Event code="302">未指定密碼。</Event>
    <Event code="303">提供伺服器資訊。</Event>
    <Event code="304">無法與伺服器通訊。</Event>
    <Event code="305">提供伺服器資訊。</Event>
	<Event code="306">無法與伺服器通訊。</Event> <!-- This is an Edge Configuration error -->

    <!-- 400 range, failed commands -->
    <Event code="400">登出要求已逾時。</Event>
    <Event code="401">登出要求失敗。</Event>
    <Event code="402">關閉失敗。</Event>
    <Event code="403">狀態顯示服務無法啟動。</Event>
  </Service>
  <Service id="1201">
    <Event code="1">即時訊息服務無法完成要求。</Event>
  </Service>
</ServiceEventDescriptions>
