<?xml version="1.0" encoding="utf-8"?>
<library>
  <name>IMPresenceServices</name>
  <path>IMPresenceServices</path>
  <services>
    <service name="CSFUnified::PresenceService" id="1200"/>
	  <service name="CSFUnified::InstantMessageConversationService" id="1201"/>
  </services>
  <featuresets>
    <featureset name="CSFUnified::IMPresenceFeatureSet" id="1200"/>
    <featureset name="CSFUnified::InstantMessageHistoryFeatureSet" id="1201"/>
    <featureset name="CSFUnified::PresenceServerStorageFeatureSet" id="1202"/>
    <featureset name="CSFUnified::ClientInfoFeatureSet" id="1001"/>
    <featureset name="CSFUnified::PasswordResetFeatureSet" id="1002"/>
  </featuresets>
  <authenticators>
    <authenticator id="1200" name="CUP"/>
    <authenticator id="1201" name="WEBEX"/>
    <authenticator id="8888" name="HTTP_PROXY"/>
  </authenticators>
</library>

