﻿<?xml version="1.0" encoding="utf-8"?>
<ServiceEventDescriptions>
  <Service id="1200">
    <Event code="1">Tilstedevær.tjeneste kan ikke fuldføre en anmodning.</Event>

    <!-- 200 range, stack errors -->
    <Event code="200">Kan ikke log-på.</Event>
    <Event code="201">Forkert brugernavn eller adgangskode.</Event>
    <Event code="202">Kan ikke oprette forbind. til server.&#13;&#10;Intern serverfejl</Event>
    <Event code="203">Din adgangskode er udløbet.&#13;&#10;Kontakt systemadministratoren.</Event>
    <Event code="204">Kontakt systemadministratoren for opgradering af Cisco Jabber.</Event>
    <Event code="205">Log-på blev annulleret.</Event>
    <Event code="206">Din konto er låst.&#13;&#10;Kontakt systemadministratoren.</Event>
    <Event code="207">Din konto er ikke aktiv.&#13;&#10;Kontakt systemadministratoren.</Event>
    <Event code="208">Kan ikke kommunikere med serveren.</Event>
    <Event code="209">Ugyldige log-på akkreditiver</Event>
	<Event code="210">Certifikatet er ikke gyldigt</Event>

    <!-- 300 range, adapter errors -->
    <Event code="300">Kan ikke kommunikere med serveren.&#13;&#10;Forbindelse fik time-out.</Event>
    <Event code="301">Intet brug.navn er angivet.</Event>
    <Event code="302">Ingen adg.kode er angivet.</Event>
    <Event code="303">Oplys om serverinformation.</Event>
    <Event code="304">Kan ikke kommunikere med serveren.</Event>
    <Event code="305">Oplys om serverinformation.</Event>
	<Event code="306">Kan ikke kommunikere med serveren.</Event> <!-- This is an Edge Configuration error -->

    <!-- 400 range, failed commands -->
    <Event code="400">Log-af anmodning fik time-out.</Event>
    <Event code="401">Log-af anmodning mislykk.</Event>
    <Event code="402">Luk ned mislykkedes.</Event>
    <Event code="403">Tilstedevær.tjenesten kunne ikke starte.</Event>
  </Service>
  <Service id="1201">
    <Event code="1">Online Meddelelsestjenesten kunne ikke fuldføre en anmodning.</Event>
  </Service>
</ServiceEventDescriptions>
