﻿<?xml version="1.0" encoding="utf-8"?>
<ServiceEventDescriptions>
  <Service id="1200">
    <Event code="1">Il servizio di presenza non può completare la richiesta.</Event>

    <!-- 200 range, stack errors -->
    <Event code="200">Impossibile effettuare l'accesso.</Event>
    <Event code="201">Nome utente o password non corretta.</Event>
    <Event code="202">Impossibile connettersi al server.&#13;&#10;Errore di server interno</Event>
    <Event code="203">La password è scaduta.&#13;&#10;Contattare il proprio amministratore di sistema.</Event>
    <Event code="204">Contattare il proprio amministratore di sistema per aggiornare Cisco Jabber.</Event>
    <Event code="205">L'accesso è stato annullato.</Event>
    <Event code="206">L'account è bloccato.&#13;&#10;Contattare il proprio amministratore di sistema.</Event>
    <Event code="207">L'account non è attivo.&#13;&#10;Contattare il proprio amministratore di sistema.</Event>
    <Event code="208">Impossibile comunicare con il server.</Event>
    <Event code="209">Credenziali di accesso non valide</Event>
	<Event code="210">Certificato non valido</Event>

    <!-- 300 range, adapter errors -->
    <Event code="300">Impossibile comunicare con il server.&#13; &#10;La connessione è scaduta.</Event>
    <Event code="301">Nessun nome utente specificato.</Event>
    <Event code="302">Nessuna password specificata.</Event>
    <Event code="303">Fornire informazioni sul server.</Event>
    <Event code="304">Impossibile comunicare con il server.</Event>
    <Event code="305">Fornire informazioni sul server.</Event>
	<Event code="306">Impossibile comunicare con il server.</Event> <!-- This is an Edge Configuration error -->

    <!-- 400 range, failed commands -->
    <Event code="400">La richiesta di disconnessione è scaduta.</Event>
    <Event code="401">La richiesta di disconnessione non è riuscita.</Event>
    <Event code="402">Arresto non riuscito.</Event>
    <Event code="403">Impossibile avviare il servizio di presenza.</Event>
  </Service>
  <Service id="1201">
    <Event code="1">Il servizio di messaggistica istantanea non è riuscito a completare la richiesta.</Event>
  </Service>
</ServiceEventDescriptions>
