﻿<?xml version="1.0" encoding="utf-8"?> 
<ServiceStrings> 
	<Service id="1200">
		<String code="Available">Disponível</String>
		<String code="Busy">Ocupado</String>
		<String code="Dnd">Não interromper</String>
		<String code="Offline">Offline</String>
		<String code="Away">Ausente</String>
		<String code="Unknown">Desconhecido</String>
		<String code="InAMeeting">Numa reunião</String>
		<String code="OnACall">Numa chamada</String>
		<String code="Presenting">A apresentar</String> 
		<String code="OfflineInAMeeting">Offline, numa reunião</String>
		<String code="OfflineOnACall">Offline, numa chamada</String> 
		<String code="WbxMeeting">Numa reunião do WebEx</String>
		<String code="OfflineWbxMeeting">Offline, numa reunião do Webex</String>
		<String code="CUPProductName">Cisco Unified Presence 8.x</String>
		<String code="WebExProductName">WebEx Messenger</String>
		<String code="PresenceServerKeyName">Ender. do servidor:</String>
		<String code="InAMeetingOnACall">Numa reunião, numa chamada</String>
		<String code="OfflineInAMeetingOnACall">Offline, numa reunião, numa chamada</String>
	</Service> 
	<Service id="1201">
		<String code="GroupChat">Conversação em grupo</String>
		<String code="MyMentions">As minhas menções</String>
	</Service> 
</ServiceStrings>