﻿<?xml version="1.0" encoding="utf-8"?>
<ServiceEventDescriptions>
  <Service id="1200">
    <Event code="1">Storitev prisotnosti ne more izvesti zahtevka.</Event>

    <!-- 200 range, stack errors -->
    <Event code="200">Prijava ni mogoča.</Event>
    <Event code="201">Uporabniško ime ali geslo ni pravilno.</Event>
    <Event code="202">Povezave s strežnikom ni mogoče vzpostaviti.&#13;&#10;Notranja napaka strežnika.</Event>
    <Event code="203">Vaš račun je potekel.&#13;&#10;Obrnite se na skrbnika.</Event>
    <Event code="204">Obrnite se na skrbnika, da nadgradi program Cisco Jabber.</Event>
    <Event code="205">Prijava je bila preklicana.</Event>
    <Event code="206">Vaš račun je zaklenjen.&#13;&#10;Obrnite se na skrbnika.</Event>
    <Event code="207">Vaš račun ni dejaven.&#13;&#10;Obrnite se na skrbnika.</Event>
    <Event code="208">Komunikacija s strežnikom ni mogoča.</Event>
    <Event code="209">Neveljavne prijavne poverilnice</Event>
	<Event code="210">Potrdilo ni veljavno</Event>

    <!-- 300 range, adapter errors -->
    <Event code="300">Komunikacija s strežnikom ni mogoča.&#13;&#10;Časovna omejitev povezave je potekla.</Event>
    <Event code="301">Uporabniško ime ni določeno.</Event>
    <Event code="302">Geslo ni določeno.</Event>
    <Event code="303">Vnesite podatke strežnika.</Event>
    <Event code="304">Komunikacija s strežnikom ni mogoča.</Event>
    <Event code="305">Vnesite podatke strežnika.</Event>
	<Event code="306">Komunikacija s strežnikom ni mogoča.</Event> <!-- This is an Edge Configuration error -->

    <!-- 400 range, failed commands -->
    <Event code="400">Časovna omejitev zahteve za odjavo je potekla.</Event>
    <Event code="401">Zahteva za odjavo ni uspela.</Event>
    <Event code="402">Zaustavitev ni uspela.</Event>
    <Event code="403">Zagon storitve prisotnosti ni uspel.</Event>
  </Service>
  <Service id="1201">
    <Event code="1">Storitev neposrednih sporočil ni uspela izvesti zahteve.</Event>
  </Service>
</ServiceEventDescriptions>
