﻿<?xml version="1.0" encoding="utf-8"?>
<ServiceEventDescriptions>
  <Service id="1200">
    <Event code="1">Служба присутствия не может выполнить запрос.</Event>

    <!-- 200 range, stack errors -->
    <Event code="200">Вход невозможен.</Event>
    <Event code="201">Неверное имя пользователя или пароль.</Event>
    <Event code="202">Невозможно подключиться к серверу.&#13;&#10;Внутренняя ошибка сервера</Event>
    <Event code="203">Срок действия пароля истек.&#13;&#10;Обратитесь к системному администратору.</Event>
    <Event code="204">Для обновления Cisco Jabber обратитесь к системному администратору.</Event>
    <Event code="205">Вход отменен.</Event>
    <Event code="206">Учетная запись заблокирована.&#13;&#10;Обратитесь к системному администратору.</Event>
    <Event code="207">Учетная запись неактивна.&#13;&#10;Обратитесь к системному администратору.</Event>
    <Event code="208">Невозможно установить связь с сервером.</Event>
    <Event code="209">Недействительные учетные данные для входа</Event>
	<Event code="210">Сертификат недействителен</Event>

    <!-- 300 range, adapter errors -->
    <Event code="300">Невозможно установить связь с сервером.&#13;&#10;Срок ожидания подключения истек.</Event>
    <Event code="301">Имя пользователя не указано.</Event>
    <Event code="302">Пароль не указан.</Event>
    <Event code="303">Укажите сведения о сервере.</Event>
    <Event code="304">Невозможно установить связь с сервером.</Event>
    <Event code="305">Укажите сведения о сервере.</Event>
	<Event code="306">Невозможно установить связь с сервером.</Event> <!-- This is an Edge Configuration error -->

    <!-- 400 range, failed commands -->
    <Event code="400">Истек срок ожидания ответа на запрос выхода.</Event>
    <Event code="401">Ошибка запроса выхода.</Event>
    <Event code="402">Ошибка выключения.</Event>
    <Event code="403">Не удалось запустить службу присутствия.</Event>
  </Service>
  <Service id="1201">
    <Event code="1">Службе чата не удалось выполнить запрос.</Event>
  </Service>
</ServiceEventDescriptions>
