﻿<?xml version="1.0" encoding="utf-8"?>
<ServiceEventDescriptions>
  <Service id="1200">
    <Event code="1">Služba prítomnosti nedokáže dokončiť požiadavku.</Event>

    <!-- 200 range, stack errors -->
    <Event code="200">Nedá sa príhlásiť.</Event>
    <Event code="201">Nesprávne meno používateľa alebo heslo.</Event>
    <Event code="202">Nedá sa pripojiť na server.&#13;&#10;Interná chyba servera</Event>
    <Event code="203">Platnosť vášho hesla uplynula.&#13;&#10;Obráťte sa na správcu systému.</Event>
    <Event code="204">Obráťte sa na správcu systému so žiadosťou o upgrade aplikácie Cisco Jabber.</Event>
    <Event code="205">Prihlásenie bolo zrušené.</Event>
    <Event code="206">Vaše konto je zablokované.&#13;&#10;Obráťte sa na správcu systému.</Event>
    <Event code="207">Vaše konto je neaktívne.&#13;&#10;Obráťte sa na správcu systému.</Event>
    <Event code="208">Nie je možné komunikovať so serverom.</Event>
    <Event code="209">Neplatné prihlasovacie údaje</Event>
	<Event code="210">Certifikát je neplatný</Event>

    <!-- 300 range, adapter errors -->
    <Event code="300">Nie je možné komunikovať so serverom.&#13;&#10;Časový limit spojenia uplynul.</Event>
    <Event code="301">Nebolo zadané meno používateľa.</Event>
    <Event code="302">Nebolo zadané heslo.</Event>
    <Event code="303">Zadajte informácie o serveri.</Event>
    <Event code="304">Nie je možné komunikovať so serverom.</Event>
    <Event code="305">Zadajte informácie o serveri.</Event>
	<Event code="306">Nie je možné komunikovať so serverom.</Event> <!-- This is an Edge Configuration error -->

    <!-- 400 range, failed commands -->
    <Event code="400">Časový limit požiadavky na odhlásenie uplynul.</Event>
    <Event code="401">Požiadavka na odhlásenie neúspešná.</Event>
    <Event code="402">Vypnutie neúspešné.</Event>
    <Event code="403">Služba prítomnosti sa nedokázala spustiť.</Event>
  </Service>
  <Service id="1201">
    <Event code="1">Služba okamžitých správ nedokázala dokončiť požiadavku.</Event>
  </Service>
</ServiceEventDescriptions>
