﻿<?xml version="1.0" encoding="utf-8"?> 
<ServiceStrings> 
	<Service id="1200">
		<String code="Available">대화 가능</String>
		<String code="Busy">다른 용무 중</String>
		<String code="Dnd">방해 금지</String>
		<String code="Offline">오프라인</String>
		<String code="Away">자리 비움</String>
		<String code="Unknown">알 수 없음</String>
		<String code="InAMeeting">미팅 중</String>
		<String code="OnACall">통화 중</String>
		<String code="Presenting">공유중</String> 
		<String code="OfflineInAMeeting">오프라인(미팅 중)</String>
		<String code="OfflineOnACall">오프라인(통화 중)</String> 
		<String code="WbxMeeting">WebEx 미팅 중</String>
		<String code="OfflineWbxMeeting">오프라인(WebEx 미팅 중)</String>
		<String code="CUPProductName">Cisco Unified Presence 8.x</String>
		<String code="WebExProductName">WebEx Messenger</String>
		<String code="PresenceServerKeyName">서버 주소:</String>
		<String code="InAMeetingOnACall">미팅 중, 통화 중</String>
		<String code="OfflineInAMeetingOnACall">오프라인, 미팅 중, 통화 중</String>
	</Service> 
	<Service id="1201">
		<String code="GroupChat">그룹 채팅</String>
		<String code="MyMentions">내 멘션</String>
	</Service> 
</ServiceStrings>