﻿<?xml version="1.0" encoding="utf-8"?> 
<ServiceStrings> 
	<Service id="1200">
		<String code="Available">Beschikbaar</String>
		<String code="Busy">Bezet</String>
		<String code="Dnd">Niet storen</String>
		<String code="Offline">Offline</String>
		<String code="Away">Afwezig</String>
		<String code="Unknown">Onbekend</String>
		<String code="InAMeeting">In vergadering</String>
		<String code="OnACall">In gesprek</String>
		<String code="Presenting">Presenteren</String> 
		<String code="OfflineInAMeeting">Offline, in vergadering</String>
		<String code="OfflineOnACall">Offline, in gesprek</String> 
		<String code="WbxMeeting">In WebEx-vergadering</String>
		<String code="OfflineWbxMeeting">Offline, in WebEx-vergadering</String>
		<String code="CUPProductName">Cisco Unified Presence 8.x</String>
		<String code="WebExProductName">WebEx Messenger</String>
		<String code="PresenceServerKeyName">Serveradres:</String>
		<String code="InAMeetingOnACall">In vergadering, in gesprek</String>
		<String code="OfflineInAMeetingOnACall">Offline, in vergadering, in gesprek</String>
	</Service> 
	<Service id="1201">
		<String code="GroupChat">Groepchat</String>
		<String code="MyMentions">Mijn vermeldingen</String>
	</Service> 
</ServiceStrings>