﻿<?xml version="1.0" encoding="utf-8"?> 
<ServiceStrings> 
	<Service id="1200">
		<String code="Available">Tilgjengelig</String>
		<String code="Busy">Opptatt</String>
		<String code="Dnd">Ikke forstyrr</String>
		<String code="Offline">Ikke tilkoblet</String>
		<String code="Away">Borte</String>
		<String code="Unknown">Ukjent</String>
		<String code="InAMeeting">I et møte</String>
		<String code="OnACall">I en samtale</String>
		<String code="Presenting">Presenterer</String> 
		<String code="OfflineInAMeeting">Ikke pålogget, i et møte</String>
		<String code="OfflineOnACall">Ikke pålogget, i en samtale</String> 
		<String code="WbxMeeting">I et WebEx-møte</String>
		<String code="OfflineWbxMeeting">Ikke pålogget, i et WebEx-møte</String>
		<String code="CUPProductName">Cisco Unified Presence 8.x</String>
		<String code="WebExProductName">WebEx Messenger</String>
		<String code="PresenceServerKeyName">Serveradresse:</String>
		<String code="InAMeetingOnACall">I møte, i samtale</String>
		<String code="OfflineInAMeetingOnACall">Frakoblet, i møte, i samtale</String>
	</Service> 
	<Service id="1201">
		<String code="GroupChat">Gruppesamtale</String>
		<String code="MyMentions">Mine omtaler</String>
	</Service> 
</ServiceStrings>