﻿<?xml version="1.0" encoding="utf-8"?> 
<ServiceStrings> 
	<Service id="1200">
		<String code="Available">Na voljo</String>
		<String code="Busy">Zasedeno</String>
		<String code="Dnd">Ne moti</String>
		<String code="Offline">Brez povezave</String>
		<String code="Away">Odsoten</String>
		<String code="Unknown">Neznano</String>
		<String code="InAMeeting">Na sestanku</String>
		<String code="OnACall">Sodeluje v pogovoru</String>
		<String code="Presenting">Izvaja predstavitev</String> 
		<String code="OfflineInAMeeting">Brez povezave, na sestanku</String>
		<String code="OfflineOnACall">Brez povezave, sodeluje v pogovoru</String> 
		<String code="WbxMeeting">Na sestanku WebEx</String>
		<String code="OfflineWbxMeeting">Brez povezave, na sestanku WebEx</String>
		<String code="CUPProductName">Cisco Unified Presence 8.x</String>
		<String code="WebExProductName">WebEx Messenger</String>
		<String code="PresenceServerKeyName">Naslov strežnika:</String>
		<String code="InAMeetingOnACall">Na sestanku, med klicem</String>
		<String code="OfflineInAMeetingOnACall">Brez povezave, na sestanku, med klicem</String>
	</Service> 
	<Service id="1201">
		<String code="GroupChat">Skupinski klepet</String>
		<String code="MyMentions">Moje omembe</String>
	</Service> 
</ServiceStrings>