﻿<?xml version="1.0" encoding="utf-8"?>
<ServiceEventDescriptions>
  <Service id="1200">
    <Event code="1">Presence service cannot complete a request.</Event>

    <!-- 200 range, stack errors -->
    <Event code="200">Cannot sign in.</Event>
    <Event code="201">Your username or password is not correct.</Event>
    <Event code="202">Cannot connect to the server.&#13;&#10;Internal server error</Event>
    <Event code="203">Your password has expired.&#13;&#10;Contact your system administrator.</Event>
    <Event code="204">Contact your system administrator to upgrade Cisco Jabber.</Event>
    <Event code="205">Sign in was canceled.</Event>
    <Event code="206">Your account is locked.&#13;&#10;Contact your system administrator.</Event>
    <Event code="207">Your account is not active.&#13;&#10;Contact your system administrator.</Event>
    <Event code="208">Cannot communicate with the server.</Event>
    <Event code="209">Invalid sign in credentials</Event>
	<Event code="210">Certificate not valid</Event>

    <!-- 300 range, adapter errors -->
    <Event code="300">Cannot communicate with the server.&#13;&#10;The connection has timed out.</Event>
    <Event code="301">No username specified.</Event>
    <Event code="302">No password specified.</Event>
    <Event code="303">Provide server information.</Event>
    <Event code="304">Cannot communicate with the server.</Event>
    <Event code="305">Provide server information.</Event>
	<Event code="306">Cannot communicate with the server.</Event> <!-- This is an Edge Configuration error -->

    <!-- 400 range, failed commands -->
    <Event code="400">Sign out request has timed out.</Event>
    <Event code="401">Sign out request has failed.</Event>
    <Event code="402">Shut down has failed.</Event>
    <Event code="403">The presence service could not start.</Event>
  </Service>
  <Service id="1201">
    <Event code="1">The instant messaging service could not complete a request.</Event>
  </Service>
</ServiceEventDescriptions>
