﻿<?xml version="1.0" encoding="utf-8"?>
<ServiceStrings> 
	<Service id="1200">
		<String code="Available">応答可能</String>
		<String code="Busy">取り込み中</String>
		<String code="Dnd">応答不可</String>
		<String code="Offline">オフライン</String>
		<String code="Away">退席中</String>
		<String code="Unknown">不明</String>
		<String code="InAMeeting">ミーティング中</String>
		<String code="OnACall">通話中</String>
		<String code="Presenting">発表中</String> 
		<String code="OfflineInAMeeting">オフライン(ミーティング中)</String>
		<String code="OfflineOnACall">オフライン(通話中)</String> 
		<String code="WbxMeeting">WebExミーティング中</String>
		<String code="OfflineWbxMeeting">オフライン(WebExミーティング中)</String>
		<String code="CUPProductName">Cisco Unified Presence 8.x</String>
		<String code="WebExProductName">WebEx Messenger</String>
		<String code="PresenceServerKeyName">サーバアドレス：</String>
		<String code="InAMeetingOnACall">ミーティング中(通話中)</String>
		<String code="OfflineInAMeetingOnACall">オフライン(ミーティング中、通話中)</String>
	</Service> 
	<Service id="1201">
		<String code="GroupChat">グループチャット</String>
		<String code="MyMentions">自分の発言</String>
	</Service> 
</ServiceStrings>
