﻿<?xml version="1.0" encoding="utf-8"?> 
<ServiceStrings> 
	<Service id="2100">
		<String code="CucmProductName">Cisco Communications Manager 8.x</String>
		<String code="TftpServerKeyName">TFTP server:</String>
		<String code="CtiServerKeyName">CTI server:</String>
		<String code="CcmcipServerKeyName">CCMCIP server:</String>
		<String code="CallsAvailableForPickup">Anrop tilgjengelig for henting</String>
		<String code="NoCallAvailableForPickup">Ikke noe anrop tilgjengelig for henting</String>
		<String code="NoBandwidthAvailableForPickup">Ingen båndbredde tilgjengelig for henting</String>
		<String code="NoLineAvailableForPickup">Ingen linje tilgjengelig for henting</String>
		<String code="InvalidPickupGroup">Ugyldig hentegruppe</String>
		<String code="PickupFailed">Henting fungerte ikke</String>
		<String code="PickupGroupDeleted">Hentegruppe slettet</String>	
		<String code="UnknownContact">(Uten navn)</String>
	</Service>
	<Service id="2102">
		<String code="Conference">Konferanse</String>
	</Service> 
</ServiceStrings>