﻿<?xml version="1.0" encoding="utf-8"?> 
<ServiceStrings> 
	<Service id="2100">
		<String code="CucmProductName">Cisco Communications Manager 8.x</String>
		<String code="TftpServerKeyName">TFTP-palvelin:</String>
		<String code="CtiServerKeyName">CTI-palvelin:</String>
		<String code="CcmcipServerKeyName">CCMCIP-palvelin:</String>
		<String code="CallsAvailableForPickup">Poimittavissa olevat puhelut</String>
		<String code="NoCallAvailableForPickup">Ei puhelua poimintaa varten</String>
		<String code="NoBandwidthAvailableForPickup">Ei kaistanleveyttä poimintaa varten</String>
		<String code="NoLineAvailableForPickup">Ei linjaa poimintaa varten</String>
		<String code="InvalidPickupGroup">Virheellinen poimintaryhmä</String>
		<String code="PickupFailed">Poiminta epäonnistui</String>
		<String code="PickupGroupDeleted">Poimintaryhmä poistettu</String>	
		<String code="UnknownContact">(Ei nimeä)</String>
	</Service>
	<Service id="2102">
		<String code="Conference">Neuvottelu</String>
	</Service> 
</ServiceStrings>