﻿<?xml version="1.0" encoding="utf-8"?> 
<ServiceStrings> 
	<Service id="2100">
		<String code="CucmProductName">Cisco Communications Manager 8.x</String>
		<String code="TftpServerKeyName">Serveur TFTP :</String>
		<String code="CtiServerKeyName">Serveur CTI :</String>
		<String code="CcmcipServerKeyName">Serveur CCMCIP :</String>
		<String code="CallsAvailableForPickup">Appel(s) disponible(s) pour l'interception</String>
		<String code="NoCallAvailableForPickup">Aucun appel n'est disponible pour l'interception</String>
		<String code="NoBandwidthAvailableForPickup">Aucune bande passante disponible pour l'interception</String>
		<String code="NoLineAvailableForPickup">Aucune ligne disponible pour l'interception</String>
		<String code="InvalidPickupGroup">Groupe de l'interception non valide</String>
		<String code="PickupFailed">L'interception a échoué</String>
		<String code="PickupGroupDeleted">Groupe de l'interception supprimé</String>	
		<String code="UnknownContact">(Aucun nom)</String>
	</Service>
	<Service id="2102">
		<String code="Conference">Conférence</String>
	</Service> 
</ServiceStrings>