﻿<?xml version="1.0" encoding="utf-8"?>
<ServiceEventDescriptions>
  <Service id="2100">
    <Event code="1">Nieznany</Event> <!-- Unknown -->
    <Event code="2">Uruchomienie zestawu funkcji nie powiodło się</Event> <!-- UnknownStartFeatureSetFailure -->
    <Event code="3">Nieprawidłowa nazwa użytkownika lub hasło. Przejdź do Usługi tel. w oknie Opcje i wprowadź prawidłową nazwę użytkownika i hasło. Jeśli nie znasz, prawidłowych danych, skontaktuj się z administratorem systemu.</Event> <!-- InvalidCredential -->
    <Event code="4">Skonfigurowany serwer CCMCIP jest nieprawidłowy</Event> <!-- InvalidCCMCIPServer -->
    <Event code="5">Skonfigurowany serwer TFTP jest nieprawidłowy</Event> <!-- InvalidTFTPServer -->
    <Event code="6">Skonfigurowany serwer CTI jest nieprawidłowy</Event> <!-- InvalidCTIServer -->
    <Event code="7">StartConversationFailure</Event> <!-- StartConversationFailure -->
    <Event code="8">ServerConnectionFailure</Event> <!-- ServerConnectionFailure -->
    <Event code="9">Nie można się zalogować.</Event> <!-- ServerAuthenticationFailure -->
    <Event code="10">InvalidTelephonyDevice</Event> <!-- InvalidTelephonyDevice -->
    <Event code="11">InvalidTelephonyNumber</Event> <!-- InvalidTelephonyNumber -->
    <Event code="12">EndConversationFailure</Event> <!-- EndConversationFailure -->
    <Event code="13">HoldConversationFailure</Event> <!-- HoldConversationFailure -->
    <Event code="14">ResumeConversationFailure</Event> <!-- ResumeConversationFailure -->
    <Event code="15">AcceptConversationFailure</Event> <!-- AcceptConversationFailure -->
    <Event code="16">MuteConversationAudioFailure</Event> <!-- MuteConversationAudioFailure -->
    <Event code="17">UnmuteConversationAudioFailure</Event> <!-- UnmuteConversationAudioFailure -->
    <Event code="18">IdivertConversationFailure</Event> <!-- IdivertConversationFailure -->
    <Event code="19">TransferConversationFailure</Event> <!-- TransferConversationFailure -->
    <Event code="20">MuteConversationVideoFailure</Event> <!-- MuteConversationVideoFailure -->
    <Event code="21">UnmuteConversationVideoFailure</Event> <!-- UnmuteConversationVideoFailure -->
    <Event code="22">SetConversationRemoteWindowFailure</Event> <!-- SetConversationRemoteWindowFailure -->
    <Event code="23">RemoveConversationRemoteWindowFailure</Event> <!-- RemoveConversationRemoteWindowFailure -->
    <Event code="24">SetConversationPreviewWindowFailure</Event> <!-- SetConversationPreviewWindowFailure -->
    <Event code="25">RemoveConversationPreviewWindowFailure</Event> <!-- RemoveConversationPreviewWindowFailure -->
    <Event code="26">StopConversationFeatureFailure</Event> <!-- StopConversationFeatureFailure -->
    <Event code="27">StartDeviceFeatureFailure</Event> <!-- StartDeviceFeatureFailure -->
    <Event code="28">StopDeviceFeatureFailure</Event> <!-- StopDeviceFeatureFailure -->
    <Event code="29">SetAudioRecordDeviceFailure</Event> <!-- SetAudioRecordDeviceFailure -->
    <Event code="30">SetAudioPlayoutDeviceFailure</Event> <!-- SetAudioPlayoutDeviceFailure -->
    <Event code="31">SetAudioRingerDeviceFailure</Event> <!-- SetAudioRingerDeviceFailure -->
    <Event code="32">SetAudioPlayoutAndRingerDeviceFailure</Event> <!-- SetAudioPlayoutAndRingerDeviceFailure -->
    <Event code="33">SetVideoCaptureDeviceFailure</Event> <!-- SetVideoCaptureDeviceFailure -->
    <Event code="34">CompleteTransferFailure</Event> <!-- CompleteTransferFailure -->
    <Event code="35">SelectDeviceFailure</Event> <!-- SelectDeviceFailure -->
    <Event code="36">SetCallForwardToNumberFailure</Event> <!-- SetCallForwardToNumberFailure -->
    <Event code="37">SetCallForwardToVoiceMailFailure</Event> <!-- SetCallForwardToVoiceMailFailure -->
    <Event code="38">Brak nazwy użytkownika lub hasła.  Przejdź do Usługi tel. w oknie Opcje i wprowadź prawidłową nazwę użytkownika i hasło. Jeśli nie znasz, prawidłowych danych, skontaktuj się z administratorem systemu.</Event> <!-- NoCredentialsConfigured -->
    <Event code="39">Upewnij się, że komputer jest podłączony do sieci. Jeśli masz problemy z połączeniem do sieci skontaktuj się z administratorem systemu.</Event> <!-- NoNetwork -->
    <Event code="40">Błąd połączenia. Upewnij się, że dane serwera na karcie Usługi tel. w oknie Opcje są poprawne. Skontaktuj się z administratorem systemu, aby uzyskać pomoc.</Event> <!-- UnknownConnectionError -->
    <Event code="41">Medianet nie jest zainstalowany.</Event> <!-- MedianetNotInstalled -->
    <Event code="42">Wideo telefonu biurkowego jest niedostępne w trybie programu telefonicznego.</Event> <!-- DeskphoneVideoUnavailableInSoftphoneMode -->
	<Event code="43">MedianetNotRunning</Event><!-- MedianetNotRunning -->
	<Event code="44">Rejestrowanie certyfikatów na potrzeby bezpiecznych połączeń komputerowych nie zostało aktywowane. Skontaktuj się z administratorem systemu.</Event><!-- CapfAdminActionRequired -->
	<Event code="45">InProgress</Event><!-- InProgress -->
    <Event code="46">Ustawienie konfiguracji telefonii są nieprawidłowe.</Event> <!-- InValidConfig -->
	<Event code="47">Niepowodzenie</Event> <!-- Failed -->
    <Event code="48">Uwierzytelniono</Event> <!-- Authenticated -->	
	<Event code="49">ParkConversationFailure</Event> <!-- ParkConversationFailure -->
    <Event code="50">Podana nazwa użytkownika lub podane hasło jest nieprawidłowe.</Event> <!-- InvalidCredential -->
	<Event code="51">Nie wprowadzono nazwy użytkownika lub hasła.</Event> <!-- NoCredentialsConfigured -->
	<Event code="52">Nie przesłano bezpiecznego kodu uwierzytelniania. Przejdź do trybu telefonu na dole koncentratora i wybierz opcję "Używaj mojego komputera do połączeń".</Event> <!-- CapfAuthenticationStringRequired -->
	<Event code="53">Możliwe, że wystąpił problem z kodem zabezpieczeń. Wprowadź go ponownie, a jeśli próba znów się nie powiedzie, skontaktuj się z administratorem systemu.</Event> <!-- CapfEnrollmentFailure -->
    <Event code="54">Certyfikat serwera został odrzucony</Event> <!-- ServerCertificateRejected -->
	<Event code="55">Wideo telefonu biurkowego jest niedostępne w trybie programu telefonicznego.</Event> <!--DeskPhoneVideoUnavailableInExtendConnectMode-->
    <Event code="58">Niepowodzenie bezpiecznego połączenia (TLS)</Event> <!--TLSFailure-->
    <Event code="59">Błąd połączenia SSL.</Event> <!--SSLConnectError-->
    <Event code="63">Wymagana jest aktualizacja w celu włączenia funkcji połączeń między komunikatorami Jabber</Event> <!--SparkAPIBreakingChangeError-->
    <!-- Server Health Strings -->
    <Event code="1000">Urządzenie:</Event> <!-- DeviceLabelString -->
    <Event code="1001">Linia:</Event> <!-- LineLabelString -->
  </Service>
</ServiceEventDescriptions>