﻿<?xml version="1.0" encoding="utf-8"?> 
<ServiceStrings> 
	<Service id="2100">
		<String code="CucmProductName">Cisco Communications Manager 8.x</String>
		<String code="TftpServerKeyName">TFTP  poslužitelj:</String>
		<String code="CtiServerKeyName">CTI poslužitelj:</String>
		<String code="CcmcipServerKeyName">CCMCIP poslužitelj:</String>
		<String code="CallsAvailableForPickup">Pozivi dostupni za hvatanje</String>
		<String code="NoCallAvailableForPickup">Nema poziva dostupnog za hvatanje</String>
		<String code="NoBandwidthAvailableForPickup">Nema pojasa dostupnog za hvatanje</String>
		<String code="NoLineAvailableForPickup">Nema linije dostupne za hvatanje</String>
		<String code="InvalidPickupGroup">Neispravna grupa za hvatanje</String>
		<String code="PickupFailed">Hvatanje nije uspjelo</String>
		<String code="PickupGroupDeleted">Grupa za hvatanje je izbrisana</String>	
		<String code="UnknownContact">(Bez imena)</String>
	</Service>
	<Service id="2102">
		<String code="Conference">Konferencija</String>
	</Service> 
</ServiceStrings>