﻿<?xml version="1.0" encoding="utf-8"?>
<ServiceEventDescriptions>
  <Service id="2100">
    <Event code="1">Desconhecido</Event> <!-- Unknown -->
    <Event code="2">Ocorreu uma falha ao iniciar um conjunto de funcionalidades</Event> <!-- UnknownStartFeatureSetFailure -->
    <Event code="3">Inválido usuário ou palavra chaves inseridos. Vá a Serviços de Telefone na janela de Opções e introduza o usuário e palavra chave correctos. Se não souber a sua informação de login  contacte o administrador do seu sistema.</Event> <!-- InvalidCredential -->
    <Event code="4">O servidor CCMCIP configurado está incorrecto.</Event> <!-- InvalidCCMCIPServer -->
    <Event code="5">O servidor TFTP configurado está incorrecto.</Event> <!-- InvalidTFTPServer -->
    <Event code="6">O servidor CTI configurado está incorrecto.</Event> <!-- InvalidCTIServer -->
    <Event code="7">StartConversationFailure</Event> <!-- StartConversationFailure -->
    <Event code="8">ServerConnectionFailure</Event> <!-- ServerConnectionFailure -->
    <Event code="9">Não é possível iniciar sessão.</Event> <!-- ServerAuthenticationFailure -->
    <Event code="10">InvalidTelephonyDevice</Event> <!-- InvalidTelephonyDevice -->
    <Event code="11">InvalidTelephonyNumber</Event> <!-- InvalidTelephonyNumber -->
    <Event code="12">EndConversationFailure</Event> <!-- EndConversationFailure -->
    <Event code="13">HoldConversationFailure</Event> <!-- HoldConversationFailure -->
    <Event code="14">ResumeConversationFailure</Event> <!-- ResumeConversationFailure -->
    <Event code="15">AcceptConversationFailure</Event> <!-- AcceptConversationFailure -->
    <Event code="16">MuteConversationAudioFailure</Event> <!-- MuteConversationAudioFailure -->
    <Event code="17">UnmuteConversationAudioFailure</Event> <!-- UnmuteConversationAudioFailure -->
    <Event code="18">IdivertConversationFailure</Event> <!-- IdivertConversationFailure -->
    <Event code="19">TransferConversationFailure</Event> <!-- TransferConversationFailure -->
    <Event code="20">MuteConversationVideoFailure</Event> <!-- MuteConversationVideoFailure -->
    <Event code="21">UnmuteConversationVideoFailure</Event> <!-- UnmuteConversationVideoFailure -->
    <Event code="22">SetConversationRemoteWindowFailure</Event> <!-- SetConversationRemoteWindowFailure -->
    <Event code="23">RemoveConversationRemoteWindowFailure</Event> <!-- RemoveConversationRemoteWindowFailure -->
    <Event code="24">SetConversationPreviewWindowFailure</Event> <!-- SetConversationPreviewWindowFailure -->
    <Event code="25">RemoveConversationPreviewWindowFailure</Event> <!-- RemoveConversationPreviewWindowFailure -->
    <Event code="26">StopConversationFeatureFailure</Event> <!-- StopConversationFeatureFailure -->
    <Event code="27">StartDeviceFeatureFailure</Event> <!-- StartDeviceFeatureFailure -->
    <Event code="28">StopDeviceFeatureFailure</Event> <!-- StopDeviceFeatureFailure -->
    <Event code="29">SetAudioRecordDeviceFailure</Event> <!-- SetAudioRecordDeviceFailure -->
    <Event code="30">SetAudioPlayoutDeviceFailure</Event> <!-- SetAudioPlayoutDeviceFailure -->
    <Event code="31">SetAudioRingerDeviceFailure</Event> <!-- SetAudioRingerDeviceFailure -->
    <Event code="32">SetAudioPlayoutAndRingerDeviceFailure</Event> <!-- SetAudioPlayoutAndRingerDeviceFailure -->
    <Event code="33">SetVideoCaptureDeviceFailure</Event> <!-- SetVideoCaptureDeviceFailure -->
    <Event code="34">CompleteTransferFailure</Event> <!-- CompleteTransferFailure -->
    <Event code="35">SelectDeviceFailure</Event> <!-- SelectDeviceFailure -->
    <Event code="36">SetCallForwardToNumberFailure</Event> <!-- SetCallForwardToNumberFailure -->
    <Event code="37">SetCallForwardToVoiceMailFailure</Event> <!-- SetCallForwardToVoiceMailFailure -->
    <Event code="38">Nenhum usuário  ou palavra chave inserido. Vá a Serviços de Telefone na janela de Opções e introduza o usuário e palavra chave correctos. Se não souber a sua informação de login  contacte o administrador do seu sistema.</Event> <!-- NoCredentialsConfigured -->
    <Event code="39">Certifique-se que o seu computador está conectado à rede. Se você estiver a ter problemas de conexão à rede contacte o administrador do seu sistema.</Event> <!-- NoNetwork -->
    <Event code="40">Erro de ligação. Certifique-se de que as informações do servidor no separador Serviços de telefone na janela Opções estão correctas. Contacte o administrador do sistema para obter assistência.</Event> <!-- UnknownConnectionError -->
    <Event code="41">Medianet não está instalado.</Event> <!-- MedianetNotInstalled -->
    <Event code="42">Telefone com vídeo não está disponível em modo softphone.</Event> <!-- DeskphoneVideoUnavailableInSoftphoneMode -->
	<Event code="43">MedianetNotRunning</Event><!-- MedianetNotRunning -->
	<Event code="44">A inscrição do certificado para chamadas seguras através do computador não foi activada. Contacte o administrador do sistema.</Event><!-- CapfAdminActionRequired -->
	<Event code="45">InProgress</Event><!-- InProgress -->
    <Event code="46">As definições de configuração da telefonia não são válidas.</Event> <!-- InValidConfig -->
	<Event code="47">Falhou</Event> <!-- Failed -->
    <Event code="48">Autenticado</Event> <!-- Authenticated -->	
	<Event code="49">ParkConversationFailure</Event> <!-- ParkConversationFailure -->
    <Event code="50">O nome de utilizador ou a palavra-passe não estão correctos.</Event> <!-- InvalidCredential -->
	<Event code="51">Não foi especificado qualquer nome de utilizador ou palavra-passe.</Event> <!-- NoCredentialsConfigured -->
	<Event code="52">Não submeteu o seu código de autenticação seguro. Aceda ao modo de telefone na parte inferior do concentrador e seleccione 'Utilizar o meu computador para chamadas'.</Event> <!-- CapfAuthenticationStringRequired -->
	<Event code="53">Poderá existir um problema com o seu código de segurança. Introduza o mesmo novamente e, em seguida, contacte o administrador do sistema, se essa tentativa não for bem sucedida.</Event> <!-- CapfEnrollmentFailure -->
    <Event code="54">O certificado do servidor foi rejeitado.</Event> <!-- ServerCertificateRejected -->
	<Event code="55">Telefone com vídeo não está disponível em modo expandido e de ligação.</Event> <!--DeskPhoneVideoUnavailableInExtendConnectMode-->
    <Event code="58">Falha de ligação segura (TLS)</Event> <!--TLSFailure-->
    <Event code="59">Erro de ligação SSL.</Event> <!--SSLConnectError-->
    <Event code="63">Actualização necessária para activar as chamadas de Jabber para Jabber</Event> <!--SparkAPIBreakingChangeError-->
    <!-- Server Health Strings -->
    <Event code="1000">Dispositivo:</Event> <!-- DeviceLabelString -->
    <Event code="1001">Linha:</Event> <!-- LineLabelString -->
  </Service>
</ServiceEventDescriptions>