﻿<?xml version="1.0" encoding="utf-8"?> 
<ServiceStrings> 
	<Service id="2100">
		<String code="CucmProductName">Cisco Communications Manager 8.x</String>
		<String code="TftpServerKeyName">TFTP sunucusu:</String>
		<String code="CtiServerKeyName">CTI sunucusu:</String>
		<String code="CcmcipServerKeyName">CCMCIP sunucusu:</String>
		<String code="CallsAvailableForPickup">Çağrı Çekme için Uygun Aramalar</String>
		<String code="NoCallAvailableForPickup">Çağrı Çekme için arama yok</String>
		<String code="NoBandwidthAvailableForPickup">Çağrı Çekme için bant genişliği yok</String>
		<String code="NoLineAvailableForPickup">Çağrı Çekme için hat yok</String>
		<String code="InvalidPickupGroup">Geçersiz Çağrı Çekme Grubu</String>
		<String code="PickupFailed">Çağrı Çekme başarısız</String>
		<String code="PickupGroupDeleted">Çağrı Çekme Grubu silindi</String>	
		<String code="UnknownContact">(Ad Yok)</String>
	</Service>
	<Service id="2102">
		<String code="Conference">Konferans</String>
	</Service> 
</ServiceStrings>