﻿<?xml version="1.0" encoding="utf-8"?>
<ServiceEventDescriptions>
  <Service id="2100">
    <Event code="1">غير معروف</Event> <!-- Unknown -->
    <Event code="2">فشل بدء مجموعة ميزات</Event> <!-- UnknownStartFeatureSetFailure -->
    <Event code="3">اسم المستخدم أو كلمة المرور غير صالح. انتقل إلى خدمات الهاتف في نافذة خيارات وقم بإدخال اسم المستخدم وكلمة المرور الصحيحين. إذا كنت لا تعرف معلومات تسجيل الدخول اتصل بمسؤول النظام.</Event> <!-- InvalidCredential -->
    <Event code="4">خادم CCMCIP الذي تم تكوينه غير صحيح</Event> <!-- InvalidCCMCIPServer -->
    <Event code="5">خادم TFTP الذي تم تكوينه غير صحيح</Event> <!-- InvalidTFTPServer -->
    <Event code="6">خادم CTI الذي تم تكوينه غير صحيح</Event> <!-- InvalidCTIServer -->
    <Event code="7">StartConversationFailure</Event> <!-- StartConversationFailure -->
    <Event code="8">ServerConnectionFailure</Event> <!-- ServerConnectionFailure -->
    <Event code="9">لا يمكن تسجيل الدخول.</Event> <!-- ServerAuthenticationFailure -->
    <Event code="10">InvalidTelephonyDevice</Event> <!-- InvalidTelephonyDevice -->
    <Event code="11">InvalidTelephonyNumber</Event> <!-- InvalidTelephonyNumber -->
    <Event code="12">EndConversationFailure</Event> <!-- EndConversationFailure -->
    <Event code="13">HoldConversationFailure</Event> <!-- HoldConversationFailure -->
    <Event code="14">ResumeConversationFailure</Event> <!-- ResumeConversationFailure -->
    <Event code="15">AcceptConversationFailure</Event> <!-- AcceptConversationFailure -->
    <Event code="16">MuteConversationAudioFailure</Event> <!-- MuteConversationAudioFailure -->
    <Event code="17">UnmuteConversationAudioFailure</Event> <!-- UnmuteConversationAudioFailure -->
    <Event code="18">IdivertConversationFailure</Event> <!-- IdivertConversationFailure -->
    <Event code="19">TransferConversationFailure</Event> <!-- TransferConversationFailure -->
    <Event code="20">MuteConversationVideoFailure</Event> <!-- MuteConversationVideoFailure -->
    <Event code="21">UnmuteConversationVideoFailure</Event> <!-- UnmuteConversationVideoFailure -->
    <Event code="22">SetConversationRemoteWindowFailure</Event> <!-- SetConversationRemoteWindowFailure -->
    <Event code="23">RemoveConversationRemoteWindowFailure</Event> <!-- RemoveConversationRemoteWindowFailure -->
    <Event code="24">SetConversationPreviewWindowFailure</Event> <!-- SetConversationPreviewWindowFailure -->
    <Event code="25">RemoveConversationPreviewWindowFailure</Event> <!-- RemoveConversationPreviewWindowFailure -->
    <Event code="26">StopConversationFeatureFailure</Event> <!-- StopConversationFeatureFailure -->
    <Event code="27">StartDeviceFeatureFailure</Event> <!-- StartDeviceFeatureFailure -->
    <Event code="28">StopDeviceFeatureFailure</Event> <!-- StopDeviceFeatureFailure -->
    <Event code="29">SetAudioRecordDeviceFailure</Event> <!-- SetAudioRecordDeviceFailure -->
    <Event code="30">SetAudioPlayoutDeviceFailure</Event> <!-- SetAudioPlayoutDeviceFailure -->
    <Event code="31">SetAudioRingerDeviceFailure</Event> <!-- SetAudioRingerDeviceFailure -->
    <Event code="32">SetAudioPlayoutAndRingerDeviceFailure</Event> <!-- SetAudioPlayoutAndRingerDeviceFailure -->
    <Event code="33">SetVideoCaptureDeviceFailure</Event> <!-- SetVideoCaptureDeviceFailure -->
    <Event code="34">CompleteTransferFailure</Event> <!-- CompleteTransferFailure -->
    <Event code="35">SelectDeviceFailure</Event> <!-- SelectDeviceFailure -->
    <Event code="36">SetCallForwardToNumberFailure</Event> <!-- SetCallForwardToNumberFailure -->
    <Event code="37">SetCallForwardToVoiceMailFailure</Event> <!-- SetCallForwardToVoiceMailFailure -->
    <Event code="38">لم تقم بإدخال اسم المستخدم أو كلمة المرور. انتقل إلى خدمات الهاتف في نافذة خيارات وقم بإدخال اسم المستخدم وكلمة المرور الصحيحين. إذا كنت لا تعرف معلومات تسجيل الدخول اتصل بمسؤول النظام.</Event> <!-- NoCredentialsConfigured -->
    <Event code="39">تأكد من أن الكمبيوتر متصلا بالشبكة. إذا كنت تواجه مشاكل في الاتصال بالشبكة اتصل بمسؤول النظام.</Event> <!-- NoNetwork -->
    <Event code="40">خطأ في الاتصال. تأكد من أن معلومات الخادم في علامة تبويب خدمات الهاتف في الإطار خيارات صحيحة. اتصل بمسؤول النظام للحصول على المساعدة.</Event> <!-- UnknownConnectionError -->
    <Event code="41">لم يتم تثبيت وسائل الإعلام.</Event> <!-- MedianetNotInstalled -->
    <Event code="42">فيديو مكتب الهاتف ليس متوفر في وضع الهاتف الرقمي.</Event> <!-- DeskphoneVideoUnavailableInSoftphoneMode -->
	<Event code="43">MedianetNotRunning</Event><!-- MedianetNotRunning -->
	<Event code="44">لم يتم تنشيط تسجيل الشهادة للاتصال الآمن عبر الكمبيوتر. اتصل بمسؤول النظام لديك.</Event><!-- CapfAdminActionRequired -->
	<Event code="45">InProgress</Event><!-- InProgress -->
    <Event code="46">إعدادات تكوين الاتصال الهاتفي غير صالحة.</Event> <!-- InValidConfig -->
	<Event code="47">فشل</Event> <!-- Failed -->
    <Event code="48">تمت المصادقة</Event> <!-- Authenticated -->	
	<Event code="49">ParkConversationFailure</Event> <!-- ParkConversationFailure -->
    <Event code="50">اسم المستخدم أو كلمة المرور غير صحيحة.</Event> <!-- InvalidCredential -->
	<Event code="51">لم يتم تحديد اسم مستخدم أو كلمة مرور.</Event> <!-- NoCredentialsConfigured -->
	<Event code="52">لم ترسل رمز المصادقة الآمن. انتقل إلى وضع الهاتف في أسفل لوحة الوصل وحدد "استخدام الكمبيوتر لإجراء مكالمات".</Event> <!-- CapfAuthenticationStringRequired -->
	<Event code="53">قد تكون هناك مشكلة في رمز الأمان. أدخله مجددًا ثم اتصل بالمسؤول إذا لم تنجح هذه المحاولة.</Event> <!-- CapfEnrollmentFailure -->
    <Event code="54">تم رفض شهادة الملقم.</Event> <!-- ServerCertificateRejected -->
	<Event code="55">فيديو مكتب الهاتف ليس متوفر في وضع الهاتف الرقمي.</Event> <!--DeskPhoneVideoUnavailableInExtendConnectMode-->
    <Event code="58">فشل الاتصال الآمن (TLS)</Event> <!--TLSFailure-->
    <Event code="59">خطأ في اتصال SSL.</Event> <!--SSLConnectError-->
    <Event code="63">أنت بحاجة إلى التحديث لتمكين Jabber لإجراء مكالمات Jabber</Event> <!--SparkAPIBreakingChangeError-->
    <!-- Server Health Strings -->
    <Event code="1000">الجهاز:</Event> <!-- DeviceLabelString -->
    <Event code="1001">الخط:</Event> <!-- LineLabelString -->
  </Service>
</ServiceEventDescriptions>