﻿<?xml version="1.0" encoding="utf-8"?>
<ServiceEventDescriptions>
  <Service id="2100">
    <Event code="1">Неизвестен</Event> <!-- Unknown -->
    <Event code="2">Стартирането на набор от функции беше неуспешно</Event> <!-- UnknownStartFeatureSetFailure -->
    <Event code="3">Беше въведено невалидно потребителско име или парола. Отидете на "Телефонни услуги", меню Файл-Опции-Телефонни акаунти, и въведете правилното потребителско име и парола. Ако не знаете вашата информация за вход, се свържете с вашия системен администратор.</Event> <!-- InvalidCredential -->
    <Event code="4">Конфигурираният CCMCIP сървър е неизправен</Event> <!-- InvalidCCMCIPServer -->
    <Event code="5">Конфигурираният TFTP сървър е неизправен</Event> <!-- InvalidTFTPServer -->
    <Event code="6">Конфигурираният CTI сървър е неизправен</Event> <!-- InvalidCTIServer -->
    <Event code="7">НеМожеДаСеСтартираРазговор</Event> <!-- StartConversationFailure -->
    <Event code="8">НеуспешноСвързванеСъсСървъра</Event> <!-- ServerConnectionFailure -->
    <Event code="9">Не мога да вляза в профила си.</Event> <!-- ServerAuthenticationFailure -->
    <Event code="10">НевалиднoТелефонноУстройство</Event> <!-- InvalidTelephonyDevice -->
    <Event code="11">НевалиденНомерНаТелефония</Event> <!-- InvalidTelephonyNumber -->
    <Event code="12">НеуспешноПрекратяванеНаРазговора</Event> <!-- EndConversationFailure -->
    <Event code="13">НеуспешноЗадържанеНаРазговора</Event> <!-- HoldConversationFailure -->
    <Event code="14">НеуспешноПодновяванеНаРазговора</Event> <!-- ResumeConversationFailure -->
    <Event code="15">НеуспешноПриеманеНаРазговора</Event> <!-- AcceptConversationFailure -->
    <Event code="16">НеуспешноИзключванеНаЗвукаНаАудиоРазговора</Event> <!-- MuteConversationAudioFailure -->
    <Event code="17">НеуспешноВключванеНаЗвукаНаАудиоРазговора</Event> <!-- UnmuteConversationAudioFailure -->
    <Event code="18">НеуспешенIdivertРазговор</Event> <!-- IdivertConversationFailure -->
    <Event code="19">НеуспешноПрехвърлянеНаРазговора</Event> <!-- TransferConversationFailure -->
    <Event code="20">НеуспешноИзключванеНаЗвукаНаВидеоРазговора</Event> <!-- MuteConversationVideoFailure -->
    <Event code="21">НеуспешноВключванеНаЗвукаНаВидеоРазговора</Event> <!-- UnmuteConversationVideoFailure -->
    <Event code="22">НеуспешноЗадаванеНаРазговорЧрезОтдалеченПрозорец</Event> <!-- SetConversationRemoteWindowFailure -->
    <Event code="23">НеуспешноПремахванеНаРазговорЧрезОтдалеченПрозорец</Event> <!-- RemoveConversationRemoteWindowFailure -->
    <Event code="24">НеуспешноЗадаванеНаРазговорЧрезПрозорецЗаПреглед</Event> <!-- SetConversationPreviewWindowFailure -->
    <Event code="25">НеуспешноПремахванеНаРазговорЧрезПрозорецЗаПреглед</Event> <!-- RemoveConversationPreviewWindowFailure -->
    <Event code="26">НеуспешнаФункцияЗаСпиранеНаРазговор</Event> <!-- StopConversationFeatureFailure -->
    <Event code="27">НеуспешнаФункцияЗаСтартиранеНаУстройство</Event> <!-- StartDeviceFeatureFailure -->
    <Event code="28">НеуспешнаФункцияЗаСпиранеНаУстройство</Event> <!-- StopDeviceFeatureFailure -->
    <Event code="29">НеуспешноЗадаванеНаАудиоЗаписЧрезУстройство</Event> <!-- SetAudioRecordDeviceFailure -->
    <Event code="30">НеуспешноВъзпроизвежданеНаАудиоЗаписЧрезУстройство</Event> <!-- SetAudioPlayoutDeviceFailure -->
    <Event code="31">НеуспешноЗадаванеНаАудиоЗвъненеЧрезУстройство</Event> <!-- SetAudioRingerDeviceFailure -->
    <Event code="32">НеуспешноЗадаванеЗаАудиоВъзпроизвежданеИЗвъненеЧрезУстройство</Event> <!-- SetAudioPlayoutAndRingerDeviceFailure -->
    <Event code="33">НеуспешноЗадаванеНаВидеоЗаснеманеЧрезУстройство</Event> <!-- SetVideoCaptureDeviceFailure -->
    <Event code="34">НеуспешноПълноПрехвърляне</Event> <!-- CompleteTransferFailure -->
    <Event code="35">НеуспешенИзборНаУстройство</Event> <!-- SelectDeviceFailure -->
    <Event code="36">НеуспешноЗадаванеНаПрехвърлянеНаПовикванеКъмНомер</Event> <!-- SetCallForwardToNumberFailure -->
    <Event code="37">НеуспешноЗадаванеНаПрехвърлянеНаПовивканеКъмГласоваПоща</Event> <!-- SetCallForwardToVoiceMailFailure -->
    <Event code="38">Не са въведени потребителско име или парола. Отидете на "Телефонни услуги", меню Файл-Опции-Телефонни акаунти,  и въведете правилното потребителско име и парола. Ако не знаете си информацията си за вход в акаунта, се свържете с вашия системен администратор.</Event> <!-- NoCredentialsConfigured -->
    <Event code="39">Уверете се, че компютърът ви е свързан към мрежата. Ако имате проблеми със свързването към мрежата, се свържете с вашия системен администратор.</Event> <!-- NoNetwork -->
    <Event code="40">Грешка при свързването. Уверете се, че информацията за сървъра в  "Телефонни услуги", меню Файл-Опции-Телефонни акаунти, е вярна. За помощ се свържете с вашия системен администратор.</Event> <!-- UnknownConnectionError -->
    <Event code="41">Medianet не е инсталиран.</Event> <!-- MedianetNotInstalled -->
    <Event code="42">Видеото през настолен телефон не е налично в режим софтуерен телефон.</Event> <!-- DeskphoneVideoUnavailableInSoftphoneMode -->
	<Event code="43">MedianetНеВключен</Event><!-- MedianetNotRunning -->
	<Event code="44">Записването на сертификата за защитени разговори през компютъра не е било активирано. Свържете се с вашия системен администратор.</Event><!-- CapfAdminActionRequired -->
	<Event code="45">ВИзпълнение</Event><!-- InProgress -->
    <Event code="46">Настройките за конфигуриране на телефонията са невалидни.</Event> <!-- InValidConfig -->
	<Event code="47">Повредени</Event> <!-- Failed -->
    <Event code="48">С потвърдена автентичност</Event> <!-- Authenticated -->	
	<Event code="49">НеМожеДаСеСтартираПрехвърленРазговор</Event> <!-- ParkConversationFailure -->
    <Event code="50">Потребителското ви име или паролата не е правилна.</Event> <!-- InvalidCredential -->
	<Event code="51">Не е въведено потребителско име или парола.</Event> <!-- NoCredentialsConfigured -->
	<Event code="52">Не сте въвели своя защитен опознавателен код. Идете на режим "телефон" в долната част на хъба и изберете "Използвай компютъра ми за разговори".</Event> <!-- CapfAuthenticationStringRequired -->
	<Event code="53">Възможно е да има проблем с вашия код за защита. Въведете го отново, но ако и този опит е неуспешен, тогава се свържете със системния си администратор.</Event> <!-- CapfEnrollmentFailure -->
    <Event code="54">Сертификатът на сървъра бе отхвърлен.</Event> <!-- ServerCertificateRejected -->
	<Event code="55">Видеото през настолен телефон не е налично в режим на разширено свързване.</Event> <!--DeskPhoneVideoUnavailableInExtendConnectMode-->
    <Event code="58">Неуспешна защитена връзка (TLS)</Event> <!--TLSFailure-->
    <Event code="59">Грешка на SSL връзка.</Event> <!--SSLConnectError-->
    <Event code="63">Необходимо е актуализиране, за да се разрешат повиквания от Jabber към Jabber</Event> <!--SparkAPIBreakingChangeError-->
    <!-- Server Health Strings -->
    <Event code="1000">Устройство:</Event> <!-- DeviceLabelString -->
    <Event code="1001">Линия:</Event> <!-- LineLabelString -->
  </Service>
</ServiceEventDescriptions>