﻿<?xml version="1.0" encoding="utf-8"?> 
<ServiceStrings> 
	<Service id="2100">
		<String code="CucmProductName">Cisco Communications Manager 8.x</String>
		<String code="TftpServerKeyName">Servidor TFTP:</String>
		<String code="CtiServerKeyName">Servidor CTI:</String>
		<String code="CcmcipServerKeyName">Servidor CCMCIP:</String>
		<String code="CallsAvailableForPickup">Llamadas disponibles para captura</String>
		<String code="NoCallAvailableForPickup">No hay ninguna llamada disponible para la captura</String>
		<String code="NoBandwidthAvailableForPickup">No hay ancho banda disponible para la captura</String>
		<String code="NoLineAvailableForPickup">No hay ninguna línea disponible para la captura</String>
		<String code="InvalidPickupGroup">Grupo de captura no válido</String>
		<String code="PickupFailed">Error de captura</String>
		<String code="PickupGroupDeleted">Grupo de captura eliminado</String>	
		<String code="UnknownContact">(Sin nombre)</String>
	</Service>
	<Service id="2102">
		<String code="Conference">Conferencia</String>
	</Service> 
</ServiceStrings>