﻿<?xml version="1.0" encoding="utf-8"?> 
<ServiceStrings> 
	<Service id="2100">
		<String code="CucmProductName">Cisco Communications Manager 8.x</String>
		<String code="TftpServerKeyName">TFTP 伺服器:</String>
		<String code="CtiServerKeyName">CTI 伺服器:</String>
		<String code="CcmcipServerKeyName">CCMCIP 伺服器:</String>
		<String code="CallsAvailableForPickup">可用於代接的通話</String>
		<String code="NoCallAvailableForPickup">沒有可用於代接的通話</String>
		<String code="NoBandwidthAvailableForPickup">沒有可用於代接的頻寬</String>
		<String code="NoLineAvailableForPickup">沒有可用於代接的線路</String>
		<String code="InvalidPickupGroup">無效的代接群組</String>
		<String code="PickupFailed">代接失敗</String>
		<String code="PickupGroupDeleted">已刪除代接群組</String>	
		<String code="UnknownContact">(無姓名)</String>
	</Service>
	<Service id="2102">
		<String code="Conference">會議</String>
	</Service> 
</ServiceStrings>