﻿<?xml version="1.0" encoding="utf-8"?> 
<ServiceStrings> 
	<Service id="2100">
		<String code="CucmProductName">Cisco Communications Manager 8.x</String>
		<String code="TftpServerKeyName">Strežnik TFTP:</String>
		<String code="CtiServerKeyName">Strežnik CTI:</String>
		<String code="CcmcipServerKeyName">Strežnik CCMCIP:</String>
		<String code="CallsAvailableForPickup">Klic(i) na voljo za prevzem</String>
		<String code="NoCallAvailableForPickup">Na voljo ni nobenega klica za prevzem</String>
		<String code="NoBandwidthAvailableForPickup">Na voljo ni nobene pasovne širine za prevzem</String>
		<String code="NoLineAvailableForPickup">Na voljo ni nobene linije za prevzem</String>
		<String code="InvalidPickupGroup">Neveljavna skupina za prevzem</String>
		<String code="PickupFailed">Prevzem ni uspel</String>
		<String code="PickupGroupDeleted">Skupina za prevzem je izbrisana</String>	
		<String code="UnknownContact">(Brez imena)</String>
	</Service>
	<Service id="2102">
		<String code="Conference">Konferenčni klic</String>
	</Service> 
</ServiceStrings>