﻿<?xml version="1.0" encoding="utf-8"?> 
<ServiceStrings> 
	<Service id="2100">
		<String code="CucmProductName">Cisco Communications Manager 8.x</String>
		<String code="TftpServerKeyName">TFTP-server:</String>
		<String code="CtiServerKeyName">CTI-server:</String>
		<String code="CcmcipServerKeyName">CCMCIP-server:</String>
		<String code="CallsAvailableForPickup">Samtal som är tillgängliga för Hämta</String>
		<String code="NoCallAvailableForPickup">Inget samtal tillgängligt för Hämta</String>
		<String code="NoBandwidthAvailableForPickup">Ingen bandbredd tillgänglig för Hämta</String>
		<String code="NoLineAvailableForPickup">Ingen linje tillgänglig för Hämta</String>
		<String code="InvalidPickupGroup">Ogiltig Hämta-grupp</String>
		<String code="PickupFailed">Hämta misslyckades</String>
		<String code="PickupGroupDeleted">Hämta-grupp togs bort</String>	
		<String code="UnknownContact">(Inget namn)</String>
	</Service>
	<Service id="2102">
		<String code="Conference">Konferens</String>
	</Service> 
</ServiceStrings>