﻿<?xml version="1.0" encoding="utf-8"?>
<ServiceStrings> 
	<Service id="2100">
		<String code="CucmProductName">Cisco Communications Manager 8.x</String>
		<String code="TftpServerKeyName">TFTPサーバ：</String>
		<String code="CtiServerKeyName">CTIサーバ：</String>
		<String code="CcmcipServerKeyName">CCMCIPサーバ：</String>
		<String code="CallsAvailableForPickup">ピックアップできる通話</String>
		<String code="NoCallAvailableForPickup">ピックアップ可能な通話なし</String>
		<String code="NoBandwidthAvailableForPickup">ピックアップできる帯域幅がありません</String>
		<String code="NoLineAvailableForPickup">ピックアップできる回線がありません</String>
		<String code="InvalidPickupGroup">無効なピックアップグループです</String>
		<String code="PickupFailed">ピックアップに失敗しました</String>
		<String code="PickupGroupDeleted">ピックアップグループが削除されました</String>	
		<String code="UnknownContact">(名前なし)</String>
	</Service>
	<Service id="2102">
		<String code="Conference">会議</String>
	</Service> 
</ServiceStrings>
