﻿<?xml version="1.0" encoding="utf-8"?>
<ServiceEventDescriptions>
  <Service id="2100">
    <Event code="1">未知</Event> <!-- Unknown -->
    <Event code="2">启动功能集失败</Event> <!-- UnknownStartFeatureSetFailure -->
    <Event code="3">输入的用户名或密码无效。请转至“选项”窗口中的“电话服务”，并输入正确的用户名和密码。如果您不知道自己的登录信息，请与系统管理员联系。</Event> <!-- InvalidCredential -->
    <Event code="4">配置的 CCMCIP 服务器不正确</Event> <!-- InvalidCCMCIPServer -->
    <Event code="5">配置的 TFTP 服务器不正确</Event> <!-- InvalidTFTPServer -->
    <Event code="6">配置的 CTI 服务器不正确</Event> <!-- InvalidCTIServer -->
    <Event code="7">StartConversationFailure</Event> <!-- StartConversationFailure -->
    <Event code="8">ServerConnectionFailure</Event> <!-- ServerConnectionFailure -->
    <Event code="9">无法登录。</Event> <!-- ServerAuthenticationFailure -->
    <Event code="10">InvalidTelephonyDevice</Event> <!-- InvalidTelephonyDevice -->
    <Event code="11">InvalidTelephonyNumber</Event> <!-- InvalidTelephonyNumber -->
    <Event code="12">EndConversationFailure</Event> <!-- EndConversationFailure -->
    <Event code="13">HoldConversationFailure</Event> <!-- HoldConversationFailure -->
    <Event code="14">ResumeConversationFailure</Event> <!-- ResumeConversationFailure -->
    <Event code="15">AcceptConversationFailure</Event> <!-- AcceptConversationFailure -->
    <Event code="16">MuteConversationAudioFailure</Event> <!-- MuteConversationAudioFailure -->
    <Event code="17">UnmuteConversationAudioFailure</Event> <!-- UnmuteConversationAudioFailure -->
    <Event code="18">IdivertConversationFailure</Event> <!-- IdivertConversationFailure -->
    <Event code="19">TransferConversationFailure</Event> <!-- TransferConversationFailure -->
    <Event code="20">MuteConversationVideoFailure</Event> <!-- MuteConversationVideoFailure -->
    <Event code="21">UnmuteConversationVideoFailure</Event> <!-- UnmuteConversationVideoFailure -->
    <Event code="22">SetConversationRemoteWindowFailure</Event> <!-- SetConversationRemoteWindowFailure -->
    <Event code="23">RemoveConversationRemoteWindowFailure</Event> <!-- RemoveConversationRemoteWindowFailure -->
    <Event code="24">SetConversationPreviewWindowFailure</Event> <!-- SetConversationPreviewWindowFailure -->
    <Event code="25">RemoveConversationPreviewWindowFailure</Event> <!-- RemoveConversationPreviewWindowFailure -->
    <Event code="26">StopConversationFeatureFailure</Event> <!-- StopConversationFeatureFailure -->
    <Event code="27">StartDeviceFeatureFailure</Event> <!-- StartDeviceFeatureFailure -->
    <Event code="28">StopDeviceFeatureFailure</Event> <!-- StopDeviceFeatureFailure -->
    <Event code="29">SetAudioRecordDeviceFailure</Event> <!-- SetAudioRecordDeviceFailure -->
    <Event code="30">SetAudioPlayoutDeviceFailure</Event> <!-- SetAudioPlayoutDeviceFailure -->
    <Event code="31">SetAudioRingerDeviceFailure</Event> <!-- SetAudioRingerDeviceFailure -->
    <Event code="32">SetAudioPlayoutAndRingerDeviceFailure</Event> <!-- SetAudioPlayoutAndRingerDeviceFailure -->
    <Event code="33">SetVideoCaptureDeviceFailure</Event> <!-- SetVideoCaptureDeviceFailure -->
    <Event code="34">CompleteTransferFailure</Event> <!-- CompleteTransferFailure -->
    <Event code="35">SelectDeviceFailure</Event> <!-- SelectDeviceFailure -->
    <Event code="36">SetCallForwardToNumberFailure</Event> <!-- SetCallForwardToNumberFailure -->
    <Event code="37">SetCallForwardToVoiceMailFailure</Event> <!-- SetCallForwardToVoiceMailFailure -->
    <Event code="38">未输入用户名或密码。请转至“选项”窗口中的“电话服务”，并输入正确的用户名和密码。如果您不知道自己的登录信息，请与系统管理员联系。</Event> <!-- NoCredentialsConfigured -->
    <Event code="39">确保您的计算机已连接到网络。如果您在联网时遇到了问题，请与系统管理员联系。</Event> <!-- NoNetwork -->
    <Event code="40">连接错误。请确保 [选项] 窗口中 [电话服务] 选项卡下的服务器信息正确无误。如果需要支持，请与系统管理员联系。</Event> <!-- UnknownConnectionError -->
    <Event code="41">未安装 Medianet。</Event> <!-- MedianetNotInstalled -->
    <Event code="42">无法在“软电话”模式下使用桌面电话视频功能。</Event> <!-- DeskphoneVideoUnavailableInSoftphoneMode -->
	<Event code="43">媒体网络未运行</Event><!-- MedianetNotRunning -->
	<Event code="44">用于安全计算机呼叫的证书注册尚未激活。请与您的系统管理员联系。</Event><!-- CapfAdminActionRequired -->
	<Event code="45">进行中</Event><!-- InProgress -->
    <Event code="46">电话配置设置无效。</Event> <!-- InValidConfig -->
	<Event code="47">已失败</Event> <!-- Failed -->
    <Event code="48">已验证</Event> <!-- Authenticated -->	
	<Event code="49">暂留对话失败</Event> <!-- ParkConversationFailure -->
    <Event code="50">用户名或密码不正确。</Event> <!-- InvalidCredential -->
	<Event code="51">未指定用户名或密码。</Event> <!-- NoCredentialsConfigured -->
	<Event code="52">您尚未提交安全验证码。请转到集线器底部的电话模式，然后选择 [使用计算机呼叫]。</Event> <!-- CapfAuthenticationStringRequired -->
	<Event code="53">您的安全代码可能有问题。请重新输入，如果仍然不成功，则与系统管理员联系。</Event> <!-- CapfEnrollmentFailure -->
    <Event code="54">服务器证书被拒绝了。</Event> <!-- ServerCertificateRejected -->
	<Event code="55">无法在“扩展”和“连接”模式下使用桌面电话视频功能。</Event> <!--DeskPhoneVideoUnavailableInExtendConnectMode-->
    <Event code="58">安全连接失败 (TLS)</Event> <!--TLSFailure-->
    <Event code="59">SSL 连接错误。</Event> <!--SSLConnectError-->
    <Event code="63">必须进行更新才能启用 Jabber 进行 Jabber 呼叫</Event> <!--SparkAPIBreakingChangeError-->
    <!-- Server Health Strings -->
    <Event code="1000">设备:</Event> <!-- DeviceLabelString -->
    <Event code="1001">线路:</Event> <!-- LineLabelString -->
  </Service>
</ServiceEventDescriptions>