﻿<?xml version="1.0" encoding="utf-8"?>
<ServiceEventDescriptions>
  <Service id="2100">
    <Event code="1">Bilinmiyor</Event> <!-- Unknown -->
    <Event code="2">Özellik kümesi başlatma başarısız oldu</Event> <!-- UnknownStartFeatureSetFailure -->
    <Event code="3">Geçersiz kullanıcı adı ya da parola. Seçenekler menüsünden Telefon Hizmetleri'ni seçerek doğru kullanıcı adı ve parolasını girin. Eğer sisteme giriş bilgilerinizi bilmiyorsanız sistem yöneticinizle iletişime geçin.</Event> <!-- InvalidCredential -->
    <Event code="4">Yapılandırılmış CCMCIP sunucusu yanlış</Event> <!-- InvalidCCMCIPServer -->
    <Event code="5">Yapılandırılmış TFTP sunucusu yanlış</Event> <!-- InvalidTFTPServer -->
    <Event code="6">Yapılandırılmış CTI sunucusu yanlış</Event> <!-- InvalidCTIServer -->
    <Event code="7">StartConversationFailure</Event> <!-- StartConversationFailure -->
    <Event code="8">ServerConnectionFailure</Event> <!-- ServerConnectionFailure -->
    <Event code="9">Oturum açılamıyor.</Event> <!-- ServerAuthenticationFailure -->
    <Event code="10">InvalidTelephonyDevice</Event> <!-- InvalidTelephonyDevice -->
    <Event code="11">InvalidTelephonyNumber</Event> <!-- InvalidTelephonyNumber -->
    <Event code="12">EndConversationFailure</Event> <!-- EndConversationFailure -->
    <Event code="13">HoldConversationFailure</Event> <!-- HoldConversationFailure -->
    <Event code="14">ResumeConversationFailure</Event> <!-- ResumeConversationFailure -->
    <Event code="15">AcceptConversationFailure</Event> <!-- AcceptConversationFailure -->
    <Event code="16">MuteConversationAudioFailure</Event> <!-- MuteConversationAudioFailure -->
    <Event code="17">UnmuteConversationAudioFailure</Event> <!-- UnmuteConversationAudioFailure -->
    <Event code="18">IdivertConversationFailure</Event> <!-- IdivertConversationFailure -->
    <Event code="19">TransferConversationFailure</Event> <!-- TransferConversationFailure -->
    <Event code="20">MuteConversationVideoFailure</Event> <!-- MuteConversationVideoFailure -->
    <Event code="21">UnmuteConversationVideoFailure</Event> <!-- UnmuteConversationVideoFailure -->
    <Event code="22">SetConversationRemoteWindowFailure</Event> <!-- SetConversationRemoteWindowFailure -->
    <Event code="23">RemoveConversationRemoteWindowFailure</Event> <!-- RemoveConversationRemoteWindowFailure -->
    <Event code="24">SetConversationPreviewWindowFailure</Event> <!-- SetConversationPreviewWindowFailure -->
    <Event code="25">RemoveConversationPreviewWindowFailure</Event> <!-- RemoveConversationPreviewWindowFailure -->
    <Event code="26">StopConversationFeatureFailure</Event> <!-- StopConversationFeatureFailure -->
    <Event code="27">StartDeviceFeatureFailure</Event> <!-- StartDeviceFeatureFailure -->
    <Event code="28">StopDeviceFeatureFailure</Event> <!-- StopDeviceFeatureFailure -->
    <Event code="29">SetAudioRecordDeviceFailure</Event> <!-- SetAudioRecordDeviceFailure -->
    <Event code="30">SetAudioPlayoutDeviceFailure</Event> <!-- SetAudioPlayoutDeviceFailure -->
    <Event code="31">SetAudioRingerDeviceFailure</Event> <!-- SetAudioRingerDeviceFailure -->
    <Event code="32">SetAudioPlayoutAndRingerDeviceFailure</Event> <!-- SetAudioPlayoutAndRingerDeviceFailure -->
    <Event code="33">SetVideoCaptureDeviceFailure</Event> <!-- SetVideoCaptureDeviceFailure -->
    <Event code="34">CompleteTransferFailure</Event> <!-- CompleteTransferFailure -->
    <Event code="35">SelectDeviceFailure</Event> <!-- SelectDeviceFailure -->
    <Event code="36">SetCallForwardToNumberFailure</Event> <!-- SetCallForwardToNumberFailure -->
    <Event code="37">SetCallForwardToVoiceMailFailure</Event> <!-- SetCallForwardToVoiceMailFailure -->
    <Event code="38">Herhangi bir kullanıcı adı ya da parola girilmedi. Seçenekler menüsünden Telefon Hizmetleri'ni seçerek doğru kullanıcı adı ve parolasını girin. Eğer sisteme giriş bilgilerinizi bilmiyorsanız sistem yöneticinizle iletişime geçin.</Event> <!-- NoCredentialsConfigured -->
    <Event code="39">Bilgisayarınızın ağa bağlı olduğuna emin olun. Eğer ağa bağlanmakta sorun yaşıyorsanız sistem yöneticinizle iletişime geçin.</Event> <!-- NoNetwork -->
    <Event code="40">Bağlantı hatası. Seçenekler penceresinde Telefon Hizmetleri sekmesindeki sunucu bilgisinin doğru olduğundan emin olun. Yardım için sistem yöneticinizle iletişime geçin.</Event> <!-- UnknownConnectionError -->
    <Event code="41">Medianet kurulu değil.</Event> <!-- MedianetNotInstalled -->
    <Event code="42">Masa telefonu video yazılım telefonu modunda kullanılamaz.</Event> <!-- DeskphoneVideoUnavailableInSoftphoneMode -->
	<Event code="43">MedianetNotRunning</Event><!-- MedianetNotRunning -->
	<Event code="44">Güvenli bilgisayar araması için sertifika kaydınız etkinleştirilmedi. Sistem yöneticinize başvurun.</Event><!-- CapfAdminActionRequired -->
	<Event code="45">InProgress</Event><!-- InProgress -->
    <Event code="46">Telefon yapılandırma ayarları geçersiz.</Event> <!-- InValidConfig -->
	<Event code="47">Başarısız</Event> <!-- Failed -->
    <Event code="48">Kimliği Doğrulanmış</Event> <!-- Authenticated -->	
	<Event code="49">ParkConversationFailure</Event> <!-- ParkConversationFailure -->
    <Event code="50">Kullanıcı adınız veya şifreniz yanlış.</Event> <!-- InvalidCredential -->
	<Event code="51">Kullanıcı adı veya şifre belirtilmedi.</Event> <!-- NoCredentialsConfigured -->
	<Event code="52">Güvenli kimlik doğrulama kodunuzu göndermediniz. Hub'ın alt kısmındaki  telefon moduna gidin ve "Çağrılar için bilgisayarımı kullan" öğesini seçin.</Event> <!-- CapfAuthenticationStringRequired -->
	<Event code="53">Güvenlik kodunuzla ilgili bir hata olabilir. Tekrar girin ve ardından deneme başarısız olursa sistem yöneticinizle iletişime geçin.</Event> <!-- CapfEnrollmentFailure -->
    <Event code="54">Sunucu sertifikası reddedildi.</Event> <!-- ServerCertificateRejected -->
	<Event code="55">Masa telefonu video genişlet ve bağlan modunda kullanılamaz.</Event> <!--DeskPhoneVideoUnavailableInExtendConnectMode-->
    <Event code="58">Güvenli bağlantı hatası (TLS)</Event> <!--TLSFailure-->
    <Event code="59">SSL Bağlantı Hatası.</Event> <!--SSLConnectError-->
    <Event code="63">Jabber'dan Jabber'a yapılan aramaları etkinleştirmek için güncelleme gerekli</Event> <!--SparkAPIBreakingChangeError-->
    <!-- Server Health Strings -->
    <Event code="1000">Aygıt:</Event> <!-- DeviceLabelString -->
    <Event code="1001">Hat:</Event> <!-- LineLabelString -->
  </Service>
</ServiceEventDescriptions>