﻿<?xml version="1.0" encoding="utf-8"?>
<ServiceEventDescriptions>
  <Service id="2100">
    <Event code="1">Ukendt</Event> <!-- Unknown -->
    <Event code="2">Start af et funktionssæt mislyk.</Event> <!-- UnknownStartFeatureSetFailure -->
    <Event code="3">Ugyldigt brugernavn eller adgangskode. Gå til Telefontjenester i vinduet Indstillinger, og indtast dem igen. Hvis du ikke kender din login information, skal du kontakte din administrator.</Event> <!-- InvalidCredential -->
    <Event code="4">Den konfigurerede CCMCIP-server er forkert</Event> <!-- InvalidCCMCIPServer -->
    <Event code="5">Den konfigurerede TFTP-server er forkert</Event> <!-- InvalidTFTPServer -->
    <Event code="6">Den konfigurerede CTI-server er forkert</Event> <!-- InvalidCTIServer -->
    <Event code="7">StartConversationFailure</Event> <!-- StartConversationFailure -->
    <Event code="8">ServerConnectionFailure</Event> <!-- ServerConnectionFailure -->
    <Event code="9">Kan ikke log-på.</Event> <!-- ServerAuthenticationFailure -->
    <Event code="10">InvalidTelephonyDevice</Event> <!-- InvalidTelephonyDevice -->
    <Event code="11">InvalidTelephonyNumber</Event> <!-- InvalidTelephonyNumber -->
    <Event code="12">EndConversationFailure</Event> <!-- EndConversationFailure -->
    <Event code="13">HoldConversationFailure</Event> <!-- HoldConversationFailure -->
    <Event code="14">ResumeConversationFailure</Event> <!-- ResumeConversationFailure -->
    <Event code="15">AcceptConversationFailure</Event> <!-- AcceptConversationFailure -->
    <Event code="16">MuteConversationAudioFailure</Event> <!-- MuteConversationAudioFailure -->
    <Event code="17">UnmuteConversationAudioFailure</Event> <!-- UnmuteConversationAudioFailure -->
    <Event code="18">IdivertConversationFailure</Event> <!-- IdivertConversationFailure -->
    <Event code="19">TransferConversationFailure</Event> <!-- TransferConversationFailure -->
    <Event code="20">MuteConversationVideoFailure</Event> <!-- MuteConversationVideoFailure -->
    <Event code="21">UnmuteConversationVideoFailure</Event> <!-- UnmuteConversationVideoFailure -->
    <Event code="22">SetConversationRemoteWindowFailure</Event> <!-- SetConversationRemoteWindowFailure -->
    <Event code="23">RemoveConversationRemoteWindowFailure</Event> <!-- RemoveConversationRemoteWindowFailure -->
    <Event code="24">SetConversationPreviewWindowFailure</Event> <!-- SetConversationPreviewWindowFailure -->
    <Event code="25">RemoveConversationPreviewWindowFailure</Event> <!-- RemoveConversationPreviewWindowFailure -->
    <Event code="26">StopConversationFeatureFailure</Event> <!-- StopConversationFeatureFailure -->
    <Event code="27">StartDeviceFeatureFailure</Event> <!-- StartDeviceFeatureFailure -->
    <Event code="28">StopDeviceFeatureFailure</Event> <!-- StopDeviceFeatureFailure -->
    <Event code="29">SetAudioRecordDeviceFailure</Event> <!-- SetAudioRecordDeviceFailure -->
    <Event code="30">SetAudioPlayoutDeviceFailure</Event> <!-- SetAudioPlayoutDeviceFailure -->
    <Event code="31">SetAudioRingerDeviceFailure</Event> <!-- SetAudioRingerDeviceFailure -->
    <Event code="32">SetAudioPlayoutAndRingerDeviceFailure</Event> <!-- SetAudioPlayoutAndRingerDeviceFailure -->
    <Event code="33">SetVideoCaptureDeviceFailure</Event> <!-- SetVideoCaptureDeviceFailure -->
    <Event code="34">CompleteTransferFailure</Event> <!-- CompleteTransferFailure -->
    <Event code="35">SelectDeviceFailure</Event> <!-- SelectDeviceFailure -->
    <Event code="36">SetCallForwardToNumberFailure</Event> <!-- SetCallForwardToNumberFailure -->
    <Event code="37">SetCallForwardToVoiceMailFailure</Event> <!-- SetCallForwardToVoiceMailFailure -->
    <Event code="38">Du har ikke indtastet et brugernavn eller en adgangskode. Gå til Telefontjenester i vinduet Indstillinger og indtast gyldige oplysninger. Kontakt din administrator hvis du ikke kender din login information.</Event> <!-- NoCredentialsConfigured -->
    <Event code="39">Kontrollér, at din computer er tilsluttet netværket. Kontakt venligst din administrator, hvis du har problemer med etablering af forbindelsen.</Event> <!-- NoNetwork -->
    <Event code="40">Forbindelsesfejl. Sørg for, at serverinformationen i Telefontjenestefanen i vinduet Indstillinger er korrekt. Kontakt administrator efter hjælp</Event> <!-- UnknownConnectionError -->
    <Event code="41">Medianet er ikke installeret.</Event> <!-- MedianetNotInstalled -->
    <Event code="42">Deskphone-video er ikke tilgængelig i softphone-tilstand.</Event> <!-- DeskphoneVideoUnavailableInSoftphoneMode -->
	<Event code="43">MedianetNotRunning</Event><!-- MedianetNotRunning -->
	<Event code="44">Certifikatregistreringen til sikrede computeropkald er ikke blevet aktiveret. Kontakt systemadministratoren.</Event><!-- CapfAdminActionRequired -->
	<Event code="45">InProgress</Event><!-- InProgress -->
    <Event code="46">Konfigurationsindstillingerne for telefoni er ugyldige.</Event> <!-- InValidConfig -->
	<Event code="47">Mislykkedes</Event> <!-- Failed -->
    <Event code="48">Autenticeret</Event> <!-- Authenticated -->	
	<Event code="49">ParkConversationFailure</Event> <!-- ParkConversationFailure -->
    <Event code="50">Forkert brugernavn eller adgangskode.</Event> <!-- InvalidCredential -->
	<Event code="51">Brugernavn el adgangskode ikke angivet</Event> <!-- NoCredentialsConfigured -->
	<Event code="52">Du har ikke sendt din sikrede autentiseringskode. Gå til tlf.tilstand i bunden af hub'en og vælg 'Brug min computer til opkald.'</Event> <!-- CapfAuthenticationStringRequired -->
	<Event code="53">Der er muligvis et problem med din sikkerhedskode. Indtast den igen og derpå kontakt systemadministratoren, hvis det forsøg ikke lykkedes.</Event> <!-- CapfEnrollmentFailure -->
    <Event code="54">Serveren certifikat er blevet afvist.</Event> <!-- ServerCertificateRejected -->
	<Event code="55">Deskphone-video er ikke tilgængelig i udvidet og forbindelsestilstand.</Event> <!--DeskPhoneVideoUnavailableInExtendConnectMode-->
    <Event code="58">Mislykket etablering af sikker forbindelse (TLS)</Event> <!--TLSFailure-->
    <Event code="59">Fejl ved oprettelse af SSL-forbindelse.</Event> <!--SSLConnectError-->
    <Event code="63">Opdatering er nødvendig for at aktivere Jabber til Jabber-opkald</Event> <!--SparkAPIBreakingChangeError-->
    <!-- Server Health Strings -->
    <Event code="1000">Enhed:</Event> <!-- DeviceLabelString -->
    <Event code="1001">Linje:</Event> <!-- LineLabelString -->
  </Service>
</ServiceEventDescriptions>