﻿<?xml version="1.0" encoding="utf-8"?>
<ServiceEventDescriptions>
  <Service id="2100">
    <Event code="1">不明</Event> <!-- Unknown -->
    <Event code="2">機能セットの起動の失敗</Event> <!-- UnknownStartFeatureSetFailure -->
    <Event code="3">無効なユーザ名またはパスワードが入力されています。[オプション]ウィンドウの[電話サービス]で、正しいユーザ名とパスワードを入力してください。ログイン情報が不明な場合は、システム管理者にお問い合わせください.</Event> <!-- InvalidCredential -->
    <Event code="4">設定されたCCMCIPサーバは不適切です</Event> <!-- InvalidCCMCIPServer -->
    <Event code="5">設定されたTFTPサーバは不適切です</Event> <!-- InvalidTFTPServer -->
    <Event code="6">設定されたCTIサーバは不適切です</Event> <!-- InvalidCTIServer -->
    <Event code="7">会話の開始の失敗</Event> <!-- StartConversationFailure -->
    <Event code="8">サーバ接続の失敗</Event> <!-- ServerConnectionFailure -->
    <Event code="9">サインインできません。</Event> <!-- ServerAuthenticationFailure -->
    <Event code="10">無効なテレフォニーデバイス</Event> <!-- InvalidTelephonyDevice -->
    <Event code="11">無効なテレフォニー番号</Event> <!-- InvalidTelephonyNumber -->
    <Event code="12">会話の終了の失敗</Event> <!-- EndConversationFailure -->
    <Event code="13">会話の保留の失敗</Event> <!-- HoldConversationFailure -->
    <Event code="14">会話の再開の失敗</Event> <!-- ResumeConversationFailure -->
    <Event code="15">会話の受諾の失敗</Event> <!-- AcceptConversationFailure -->
    <Event code="16">会話音声のミュートの失敗</Event> <!-- MuteConversationAudioFailure -->
    <Event code="17">会話音声のミュート解除の失敗</Event> <!-- UnmuteConversationAudioFailure -->
    <Event code="18">会話の即転送の失敗</Event> <!-- IdivertConversationFailure -->
    <Event code="19">会話の転送の失敗</Event> <!-- TransferConversationFailure -->
    <Event code="20">会話ビデオのミュートの失敗</Event> <!-- MuteConversationVideoFailure -->
    <Event code="21">会話ビデオのミュート解除の失敗</Event> <!-- UnmuteConversationVideoFailure -->
    <Event code="22">会話リモートウィンドウの設定の失敗</Event> <!-- SetConversationRemoteWindowFailure -->
    <Event code="23">会話リモートウィンドウの削除の失敗</Event> <!-- RemoveConversationRemoteWindowFailure -->
    <Event code="24">会話プレビューウィンドウの設定の失敗</Event> <!-- SetConversationPreviewWindowFailure -->
    <Event code="25">会話プレビューウィンドウの削除の失敗</Event> <!-- RemoveConversationPreviewWindowFailure -->
    <Event code="26">会話機能の停止の失敗</Event> <!-- StopConversationFeatureFailure -->
    <Event code="27">デバイス機能の起動の失敗</Event> <!-- StartDeviceFeatureFailure -->
    <Event code="28">デバイス機能の停止の失敗</Event> <!-- StopDeviceFeatureFailure -->
    <Event code="29">オーディオレコードデバイスの設定の失敗</Event> <!-- SetAudioRecordDeviceFailure -->
    <Event code="30">オーディオプレイアウトデバイスの設定の失敗</Event> <!-- SetAudioPlayoutDeviceFailure -->
    <Event code="31">オーディオリンガーデバイスの設定の失敗</Event> <!-- SetAudioRingerDeviceFailure -->
    <Event code="32">オーディオプレイアウトおよびオーディオリンガーデバイスの設定の失敗</Event> <!-- SetAudioPlayoutAndRingerDeviceFailure -->
    <Event code="33">ビデオキャプチャデバイスの設定の失敗</Event> <!-- SetVideoCaptureDeviceFailure -->
    <Event code="34">転送の完了の失敗</Event> <!-- CompleteTransferFailure -->
    <Event code="35">デバイスの選択の失敗</Event> <!-- SelectDeviceFailure -->
    <Event code="36">番号への通話転送設定の失敗</Event> <!-- SetCallForwardToNumberFailure -->
    <Event code="37">ボイスメールへの通話転送設定の失敗</Event> <!-- SetCallForwardToVoiceMailFailure -->
    <Event code="38">ユーザ名またはパスワードが入力されていません。[オプション]ウィンドウの[電話サービス]で、正しいユーザ名とパスワードを入力してください。ログイン情報が不明な場合は、システム管理者にお問い合わせください。</Event> <!-- NoCredentialsConfigured -->
    <Event code="39">コンピュータがネットワークに接続されていることを確認してください。ネットワーク接続に問題がある場合は、システム管理者にお問い合わせください。</Event> <!-- NoNetwork -->
    <Event code="40">接続エラーです。[オプション]ウィンドウの[電話サービス]で、サーバ情報が正しいことを確認してください。サポートが必要な場合は、システム管理者にお問い合わせください。</Event> <!-- UnknownConnectionError -->
    <Event code="41">Medianetがインストールされていません。</Event> <!-- MedianetNotInstalled -->
    <Event code="42">デスクの電話 ビデオ連携はソフトフォンモードで利用できません。</Event> <!-- DeskphoneVideoUnavailableInSoftphoneMode -->
	<Event code="43">Medianetが未実行</Event><!-- MedianetNotRunning -->
	<Event code="44">セキュリティで保護されたコンピュータコール用の証明書の登録がアクティブになっていません。システム管理者に問い合わせてください。</Event><!-- CapfAdminActionRequired -->
	<Event code="45">処理中</Event><!-- InProgress -->
    <Event code="46">テレフォニー設定が無効です。</Event> <!-- InValidConfig -->
	<Event code="47">失敗</Event> <!-- Failed -->
    <Event code="48">認証</Event> <!-- Authenticated -->	
	<Event code="49">会話のパーク保留の失敗</Event> <!-- ParkConversationFailure -->
    <Event code="50">ユーザ名またはパスワードが正しくありません。</Event> <!-- InvalidCredential -->
	<Event code="51">ユーザ名またはパスワードが指定されていません。</Event> <!-- NoCredentialsConfigured -->
	<Event code="52">安全な認証コードが提示されませんでした。ハブの一番下の電話モードに移動して、[コンピュータで発信する]を選択してください。</Event> <!-- CapfAuthenticationStringRequired -->
	<Event code="53">セキュリティコードに問題がある可能性があります。再入力してください。再入力しても解決しない場合は、システム管理者に問い合わせてください。</Event> <!-- CapfEnrollmentFailure -->
    <Event code="54">サーバ証明書が拒否されました。</Event> <!-- ServerCertificateRejected -->
	<Event code="55">デスクの電話 ビデオ連携はExtend and Connectモードで利用できません。</Event> <!--DeskPhoneVideoUnavailableInExtendConnectMode-->
    <Event code="58">セキュアな接続エラー(TLS)</Event> <!--TLSFailure-->
    <Event code="59">SSL接続エラー。</Event> <!--SSLConnectError-->
    <Event code="63">Jabber間の通話を有効にするには、更新が必要です</Event> <!--SparkAPIBreakingChangeError-->
    <!-- Server Health Strings -->
    <Event code="1000">デバイス：</Event> <!-- DeviceLabelString -->
    <Event code="1001">回線:</Event> <!-- LineLabelString -->
  </Service>
</ServiceEventDescriptions>