﻿<?xml version="1.0" encoding="utf-8"?> 
<ServiceStrings> 
	<Service id="2100">
		<String code="CucmProductName">Cisco Communications Manager 8.x</String>
		<String code="TftpServerKeyName">TFTP server:</String>
		<String code="CtiServerKeyName">CTI server:</String>
		<String code="CcmcipServerKeyName">CCMCIP server:</String>
		<String code="CallsAvailableForPickup">Pozivi dostupni za javljanje</String>
		<String code="NoCallAvailableForPickup">Nijedan poziv nije dostupan za javljanje</String>
		<String code="NoBandwidthAvailableForPickup">Nijedan propusni opseg nije dostupan za javljanje</String>
		<String code="NoLineAvailableForPickup">Nijedna linija nije dostupna za javljanje</String>
		<String code="InvalidPickupGroup">Grupa za javljanje nije važeća</String>
		<String code="PickupFailed">Javljanje nije uspelo</String>
		<String code="PickupGroupDeleted">Grupa za javljanje je izbrisana</String>	
		<String code="UnknownContact">(Bez naziva)</String>
	</Service>
	<Service id="2102">
		<String code="Conference">Konferencija</String>
	</Service> 
</ServiceStrings>