﻿<?xml version="1.0" encoding="utf-8"?>
<ServiceEventDescriptions>
  <Service id="2100">
    <Event code="1">Unbekannt</Event> <!-- Unknown -->
    <Event code="2">Features konnten nicht gestartet werden</Event> <!-- UnknownStartFeatureSetFailure -->
    <Event code="3">Ungültigen Nutzernamen oder Passwort eingegeben. Wählen Sie Telefondienste im Optionsfenster aus und geben Sie den korrekten Nutzernamen und Passwort ein. Wenn Sie Ihre Zugangsdaten nicht kennen, kontaktieren Sie Ihren Systemadministrator.</Event> <!-- InvalidCredential -->
    <Event code="4">InvalidCCMCIPServer</Event> <!-- InvalidCCMCIPServer -->
    <Event code="5">InvalidTFTPServer</Event> <!-- InvalidTFTPServer -->
    <Event code="6">InvalidCTIServer</Event> <!-- InvalidCTIServer -->
    <Event code="7">StartConversationFailure</Event> <!-- StartConversationFailure -->
    <Event code="8">ServerConnectionFailure</Event> <!-- ServerConnectionFailure -->
    <Event code="9">Anmeldung nicht möglich.</Event> <!-- ServerAuthenticationFailure -->
    <Event code="10">InvalidTelephonyDevice</Event> <!-- InvalidTelephonyDevice -->
    <Event code="11">InvalidTelephonyNumber</Event> <!-- InvalidTelephonyNumber -->
    <Event code="12">EndConversationFailure</Event> <!-- EndConversationFailure -->
    <Event code="13">HoldConversationFailure</Event> <!-- HoldConversationFailure -->
    <Event code="14">ResumeConversationFailure</Event> <!-- ResumeConversationFailure -->
    <Event code="15">AcceptConversationFailure</Event> <!-- AcceptConversationFailure -->
    <Event code="16">MuteConversationAudioFailure</Event> <!-- MuteConversationAudioFailure -->
    <Event code="17">UnmuteConversationAudioFailure</Event> <!-- UnmuteConversationAudioFailure -->
    <Event code="18">IdivertConversationFailure</Event> <!-- IdivertConversationFailure -->
    <Event code="19">TransferConversationFailure</Event> <!-- TransferConversationFailure -->
    <Event code="20">MuteConversationVideoFailure</Event> <!-- MuteConversationVideoFailure -->
    <Event code="21">UnmuteConversationVideoFailure</Event> <!-- UnmuteConversationVideoFailure -->
    <Event code="22">SetConversationRemoteWindowFailure</Event> <!-- SetConversationRemoteWindowFailure -->
    <Event code="23">RemoveConversationRemoteWindowFailure</Event> <!-- RemoveConversationRemoteWindowFailure -->
    <Event code="24">SetConversationPreviewWindowFailure</Event> <!-- SetConversationPreviewWindowFailure -->
    <Event code="25">RemoveConversationPreviewWindowFailure</Event> <!-- RemoveConversationPreviewWindowFailure -->
    <Event code="26">StopConversationFeatureFailure</Event> <!-- StopConversationFeatureFailure -->
    <Event code="27">StartDeviceFeatureFailure</Event> <!-- StartDeviceFeatureFailure -->
    <Event code="28">StopDeviceFeatureFailure</Event> <!-- StopDeviceFeatureFailure -->
    <Event code="29">SetAudioRecordDeviceFailure</Event> <!-- SetAudioRecordDeviceFailure -->
    <Event code="30">SetAudioPlayoutDeviceFailure</Event> <!-- SetAudioPlayoutDeviceFailure -->
    <Event code="31">SetAudioRingerDeviceFailure</Event> <!-- SetAudioRingerDeviceFailure -->
    <Event code="32">SetAudioPlayoutAndRingerDeviceFailure</Event> <!-- SetAudioPlayoutAndRingerDeviceFailure -->
    <Event code="33">SetVideoCaptureDeviceFailure</Event> <!-- SetVideoCaptureDeviceFailure -->
    <Event code="34">CompleteTransferFailure</Event> <!-- CompleteTransferFailure -->
    <Event code="35">SelectDeviceFailure</Event> <!-- SelectDeviceFailure -->
    <Event code="36">SetCallForwardToNumberFailure</Event> <!-- SetCallForwardToNumberFailure -->
    <Event code="37">SetCallForwardToVoiceMailFailure</Event> <!-- SetCallForwardToVoiceMailFailure -->
    <Event code="38">Kein Nutzername oder Passwort eingegeben. Wählen Sie Telefondienste im Optionsfenster aus und geben Sie den korrekten Nutzernamen und Passwort ein. Wenn Sie Ihre Zugangsdaten nicht kennen, kontaktieren Sie Ihren Systemadministrator.</Event> <!-- NoCredentialsConfigured -->
    <Event code="39">Stellen Sie sicher, dass ihr Computer mit dem Netzwerk verbunden ist. Haben Sie Probleme sich mit dem Netzwerk zu verbinden, kontaktieren Sie Ihren Systemadministrator.</Event> <!-- NoNetwork -->
    <Event code="40">Verbindungsfehler. Stellen Sie sicher, dass die Serverinformationen auf der Registerkarte Telefonservices im Fenster Optionen richtig sind. Wenn Sie Hilfe benötigen, wenden Sie sich an den Systemadministrator.</Event> <!-- UnknownConnectionError -->
    <Event code="41">Medianet ist nicht installiert.</Event> <!-- MedianetNotInstalled -->
    <Event code="42">Video für Tischtelefone ist im Softphone-Modus nicht verfügbar.</Event> <!-- DeskphoneVideoUnavailableInSoftphoneMode -->
	<Event code="43">MedianetNotRunning</Event><!-- MedianetNotRunning -->
	<Event code="44">Die Zertifikatsregistrierung für sichere Computeranrufe ist nicht aktiviert. Wenden Sie sich an den Systemadministrator.</Event><!-- CapfAdminActionRequired -->
	<Event code="45">InProgress</Event><!-- InProgress -->
    <Event code="46">Die Konfigurationseinstellungen für die Telephonie sind ungültig.</Event> <!-- InValidConfig -->
	<Event code="47">Fehlgeschlagen</Event> <!-- Failed -->
    <Event code="48">Authentifiziert</Event> <!-- Authenticated -->	
	<Event code="49">ParkConversationFailure</Event> <!-- ParkConversationFailure -->
    <Event code="50">Der Benutzername oder das Kennwort ist ungültig.</Event> <!-- InvalidCredential -->
	<Event code="51">Kein Benutzername oder Kennwort eingegeben.</Event> <!-- NoCredentialsConfigured -->
	<Event code="52">Sie haben keinen sicheren Authentifizierungscode eingegeben. Wechseln Sie in den Telefonmodus und wählen Sie "Meinen Computer für Anrufe verwenden" aus.</Event> <!-- CapfAuthenticationStringRequired -->
	<Event code="53">Möglicherweise ist ein Problem mit dem Sicherheitscode aufgetreten. Geben Sie den Code erneut ein und wenden Sie sich an den Systemadministrator, wenn die Eingabe fehlschlägt.</Event> <!-- CapfEnrollmentFailure -->
    <Event code="54">Das Server-Zertifikat wurde abgelehnt.</Event> <!-- ServerCertificateRejected -->
	<Event code="55">Video für Tischtelefone ist im Erweiterungs- und Verbindungsmodus nicht verfügbar.</Event> <!--DeskPhoneVideoUnavailableInExtendConnectMode-->
    <Event code="58">Sichere Verbindung fehlgeschlagen (TLS)</Event> <!--TLSFailure-->
    <Event code="59">SSL-Verbindungsfehler.</Event> <!--SSLConnectError-->
    <Event code="63">Update für Jabber/Jabber-Anrufe erforderlich</Event> <!--SparkAPIBreakingChangeError-->
    <!-- Server Health Strings -->
    <Event code="1000">Gerät:</Event> <!-- DeviceLabelString -->
    <Event code="1001">Linie:</Event> <!-- LineLabelString -->
  </Service>
</ServiceEventDescriptions>