﻿<?xml version="1.0" encoding="utf-8"?>
<ServiceEventDescriptions>
  <Service id="2100">
    <Event code="1">Okänd</Event> <!-- Unknown -->
    <Event code="2">Fel vid start av funktionsuppsättning</Event> <!-- UnknownStartFeatureSetFailure -->
    <Event code="3">Ogiltigt användarnamn eller lösenord anges. Gå till telefontjänster i fönstret Alternativ och ange rätt användarnamn och lösenord. Om du inte känner till din inloggningsinformation kontakta systemadministratören.</Event> <!-- InvalidCredential -->
    <Event code="4">Konfigurationen av CCMCIP-servern är felaktig</Event> <!-- InvalidCCMCIPServer -->
    <Event code="5">Konfigurationen av TFTP-servern är felaktig</Event> <!-- InvalidTFTPServer -->
    <Event code="6">Konfigurationen av CTI-servern är felaktig</Event> <!-- InvalidCTIServer -->
    <Event code="7">StartConversationFailure</Event> <!-- StartConversationFailure -->
    <Event code="8">ServerConnectionFailure</Event> <!-- ServerConnectionFailure -->
    <Event code="9">Det går inte att logga in.</Event> <!-- ServerAuthenticationFailure -->
    <Event code="10">InvalidTelephonyDevice</Event> <!-- InvalidTelephonyDevice -->
    <Event code="11">InvalidTelephonyNumber</Event> <!-- InvalidTelephonyNumber -->
    <Event code="12">EndConversationFailure</Event> <!-- EndConversationFailure -->
    <Event code="13">HoldConversationFailure</Event> <!-- HoldConversationFailure -->
    <Event code="14">ResumeConversationFailure</Event> <!-- ResumeConversationFailure -->
    <Event code="15">AcceptConversationFailure</Event> <!-- AcceptConversationFailure -->
    <Event code="16">MuteConversationAudioFailure</Event> <!-- MuteConversationAudioFailure -->
    <Event code="17">UnmuteConversationAudioFailure</Event> <!-- UnmuteConversationAudioFailure -->
    <Event code="18">IdivertConversationFailure</Event> <!-- IdivertConversationFailure -->
    <Event code="19">TransferConversationFailure</Event> <!-- TransferConversationFailure -->
    <Event code="20">MuteConversationVideoFailure</Event> <!-- MuteConversationVideoFailure -->
    <Event code="21">UnmuteConversationVideoFailure</Event> <!-- UnmuteConversationVideoFailure -->
    <Event code="22">SetConversationRemoteWindowFailure</Event> <!-- SetConversationRemoteWindowFailure -->
    <Event code="23">RemoveConversationRemoteWindowFailure</Event> <!-- RemoveConversationRemoteWindowFailure -->
    <Event code="24">SetConversationPreviewWindowFailure</Event> <!-- SetConversationPreviewWindowFailure -->
    <Event code="25">RemoveConversationPreviewWindowFailure</Event> <!-- RemoveConversationPreviewWindowFailure -->
    <Event code="26">StopConversationFeatureFailure</Event> <!-- StopConversationFeatureFailure -->
    <Event code="27">StartDeviceFeatureFailure</Event> <!-- StartDeviceFeatureFailure -->
    <Event code="28">StopDeviceFeatureFailure</Event> <!-- StopDeviceFeatureFailure -->
    <Event code="29">SetAudioRecordDeviceFailure</Event> <!-- SetAudioRecordDeviceFailure -->
    <Event code="30">SetAudioPlayoutDeviceFailure</Event> <!-- SetAudioPlayoutDeviceFailure -->
    <Event code="31">SetAudioRingerDeviceFailure</Event> <!-- SetAudioRingerDeviceFailure -->
    <Event code="32">SetAudioPlayoutAndRingerDeviceFailure</Event> <!-- SetAudioPlayoutAndRingerDeviceFailure -->
    <Event code="33">SetVideoCaptureDeviceFailure</Event> <!-- SetVideoCaptureDeviceFailure -->
    <Event code="34">CompleteTransferFailure</Event> <!-- CompleteTransferFailure -->
    <Event code="35">SelectDeviceFailure</Event> <!-- SelectDeviceFailure -->
    <Event code="36">SetCallForwardToNumberFailure</Event> <!-- SetCallForwardToNumberFailure -->
    <Event code="37">SetCallForwardToVoiceMailFailure</Event> <!-- SetCallForwardToVoiceMailFailure -->
    <Event code="38">Inget användarnamn eller lösenord anges. Gå till telefontjänster i de Alternativ fönster och ange rätt användarnamn och lösenord. Om du inte känner till din inloggningsinformation kontakta systemadministratören.</Event> <!-- NoCredentialsConfigured -->
    <Event code="39">Kontrollera att datorn är anslutet till nätverket. Om du har problem med att ansluta till nätverket kontakta systemadministratören.</Event> <!-- NoNetwork -->
    <Event code="40">Anslutningsfel. Kontrollera att serverinformationen i fliken Telefontjänster i fönstret Alternativ är korrekt. Kontakta systemadministratören om du behöver hjälp.</Event> <!-- UnknownConnectionError -->
    <Event code="41">MediaNet är inte installerat.</Event> <!-- MedianetNotInstalled -->
    <Event code="42">Bordstelefonsvideo är inte tillgängligt i softphone-läge.</Event> <!-- DeskphoneVideoUnavailableInSoftphoneMode -->
	<Event code="43">MedianetNotRunning</Event><!-- MedianetNotRunning -->
	<Event code="44">Certifikatregistreringen för samtal via säker dator har inte aktiverats. Kontakta systemadministratören.</Event><!-- CapfAdminActionRequired -->
	<Event code="45">InProgress</Event><!-- InProgress -->
    <Event code="46">Konfigurationsinställningarna för telefoni är ogiltiga.</Event> <!-- InValidConfig -->
	<Event code="47">Misslyckades</Event> <!-- Failed -->
    <Event code="48">Autentiserad</Event> <!-- Authenticated -->	
	<Event code="49">ParkConversationFailure</Event> <!-- ParkConversationFailure -->
    <Event code="50">Användarnamnet eller lösenordet är felaktigt.</Event> <!-- InvalidCredential -->
	<Event code="51">Inget användarnamn eller lösenord har angivits</Event> <!-- NoCredentialsConfigured -->
	<Event code="52">Du har inte skickat in din säkra autentiseringskod. Gå till telefonläget längst ner i navet och välj "Använd min dator för samtal".</Event> <!-- CapfAuthenticationStringRequired -->
	<Event code="53">Det kan vara problem med din säkerhetskod. Ange den igen och kontakta sedan systemadministratören om det ändå inte fungerar.</Event> <!-- CapfEnrollmentFailure -->
    <Event code="54">Servercertifikatet har avvisats.</Event> <!-- ServerCertificateRejected -->
	<Event code="55">Video för skrivbordstelefon är inte tillgängligt i utökat läge och anslutningsläge.</Event> <!--DeskPhoneVideoUnavailableInExtendConnectMode-->
    <Event code="58">Fel i säker anslutning (TLS)</Event> <!--TLSFailure-->
    <Event code="59">Fel i SSL-anslutning.</Event> <!--SSLConnectError-->
    <Event code="63">En uppdatering krävs för att aktivera samtal från Jabber till Jabber</Event> <!--SparkAPIBreakingChangeError-->
    <!-- Server Health Strings -->
    <Event code="1000">Enhet:</Event> <!-- DeviceLabelString -->
    <Event code="1001">Linje:</Event> <!-- LineLabelString -->
  </Service>
</ServiceEventDescriptions>