﻿<?xml version="1.0" encoding="utf-8"?> 
<ServiceStrings> 
	<Service id="2100">
		<String code="CucmProductName">Cisco Communications Manager 8.x</String>
		<String code="TftpServerKeyName">Server TFTP:</String>
		<String code="CtiServerKeyName">Server CTI:</String>
		<String code="CcmcipServerKeyName">Server CCMCIP:</String>
		<String code="CallsAvailableForPickup">Hovory dostupné k vyzvednutí</String>
		<String code="NoCallAvailableForPickup">K dispozici není žádný hovor k vyzvednutí</String>
		<String code="NoBandwidthAvailableForPickup">K dispozici není šířka pásma pro vyzvedávání</String>
		<String code="NoLineAvailableForPickup">K dispozici není žádná linka pro vyzvedávání</String>
		<String code="InvalidPickupGroup">Neplatná skupina vyzvednutí</String>
		<String code="PickupFailed">Vyzvednutí se nezdařilo</String>
		<String code="PickupGroupDeleted">Skupina vyzvednutí byla odstraněna</String>	
		<String code="UnknownContact">(Nepojmenovaný)</String>
	</Service>
	<Service id="2102">
		<String code="Conference">Konferenční hovor</String>
	</Service> 
</ServiceStrings>