﻿<?xml version="1.0" encoding="utf-8"?> 
<ServiceStrings> 
	<Service id="2100">
		<String code="CucmProductName">Cisco Communications Manager 8.x</String>
		<String code="TftpServerKeyName">TFTP server:</String>
		<String code="CtiServerKeyName">CTI server:</String>
		<String code="CcmcipServerKeyName">CCMCIP server:</String>
		<String code="CallsAvailableForPickup">Call(s) Available for Pickup</String>
		<String code="NoCallAvailableForPickup">No call available for Pickup</String>
		<String code="NoBandwidthAvailableForPickup">No bandwidth available for Pickup</String>
		<String code="NoLineAvailableForPickup">No line available for Pickup</String>
		<String code="InvalidPickupGroup">Invalid Pickup Group</String>
		<String code="PickupFailed">Pickup failed</String>
		<String code="PickupGroupDeleted">Pickup Group deleted</String>	
		<String code="UnknownContact">(No name)</String>
	</Service>
	<Service id="2102">
		<String code="Conference">Conference</String>
	</Service> 
</ServiceStrings>