﻿<?xml version="1.0" encoding="utf-8"?>
<ServiceEventDescriptions>
  <Service id="2100">
    <Event code="1">ไม่รู้จัก</Event> <!-- Unknown -->
    <Event code="2">การเริ่มต้นชุดคุณสมบัติล้มเหลว</Event> <!-- UnknownStartFeatureSetFailure -->
    <Event code="3">ชื่อผู้ใช้และรหัสผ่านที่ป้อนไม่ถูกต้อง ไปที่ Phone Services ในหน้าต่าง Options แล้วป้อนชื่อผู้ใช้และรหัสผ่านที่ถูกต้อง หากคุณไม่ทราบข้อมูลสำหรับล็อกอิน โปรดติดต่อผู้ดูแลระบบของคุณ</Event> <!-- InvalidCredential -->
    <Event code="4">เซิร์ฟเวอร์ CCMCIP ที่กำหนดค่าไว้ไม่ถูกต้อง</Event> <!-- InvalidCCMCIPServer -->
    <Event code="5">เซิร์ฟเวอร์ TFTP ที่กำหนดค่าไว้ไม่ถูกต้อง</Event> <!-- InvalidTFTPServer -->
    <Event code="6">เซิร์ฟเวอร์ CTI ที่กำหนดค่าไว้ไม่ถูกต้อง</Event> <!-- InvalidCTIServer -->
    <Event code="7">StartConversationFailure</Event> <!-- StartConversationFailure -->
    <Event code="8">ServerConnectionFailure</Event> <!-- ServerConnectionFailure -->
    <Event code="9">ไม่สามารถลงชื่อเข้าใช้</Event> <!-- ServerAuthenticationFailure -->
    <Event code="10">InvalidTelephonyDevice</Event> <!-- InvalidTelephonyDevice -->
    <Event code="11">InvalidTelephonyNumber</Event> <!-- InvalidTelephonyNumber -->
    <Event code="12">EndConversationFailure</Event> <!-- EndConversationFailure -->
    <Event code="13">HoldConversationFailure</Event> <!-- HoldConversationFailure -->
    <Event code="14">ResumeConversationFailure</Event> <!-- ResumeConversationFailure -->
    <Event code="15">AcceptConversationFailure</Event> <!-- AcceptConversationFailure -->
    <Event code="16">MuteConversationAudioFailure</Event> <!-- MuteConversationAudioFailure -->
    <Event code="17">UnmuteConversationAudioFailure</Event> <!-- UnmuteConversationAudioFailure -->
    <Event code="18">IdivertConversationFailure</Event> <!-- IdivertConversationFailure -->
    <Event code="19">TransferConversationFailure</Event> <!-- TransferConversationFailure -->
    <Event code="20">MuteConversationVideoFailure</Event> <!-- MuteConversationVideoFailure -->
    <Event code="21">UnmuteConversationVideoFailure</Event> <!-- UnmuteConversationVideoFailure -->
    <Event code="22">SetConversationRemoteWindowFailure</Event> <!-- SetConversationRemoteWindowFailure -->
    <Event code="23">RemoveConversationRemoteWindowFailure</Event> <!-- RemoveConversationRemoteWindowFailure -->
    <Event code="24">SetConversationPreviewWindowFailure</Event> <!-- SetConversationPreviewWindowFailure -->
    <Event code="25">RemoveConversationPreviewWindowFailure</Event> <!-- RemoveConversationPreviewWindowFailure -->
    <Event code="26">StopConversationFeatureFailure</Event> <!-- StopConversationFeatureFailure -->
    <Event code="27">StartDeviceFeatureFailure</Event> <!-- StartDeviceFeatureFailure -->
    <Event code="28">StopDeviceFeatureFailure</Event> <!-- StopDeviceFeatureFailure -->
    <Event code="29">SetAudioRecordDeviceFailure</Event> <!-- SetAudioRecordDeviceFailure -->
    <Event code="30">SetAudioPlayoutDeviceFailure</Event> <!-- SetAudioPlayoutDeviceFailure -->
    <Event code="31">SetAudioRingerDeviceFailure</Event> <!-- SetAudioRingerDeviceFailure -->
    <Event code="32">SetAudioPlayoutAndRingerDeviceFailure</Event> <!-- SetAudioPlayoutAndRingerDeviceFailure -->
    <Event code="33">SetVideoCaptureDeviceFailure</Event> <!-- SetVideoCaptureDeviceFailure -->
    <Event code="34">CompleteTransferFailure</Event> <!-- CompleteTransferFailure -->
    <Event code="35">SelectDeviceFailure</Event> <!-- SelectDeviceFailure -->
    <Event code="36">SetCallForwardToNumberFailure</Event> <!-- SetCallForwardToNumberFailure -->
    <Event code="37">SetCallForwardToVoiceMailFailure</Event> <!-- SetCallForwardToVoiceMailFailure -->
    <Event code="38">ไม่ได้ระบุชื่อผู้ใช้หรือรหัสผ่าน ไปที่ Phone Services ในหน้าต่าง Options แล้วป้อนชื่อผู้ใช้และรหัสผ่านที่ถูกต้อง หากคุณไม่ทราบข้อมูลสำหรับล็อกอิน โปรดติดต่อผู้ดูแลระบบของคุณ</Event> <!-- NoCredentialsConfigured -->
    <Event code="39">ตรวจสอบว่าคอมพิวเตอร์ของคุณเชื่อมต่อกับเครือข่ายอยู่หรือไม่ หากคุณพบปัญหาในการเชื่อมต่อกับเครือข่าย โปรดติดต่อผู้ดูแลระบบของคุณ</Event> <!-- NoNetwork -->
    <Event code="40">ข้อผิดพลาดในการเชื่อมต่อ ตรวจสอบว่าข้อมูลเซิร์ฟเวอร์ในแท็บ Phone Services ในหน้าต่าง Options ถูกต้องแล้ว ติดต่อผู้ดูแลระบบของคุณสำหรับความช่วยเหลือ</Event> <!-- UnknownConnectionError -->
    <Event code="41">ไม่ได้ติดตั้ง MediaNet</Event> <!-- MedianetNotInstalled -->
    <Event code="42">Deskphone Video ไม่สามารถใช้งานได้ในโหมดซอฟต์โฟน</Event> <!-- DeskphoneVideoUnavailableInSoftphoneMode -->
	<Event code="43">MedianetNotRunning</Event><!-- MedianetNotRunning -->
	<Event code="44">ไม่ได้เปิดใช้การลงทะเบียนใบรับรองสำหรับการโทรด้วยคอมพิวเตอร์ที่ปลอดภัย โปรดติดต่อผู้ดูแลระบบของคุณ</Event><!-- CapfAdminActionRequired -->
	<Event code="45">กำลังดำเนินการ</Event><!-- InProgress -->
    <Event code="46">การกำหนดค่าโทรศัพท์ไม่ถูกต้อง</Event> <!-- InValidConfig -->
	<Event code="47">ล้มเหลว</Event> <!-- Failed -->
    <Event code="48">ยืนยันแล้ว</Event> <!-- Authenticated -->	
	<Event code="49">ParkConversationFailure</Event> <!-- ParkConversationFailure -->
    <Event code="50">ชื่อผู้ใช้หรือรหัสผ่านของคุณไม่ถูกต้อง</Event> <!-- InvalidCredential -->
	<Event code="51">ไม่ได้ป้อนชื่อผู้ใช้หรือรหัสผ่าน</Event> <!-- NoCredentialsConfigured -->
	<Event code="52">คุณยังไม่ได้ส่งรหัสยืนยันความปลอดภัยของคุณ ไปที่โหมดโทรศัพท์ที่ด้านล่างของฮับ แล้วเลือก 'ใช้คอมพิวเตอร์ของฉันในการโทร'</Event> <!-- CapfAuthenticationStringRequired -->
	<Event code="53">รหัสความปลอดภัยของคุณอาจมีปัญหา ป้อนรหัสอีกครั้ง หากไม่สำเร็จ ให้ติดต่อผู้ดูแลระบบของคุณ</Event> <!-- CapfEnrollmentFailure -->
    <Event code="54">ใบรับรองเซิร์ฟเวอร์ถูกปฏิเสธ</Event> <!-- ServerCertificateRejected -->
	<Event code="55">Deskphone Video ไม่สามารถใช้งานได้ในโหมดขยายและเชื่อมต่อ</Event> <!--DeskPhoneVideoUnavailableInExtendConnectMode-->
    <Event code="58">การเชื่อมต่อที่ปลอดภัยล้มเหลว (TLS)</Event> <!--TLSFailure-->
    <Event code="59">เกิดข้อผิดพลาดในการเชื่อมต่อ SSL</Event> <!--SSLConnectError-->
    <Event code="63">ต้องปรับปรุงเพื่อเปิดใช้งาน Jabber ให้กับการโทร Jabber</Event> <!--SparkAPIBreakingChangeError-->
    <!-- Server Health Strings -->
    <Event code="1000">อุปกรณ์:</Event> <!-- DeviceLabelString -->
    <Event code="1001">สาย:</Event> <!-- LineLabelString -->
  </Service>
</ServiceEventDescriptions>