﻿<?xml version="1.0" encoding="utf-8"?> 
<ServiceStrings> 
	<Service id="2100">
		<String code="CucmProductName">Cisco Communications Manager 8.x</String>
		<String code="TftpServerKeyName">TFTP сървър:</String>
		<String code="CtiServerKeyName">CTI сървър:</String>
		<String code="CcmcipServerKeyName">CCMCIP сървър:</String>
		<String code="CallsAvailableForPickup">Повикване(ия) за приемане</String>
		<String code="NoCallAvailableForPickup">Няма налично повикване за приемане</String>
		<String code="NoBandwidthAvailableForPickup">Няма налична честотна лента за приемане</String>
		<String code="NoLineAvailableForPickup">Няма налична линия за приемане</String>
		<String code="InvalidPickupGroup">Невалидна група за приемане</String>
		<String code="PickupFailed">Неуспешно приемане</String>
		<String code="PickupGroupDeleted">Изтрита група за приемане</String>	
		<String code="UnknownContact">(Без име)</String>
	</Service>
	<Service id="2102">
		<String code="Conference">Конферентен разговор</String>
	</Service> 
</ServiceStrings>