﻿<?xml version="1.0" encoding="utf-8"?>
<ServiceEventDescriptions>
  <Service id="2100">
    <Event code="1">Nepoznato</Event> <!-- Unknown -->
    <Event code="2">Neuspešno pokretanje skupa funkcija</Event> <!-- UnknownStartFeatureSetFailure -->
    <Event code="3">Uneto je nevažeće korisničko ime ili lozinka. Idite na Usluge telefona u prozoru Opcije i unesite tačno korisničko ime i lozinku. Ako ne znate informacije za prijavljivanje, obratite se administratoru sistema.</Event> <!-- InvalidCredential -->
    <Event code="4">Konfigurisani CCMCIP server je netačan</Event> <!-- InvalidCCMCIPServer -->
    <Event code="5">Konfigurisani TFTP server je netačan</Event> <!-- InvalidTFTPServer -->
    <Event code="6">Konfigurisani CTI server je netačan</Event> <!-- InvalidCTIServer -->
    <Event code="7">StartConversationFailure</Event> <!-- StartConversationFailure -->
    <Event code="8">ServerConnectionFailure</Event> <!-- ServerConnectionFailure -->
    <Event code="9">Prijavljivanje nije moguće.</Event> <!-- ServerAuthenticationFailure -->
    <Event code="10">InvalidTelephonyDevice</Event> <!-- InvalidTelephonyDevice -->
    <Event code="11">InvalidTelephonyNumber</Event> <!-- InvalidTelephonyNumber -->
    <Event code="12">EndConversationFailure</Event> <!-- EndConversationFailure -->
    <Event code="13">HoldConversationFailure</Event> <!-- HoldConversationFailure -->
    <Event code="14">ResumeConversationFailure</Event> <!-- ResumeConversationFailure -->
    <Event code="15">AcceptConversationFailure</Event> <!-- AcceptConversationFailure -->
    <Event code="16">MuteConversationAudioFailure</Event> <!-- MuteConversationAudioFailure -->
    <Event code="17">UnmuteConversationAudioFailure</Event> <!-- UnmuteConversationAudioFailure -->
    <Event code="18">IdivertConversationFailure</Event> <!-- IdivertConversationFailure -->
    <Event code="19">TransferConversationFailure</Event> <!-- TransferConversationFailure -->
    <Event code="20">MuteConversationVideoFailure</Event> <!-- MuteConversationVideoFailure -->
    <Event code="21">UnmuteConversationVideoFailure</Event> <!-- UnmuteConversationVideoFailure -->
    <Event code="22">SetConversationRemoteWindowFailure</Event> <!-- SetConversationRemoteWindowFailure -->
    <Event code="23">RemoveConversationRemoteWindowFailure</Event> <!-- RemoveConversationRemoteWindowFailure -->
    <Event code="24">SetConversationPreviewWindowFailure</Event> <!-- SetConversationPreviewWindowFailure -->
    <Event code="25">RemoveConversationPreviewWindowFailure</Event> <!-- RemoveConversationPreviewWindowFailure -->
    <Event code="26">StopConversationFeatureFailure</Event> <!-- StopConversationFeatureFailure -->
    <Event code="27">StartDeviceFeatureFailure</Event> <!-- StartDeviceFeatureFailure -->
    <Event code="28">StopDeviceFeatureFailure</Event> <!-- StopDeviceFeatureFailure -->
    <Event code="29">SetAudioRecordDeviceFailure</Event> <!-- SetAudioRecordDeviceFailure -->
    <Event code="30">SetAudioPlayoutDeviceFailure</Event> <!-- SetAudioPlayoutDeviceFailure -->
    <Event code="31">SetAudioRingerDeviceFailure</Event> <!-- SetAudioRingerDeviceFailure -->
    <Event code="32">SetAudioPlayoutAndRingerDeviceFailure</Event> <!-- SetAudioPlayoutAndRingerDeviceFailure -->
    <Event code="33">SetVideoCaptureDeviceFailure</Event> <!-- SetVideoCaptureDeviceFailure -->
    <Event code="34">CompleteTransferFailure</Event> <!-- CompleteTransferFailure -->
    <Event code="35">SelectDeviceFailure</Event> <!-- SelectDeviceFailure -->
    <Event code="36">SetCallForwardToNumberFailure</Event> <!-- SetCallForwardToNumberFailure -->
    <Event code="37">SetCallForwardToVoiceMailFailure</Event> <!-- SetCallForwardToVoiceMailFailure -->
    <Event code="38">Nije uneto korisničko ime ili lozinka. Idite na Usluge telefona u prozoru Opcije i unesite tačno korisničko ime i lozinku. Ako ne znate informacije za prijavljivanje, obratite se administratoru sistema.</Event> <!-- NoCredentialsConfigured -->
    <Event code="39">Uverite se da je računar povezan sa mrežom. Ako imate problema sa povezivanjem na mrežu, obratite se administratoru sistema.</Event> <!-- NoNetwork -->
    <Event code="40">Greška u vezi. Uverite se da su tačne serverske informacije na kartici Usluge telefona, u prozoru Opcije. Obratite se administratoru sistema da biste dobili pomoć.</Event> <!-- UnknownConnectionError -->
    <Event code="41">Medianet nije instaliran.</Event> <!-- MedianetNotInstalled -->
    <Event code="42">Video na stonom telefonu nije dostupan u režimu softverskog telefona.</Event> <!-- DeskphoneVideoUnavailableInSoftphoneMode -->
	<Event code="43">MedianetNotRunning</Event><!-- MedianetNotRunning -->
	<Event code="44">Nije aktivirano upisivanje sertifikata za bezbedno pozivanje sa računara. Obratite se administratoru sistema.</Event><!-- CapfAdminActionRequired -->
	<Event code="45">InProgress</Event><!-- InProgress -->
    <Event code="46">Podešavanja konfiguracije telefona su nevažeća.</Event> <!-- InValidConfig -->
	<Event code="47">Neuspešno</Event> <!-- Failed -->
    <Event code="48">Proveren identitet</Event> <!-- Authenticated -->	
	<Event code="49">StartConversationFailure</Event> <!-- ParkConversationFailure -->
    <Event code="50">Korisničko ime ili lozinka nisu tačni.</Event> <!-- InvalidCredential -->
	<Event code="51">Nije navedeno korisničko ime ili lozinka.</Event> <!-- NoCredentialsConfigured -->
	<Event code="52">Niste poslali šifru za bezbednu proveru identiteta. Idite na režim telefona na dnu čvorišta i izaberite 'Koristi moj računar za pozive'.</Event> <!-- CapfAuthenticationStringRequired -->
	<Event code="53">Možda postoji problem sa bezbednosnim kodom. Unesite ga ponovo, a zatim se obratite administratoru sistema ako taj pokušaj nije uspešan.</Event> <!-- CapfEnrollmentFailure -->
    <Event code="54">Sertifikat za server je odbijen.</Event> <!-- ServerCertificateRejected -->
	<Event code="55">Video na stonom telefonu nije dostupan u produženom režimu i režimu povezivanja.</Event> <!--DeskPhoneVideoUnavailableInExtendConnectMode-->
    <Event code="58">Greška u bezbednoj vezi (TLS)</Event> <!--TLSFailure-->
    <Event code="59">Greška u SSL vezi.</Event> <!--SSLConnectError-->
    <Event code="63">Potrebno je ažuriranje da bi se omogućili pozivi sa Jabber-a na Jabber</Event> <!--SparkAPIBreakingChangeError-->
    <!-- Server Health Strings -->
    <Event code="1000">Uređaj:</Event> <!-- DeviceLabelString -->
    <Event code="1001">Linija:</Event> <!-- LineLabelString -->
  </Service>
</ServiceEventDescriptions>