﻿<?xml version="1.0" encoding="utf-8"?> 
<ServiceStrings> 
	<Service id="2100">
		<String code="CucmProductName">Cisco Communications Manager 8.x</String>
		<String code="TftpServerKeyName">TFTP 服务器:</String>
		<String code="CtiServerKeyName">CTI 服务器:</String>
		<String code="CcmcipServerKeyName">CCMCIP 服务器:</String>
		<String code="CallsAvailableForPickup">可供代答的呼叫</String>
		<String code="NoCallAvailableForPickup">没有可供代答的呼叫</String>
		<String code="NoBandwidthAvailableForPickup">没有可供代答的带宽</String>
		<String code="NoLineAvailableForPickup">没有可供代答的线路</String>
		<String code="InvalidPickupGroup">无效的代答组</String>
		<String code="PickupFailed">代答失败</String>
		<String code="PickupGroupDeleted">已删除代答组</String>	
		<String code="UnknownContact">(无姓名)</String>
	</Service>
	<Service id="2102">
		<String code="Conference">会议</String>
	</Service> 
</ServiceStrings>