﻿<?xml version="1.0" encoding="utf-8"?> 
<ServiceStrings> 
	<Service id="2100">
		<String code="CucmProductName">Cisco Communications Manager 8.x</String>
		<String code="TftpServerKeyName">TFTP 서버:</String>
		<String code="CtiServerKeyName">CTI 서버:</String>
		<String code="CcmcipServerKeyName">CCMCIP 서버:</String>
		<String code="CallsAvailableForPickup">당겨받을 수 있는 통화</String>
		<String code="NoCallAvailableForPickup">당겨받을 수 있는 통화 없음</String>
		<String code="NoBandwidthAvailableForPickup">당겨받을 수 있는 대역폭 없음</String>
		<String code="NoLineAvailableForPickup">당겨받을 수 있는 회선 없음</String>
		<String code="InvalidPickupGroup">잘못된 당겨받기 그룹</String>
		<String code="PickupFailed">당겨받기 실패</String>
		<String code="PickupGroupDeleted">당겨받기 그룹 삭제됨</String>	
		<String code="UnknownContact">(이름 없음)</String>
	</Service>
	<Service id="2102">
		<String code="Conference">전화회의</String>
	</Service> 
</ServiceStrings>