﻿<?xml version="1.0" encoding="utf-8"?> 
<ServiceStrings> 
	<Service id="2100">
		<String code="CucmProductName">Cisco Communications Manager 8.x</String>
		<String code="TftpServerKeyName">Servidor TFTP:</String>
		<String code="CtiServerKeyName">Servidor CTI:</String>
		<String code="CcmcipServerKeyName">Servidor CCMCIP:</String>
		<String code="CallsAvailableForPickup">Chamadas disponíveis para captura</String>
		<String code="NoCallAvailableForPickup">Nenhuma chamada disponível para captura</String>
		<String code="NoBandwidthAvailableForPickup">Sem largura de banda disponível para captura</String>
		<String code="NoLineAvailableForPickup">Nenhuma linha disponível para captura</String>
		<String code="InvalidPickupGroup">Grupo de captura inválido</String>
		<String code="PickupFailed">Captura falhada</String>
		<String code="PickupGroupDeleted">Grupo de captura eliminado</String>	
		<String code="UnknownContact">(Sem nome)</String>
	</Service>
	<Service id="2102">
		<String code="Conference">Conferência</String>
	</Service> 
</ServiceStrings>