﻿<?xml version="1.0" encoding="utf-8"?> 
<ServiceStrings> 
	<Service id="2100">
		<String code="CucmProductName">Cisco Communications Manager 8.x</String>
		<String code="TftpServerKeyName">خادم TFTP:</String>
		<String code="CtiServerKeyName">خادم CTI:</String>
		<String code="CcmcipServerKeyName">خادم CCMCIP:</String>
		<String code="CallsAvailableForPickup">المكالمات المتوفرة للالتقاط</String>
		<String code="NoCallAvailableForPickup">لا توجد مكالمة متوفرة للالتقاط</String>
		<String code="NoBandwidthAvailableForPickup">لا يوجد نطاق ترددي متوفر للالتقاط</String>
		<String code="NoLineAvailableForPickup">لا يوجد خط متوفر للالتقاط</String>
		<String code="InvalidPickupGroup">مجموعة التقاط غير صالحة</String>
		<String code="PickupFailed">فشل الالتقاط</String>
		<String code="PickupGroupDeleted">تم حذف مجموعة الالتقاط</String>	
		<String code="UnknownContact">(لا يوجد اسم)</String>
	</Service>
	<Service id="2102">
		<String code="Conference">المؤتمر</String>
	</Service> 
</ServiceStrings>