﻿<?xml version="1.0" encoding="utf-8"?> 
<ServiceStrings> 
	<Service id="2100">
		<String code="CucmProductName">Cisco Communications Manager 8.x</String>
		<String code="TftpServerKeyName">Servidor TFTP:</String>
		<String code="CtiServerKeyName">Servidor CTI:</String>
		<String code="CcmcipServerKeyName">Servidor CCMCIP:</String>
		<String code="CallsAvailableForPickup">Trucades disponibles per a Captura</String>
		<String code="NoCallAvailableForPickup">No hi ha cap trucada disponible per a Captura</String>
		<String code="NoBandwidthAvailableForPickup">No hi ha amplada de banda disponible per a Captura</String>
		<String code="NoLineAvailableForPickup">No hi ha cap línia disponible per a Captura</String>
		<String code="InvalidPickupGroup">Grup de captura no vàlid</String>
		<String code="PickupFailed">Error de captura</String>
		<String code="PickupGroupDeleted">Grup de captura eliminat</String>	
		<String code="UnknownContact">(Sense nom)</String>
	</Service>
	<Service id="2102">
		<String code="Conference">Conferència</String>
	</Service> 
</ServiceStrings>