﻿<?xml version="1.0" encoding="utf-8"?> 
<ServiceStrings> 
	<Service id="2100">
		<String code="CucmProductName">Cisco Communications Manager 8.x</String>
		<String code="TftpServerKeyName">Server TFTP:</String>
		<String code="CtiServerKeyName">Server CTI:</String>
		<String code="CcmcipServerKeyName">Server CCMCIP:</String>
		<String code="CallsAvailableForPickup">Chiamate disponibili per Risposta per Assente</String>
		<String code="NoCallAvailableForPickup">Nessuna chiamata disponibile per Risposta per Assente</String>
		<String code="NoBandwidthAvailableForPickup">Nessuna larghezza di banda disponibile per Risposta per Assente</String>
		<String code="NoLineAvailableForPickup">Nessuna linea disponibile per Risposta per Assente</String>
		<String code="InvalidPickupGroup">Gruppo di Risposta per Assente non valido</String>
		<String code="PickupFailed">Risposta per Assente non riuscita</String>
		<String code="PickupGroupDeleted">Gruppo di Risposta per Assente eliminato</String>	
		<String code="UnknownContact">(Nessun nome)</String>
	</Service>
	<Service id="2102">
		<String code="Conference">Conferenza</String>
	</Service> 
</ServiceStrings>