<?xml version="1.0" encoding="utf-8"?>
<library>
  <name>TelephonyService</name> 
  <path>TelephonyService</path>  
  <services>
    <service name="CSFUnified::TelephonyService" id="2100" />
    <service name="CSFUnified::TelephonyAuthenticationService" id="2101" />
    <service name="CSFUnified::TelephonyConversationService" id="2102" />
  </services>
  <featuresets>
    <featureset name="CSFUnified::TelephonyAuthenticationFeatureSet" id="2100"/>
    <featureset name="CSFUnified::TelephonyConversationFeatureSet" id="2101"/>
    <featureset name="CSFUnified::TelephonyMediaDeviceFeatureSet" id="2102"/>
    <featureset name="CSFUnified::TelephonyServerHealthFeatureSet" id="2103"/>
  </featuresets>
  <authenticators>
	<authenticator id="2100" name="CUCM"/>
  </authenticators>
</library>
