﻿<?xml version="1.0" encoding="utf-8"?>
<ServiceEventDescriptions>
  <Service id="2100">
    <Event code="1">Neznano</Event> <!-- Unknown -->
    <Event code="2">Zagon sklopa funkcij ni uspel</Event> <!-- UnknownStartFeatureSetFailure -->
    <Event code="3">Vnesli ste neveljavno uporabniško ime ali geslo. V oknu »Možnosti« izberite »Telefonske storitve« ter vnesite pravilno ime in geslo. Če ne poznate svojih podatkov za prijavo, se obrnite na skrbnika sistema.</Event> <!-- InvalidCredential -->
    <Event code="4">Konfigurirani strežnik CCMCIP je neveljaven</Event> <!-- InvalidCCMCIPServer -->
    <Event code="5">Konfigurirani strežnik TFTP je neveljaven</Event> <!-- InvalidTFTPServer -->
    <Event code="6">Konfigurirani strežnik CTI je neveljaven</Event> <!-- InvalidCTIServer -->
    <Event code="7">Napaka pri začenjanju pogovora</Event> <!-- StartConversationFailure -->
    <Event code="8">Napaka pri povezovanju s strežnikom</Event> <!-- ServerConnectionFailure -->
    <Event code="9">Prijava ni mogoča.</Event> <!-- ServerAuthenticationFailure -->
    <Event code="10">Neveljavna telefonska naprava</Event> <!-- InvalidTelephonyDevice -->
    <Event code="11">Neveljavna telefonska številka</Event> <!-- InvalidTelephonyNumber -->
    <Event code="12">Napaka pri zaključevanju pogovora</Event> <!-- EndConversationFailure -->
    <Event code="13">Napaka pri preklopu pogovora na čakanje</Event> <!-- HoldConversationFailure -->
    <Event code="14">Napaka pri obnovitvi pogovora</Event> <!-- ResumeConversationFailure -->
    <Event code="15">Napaka pri sprejemu pogovora</Event> <!-- AcceptConversationFailure -->
    <Event code="16">Napaka pri izklopu zvoka pogovora</Event> <!-- MuteConversationAudioFailure -->
    <Event code="17">Napaka pri vklopu zvoka pogovora</Event> <!-- UnmuteConversationAudioFailure -->
    <Event code="18">Napaka pri internetnem preusmerjanju pogovora</Event> <!-- IdivertConversationFailure -->
    <Event code="19">Napaka pri prenosu pogovora</Event> <!-- TransferConversationFailure -->
    <Event code="20">Napaka pri izklopu videa pogovora</Event> <!-- MuteConversationVideoFailure -->
    <Event code="21">Napaka pri vklopu videa pogovora</Event> <!-- UnmuteConversationVideoFailure -->
    <Event code="22">Napaka pri nastavitvi oddaljenega okna pogovora</Event> <!-- SetConversationRemoteWindowFailure -->
    <Event code="23">Napaka oddaljenega okna oddaljenega pogovora</Event> <!-- RemoveConversationRemoteWindowFailure -->
    <Event code="24">Napaka pri nastavitvi okna predogleda pogovora</Event> <!-- SetConversationPreviewWindowFailure -->
    <Event code="25">Napaka pri odstranjevanju oddaljenega okna pogovora</Event> <!-- RemoveConversationPreviewWindowFailure -->
    <Event code="26">Napaka pri zaustavitvi funkcije pogovora</Event> <!-- StopConversationFeatureFailure -->
    <Event code="27">Napaka pri zagonu funkcije naprave</Event> <!-- StartDeviceFeatureFailure -->
    <Event code="28">Napaka pri zaustavitvi funkcije naprave</Event> <!-- StopDeviceFeatureFailure -->
    <Event code="29">Napaka pri nastavitvi snemanja zvoka naprave</Event> <!-- SetAudioRecordDeviceFailure -->
    <Event code="30">Napaka pri nastavitvi predvajanja zvoka naprave</Event> <!-- SetAudioPlayoutDeviceFailure -->
    <Event code="31">Napaka pri nastavitvi zvoka zvonca naprave</Event> <!-- SetAudioRingerDeviceFailure -->
    <Event code="32">Napaka pri nastavitvi predvajanja zvoka in zvonca naprave</Event> <!-- SetAudioPlayoutAndRingerDeviceFailure -->
    <Event code="33">Napaka pri nastavitvi snemalne video naprave</Event> <!-- SetVideoCaptureDeviceFailure -->
    <Event code="34">Napaka pri popolnem prenosu</Event> <!-- CompleteTransferFailure -->
    <Event code="35">Napaka pri izbiranju naprave</Event> <!-- SelectDeviceFailure -->
    <Event code="36">Napaka pri preusmerjanju klica na številko</Event> <!-- SetCallForwardToNumberFailure -->
    <Event code="37">Napaka pri preusmerjanju klica na glasovno pošto</Event> <!-- SetCallForwardToVoiceMailFailure -->
    <Event code="38">Vnesli ste neveljavno uporabniško ime ali geslo. V oknu »Možnosti« izberite »Telefonske storitve« ter vnesite pravilno ime in geslo. Če ne poznate svojih podatkov za prijavo, se obrnite na skrbnika sistema.</Event> <!-- NoCredentialsConfigured -->
    <Event code="39">Preverite, ali je računalnik povezan v omrežje. Če imate težave s povezovanjem v omrežje, se obrnite na skrbnika sistema.</Event> <!-- NoNetwork -->
    <Event code="40">Napaka v povezavi. V oknu »Možnosti« odprite zavihek »Storitve telefona« in preverite, ali so podatki strežnika pravilni. Za pomoč se obrnite na skrbnika sistema.</Event> <!-- UnknownConnectionError -->
    <Event code="41">Medianet ni nameščen.</Event> <!-- MedianetNotInstalled -->
    <Event code="42">Video namiznega telefona ni na voljo v načinu internetnega telefona.</Event> <!-- DeskphoneVideoUnavailableInSoftphoneMode -->
	<Event code="43">Medianet se ne izvaja</Event><!-- MedianetNotRunning -->
	<Event code="44">Vpis certifikata za varno klicanje iz računalnika ni aktiviran. Obrnite se na skrbnika sistema.</Event><!-- CapfAdminActionRequired -->
	<Event code="45">Poteka</Event><!-- InProgress -->
    <Event code="46">Konfiguracijske nastavitve telefonije so neveljavne.</Event> <!-- InValidConfig -->
	<Event code="47">Ni uspelo</Event> <!-- Failed -->
    <Event code="48">Pristnost potrjena</Event> <!-- Authenticated -->	
	<Event code="49">Prestavitev pogovora ni uspela</Event> <!-- ParkConversationFailure -->
    <Event code="50">Uporabniško ime ali geslo ni pravilno.</Event> <!-- InvalidCredential -->
	<Event code="51">Uporabniškega imena ali gesla niste vnesli.</Event> <!-- NoCredentialsConfigured -->
	<Event code="52">Niste vnesli varnostne kode za preverjanje pristnosti. Pojdite v način za telefon na dnu in izberite »Za klice uporabi moj računalnik«.</Event> <!-- CapfAuthenticationStringRequired -->
	<Event code="53">Z vašo varnostno kodo je morda nekaj narobe. Znova jo vnesite. Če postopek ne uspe, se obrnite na skrbnika sistema.</Event> <!-- CapfEnrollmentFailure -->
    <Event code="54">Certifikat strežnika je bil zavrnjen.</Event> <!-- ServerCertificateRejected -->
	<Event code="55">Video namiznega telefona ni na voljo v načinu razširjene povezave telefona.</Event> <!--DeskPhoneVideoUnavailableInExtendConnectMode-->
    <Event code="58">Okvara varne povezave (TLS)</Event> <!--TLSFailure-->
    <Event code="59">Napaka v povezavi SSL.</Event> <!--SSLConnectError-->
    <Event code="63">Zahtevana je posodobitev za omogočenje klicev iz aplikacije Jabber v aplikacijo Jabber</Event> <!--SparkAPIBreakingChangeError-->
    <!-- Server Health Strings -->
    <Event code="1000">Naprava:</Event> <!-- DeviceLabelString -->
    <Event code="1001">Linija:</Event> <!-- LineLabelString -->
  </Service>
</ServiceEventDescriptions>