﻿<?xml version="1.0" encoding="utf-8"?>
<ServiceEventDescriptions>
  <Service id="2100">
    <Event code="1">Άγνωστο</Event> <!-- Unknown -->
    <Event code="2">Η εκκίνηση ενός συνόλου δυνατοτήτων απέτυχε</Event> <!-- UnknownStartFeatureSetFailure -->
    <Event code="3">Μη έγκυρο όνομα χρήστη ή κωδικόs πρόσβασης τέθηκε. Πηγαίντε  στις Υπηρεσίες τηλεφώνου, στο παράθυρο Eπιλογές και εισάγετε το σωστό όνομα χρήστη και κωδικό πρόσβασης. Αν δεν γνωρίζετε ονομα χρηστη πληροφοριών επικοινωνήστε με τον διαχειριστή του συστήματός σας.</Event> <!-- InvalidCredential -->
    <Event code="4">Ο διακομιστής CCMCIP που διαμορφώθηκε είναι εσφαλμένος</Event> <!-- InvalidCCMCIPServer -->
    <Event code="5">Ο διακομιστής TFTP που διαμορφώθηκε είναι εσφαλμένος</Event> <!-- InvalidTFTPServer -->
    <Event code="6">Ο διακομιστής CTI που διαμορφώθηκε είναι εσφαλμένος</Event> <!-- InvalidCTIServer -->
    <Event code="7">StartConversationFailure</Event> <!-- StartConversationFailure -->
    <Event code="8">ServerConnectionFailure</Event> <!-- ServerConnectionFailure -->
    <Event code="9">Δεν είναι δυνατή η σύνδεση.</Event> <!-- ServerAuthenticationFailure -->
    <Event code="10">InvalidTelephonyDevice</Event> <!-- InvalidTelephonyDevice -->
    <Event code="11">InvalidTelephonyNumber</Event> <!-- InvalidTelephonyNumber -->
    <Event code="12">EndConversationFailure</Event> <!-- EndConversationFailure -->
    <Event code="13">HoldConversationFailure</Event> <!-- HoldConversationFailure -->
    <Event code="14">ResumeConversationFailure</Event> <!-- ResumeConversationFailure -->
    <Event code="15">AcceptConversationFailure</Event> <!-- AcceptConversationFailure -->
    <Event code="16">MuteConversationAudioFailure</Event> <!-- MuteConversationAudioFailure -->
    <Event code="17">UnmuteConversationAudioFailure</Event> <!-- UnmuteConversationAudioFailure -->
    <Event code="18">IdivertConversationFailure</Event> <!-- IdivertConversationFailure -->
    <Event code="19">TransferConversationFailure</Event> <!-- TransferConversationFailure -->
    <Event code="20">MuteConversationVideoFailure</Event> <!-- MuteConversationVideoFailure -->
    <Event code="21">UnmuteConversationVideoFailure</Event> <!-- UnmuteConversationVideoFailure -->
    <Event code="22">SetConversationRemoteWindowFailure</Event> <!-- SetConversationRemoteWindowFailure -->
    <Event code="23">RemoveConversationRemoteWindowFailure</Event> <!-- RemoveConversationRemoteWindowFailure -->
    <Event code="24">SetConversationPreviewWindowFailure</Event> <!-- SetConversationPreviewWindowFailure -->
    <Event code="25">RemoveConversationPreviewWindowFailure</Event> <!-- RemoveConversationPreviewWindowFailure -->
    <Event code="26">StopConversationFeatureFailure</Event> <!-- StopConversationFeatureFailure -->
    <Event code="27">StartDeviceFeatureFailure</Event> <!-- StartDeviceFeatureFailure -->
    <Event code="28">StopDeviceFeatureFailure</Event> <!-- StopDeviceFeatureFailure -->
    <Event code="29">SetAudioRecordDeviceFailure</Event> <!-- SetAudioRecordDeviceFailure -->
    <Event code="30">SetAudioPlayoutDeviceFailure</Event> <!-- SetAudioPlayoutDeviceFailure -->
    <Event code="31">SetAudioRingerDeviceFailure</Event> <!-- SetAudioRingerDeviceFailure -->
    <Event code="32">SetAudioPlayoutAndRingerDeviceFailure</Event> <!-- SetAudioPlayoutAndRingerDeviceFailure -->
    <Event code="33">SetVideoCaptureDeviceFailure</Event> <!-- SetVideoCaptureDeviceFailure -->
    <Event code="34">CompleteTransferFailure</Event> <!-- CompleteTransferFailure -->
    <Event code="35">SelectDeviceFailure</Event> <!-- SelectDeviceFailure -->
    <Event code="36">SetCallForwardToNumberFailure</Event> <!-- SetCallForwardToNumberFailure -->
    <Event code="37">SetCallForwardToVoiceMailFailure</Event> <!-- SetCallForwardToVoiceMailFailure -->
    <Event code="38">Δεν τεθηκε όνομα χρήστη ή κωδικός πρόσβασης. Πηγαίντε στις Υπηρεσίες τηλεφώνου, στο παράθυρο Eπιλογές και εισάγετε το σωστό όνομα χρήστη και κωδικό πρόσβασης. Αν δεν γνωρίζετε ονομα χρηστη πληροφοριών επικοινωνήστε με τον διαχειριστή του συστήματός σας.</Event> <!-- NoCredentialsConfigured -->
    <Event code="39">Βεβαιωθείτε ότι ο υπολογιστής σας είναι συνδεδεμένος στο δίκτυο. Αν έχετε πρόβλημα σύνδεσης επικοινωνήστε με τον διαχειριστή του συστήματός σας.</Event> <!-- NoNetwork -->
    <Event code="40">Σφάλμα σύνδεσης. Βεβαιωθείτε ότι τα στοιχεία διακομιστή στην καρτέλα "Υπηρεσίες τηλεφώνου" του παραθύρου "Επιλογές" είναι σωστά. Επικοινωνήστε με τον διαχειριστή του συστήματός σας, για περαιτέρω βοήθεια.</Event> <!-- UnknownConnectionError -->
    <Event code="41">Medianet δεν έχει εγκατασταθεί.</Event> <!-- MedianetNotInstalled -->
    <Event code="42">Τηλεφωνικο βιντεο δεν ειναι διαθεσιμο στην ηλεκτρονική λειτουργία.</Event> <!-- DeskphoneVideoUnavailableInSoftphoneMode -->
	<Event code="43">Δεν εκτελείται το Medianet</Event><!-- MedianetNotRunning -->
	<Event code="44">Η εγγραφή του πιστοποιητικού σας για ασφαλείς κλήσεις μέσω υπολογιστή δεν έχει ενεργοποιηθεί. Επικοινωνήστε με το διαχειριστή του συστήματός σας.</Event><!-- CapfAdminActionRequired -->
	<Event code="45">Σε εξέλιξη</Event><!-- InProgress -->
    <Event code="46">Οι ρυθμίσεις διαμόρφωσης δικτύου τηλεφωνίας δεν είναι έγκυρες.</Event> <!-- InValidConfig -->
	<Event code="47">Απέτυχε</Event> <!-- Failed -->
    <Event code="48">Ολοκληρώθηκε ο έλεγχος ταυτότητας</Event> <!-- Authenticated -->	
	<Event code="49">ParkConversationFailure</Event> <!-- ParkConversationFailure -->
    <Event code="50">Εσφαλμένο όνομα χρήστη ή κωδικός πρόσβασης.</Event> <!-- InvalidCredential -->
	<Event code="51">Δεν καθορίστηκε όνομα χρήστη ή κωδικός πρόσβασης.</Event> <!-- NoCredentialsConfigured -->
	<Event code="52">Δεν έχετε υποβάλει τον κωδικό ασφαλούς ελέγχου ταυτότητας. Μεταβείτε στην κατάσταση λειτουργίας τηλεφώνου στο κάτω μέρος του κόμβου και επιλέξτε "Χρήση του υπολογιστή μου για κλήσεις".</Event> <!-- CapfAuthenticationStringRequired -->
	<Event code="53">Ενδέχεται να υπάρχει κάποιο πρόβλημα με τον κωδικό ασφαλείας σας. Επαναλάβετε την καταχώρησή του και επικοινωνήστε με το διαχειριστή του συστήματος, αν αυτή η προσπάθεια αποτύχει.</Event> <!-- CapfEnrollmentFailure -->
    <Event code="54">Το πιστοποιητικό του διακομιστή απορρίφθηκε.</Event> <!-- ServerCertificateRejected -->
	<Event code="55">Τηλεφωνικο βιντεο δεν ειναι διαθεσιμο στην ηλεκτρονική λειτουργία.</Event> <!--DeskPhoneVideoUnavailableInExtendConnectMode-->
    <Event code="58">Αποτυχία ασφαλούς σύνδεσης (TLS)</Event> <!--TLSFailure-->
    <Event code="59">Σφάλμα σύνδεσης SSL.</Event> <!--SSLConnectError-->
    <Event code="63">Απαιτείται ενημέρωση για την ενεργοποίηση των κλήσεων Jabber σε Jabber</Event> <!--SparkAPIBreakingChangeError-->
    <!-- Server Health Strings -->
    <Event code="1000">Συσκευή:</Event> <!-- DeviceLabelString -->
    <Event code="1001">Γραμμη:</Event> <!-- LineLabelString -->
  </Service>
</ServiceEventDescriptions>