﻿<?xml version="1.0" encoding="utf-8"?>
<ServiceEventDescriptions>
  <Service id="2100">
    <Event code="1">לא ידוע</Event> <!-- Unknown -->
    <Event code="2">הפעלת קבוצת מאפיינים נכשלה</Event> <!-- UnknownStartFeatureSetFailure -->
    <Event code="3">שם המשתמש או הסיסמה שהוזנו לא חוקיים. עבור ל'שירותי טלפון' בחלון האפשרויות והזן את שם המשתמש והסיסמה הנכונים. אם אתה לא יודע את פרטי הכניסה שלך צור קשר עם מנהל המערכת שלך.</Event> <!-- InvalidCredential -->
    <Event code="4">שרת CCMCIP שהוגדר אינו נכון</Event> <!-- InvalidCCMCIPServer -->
    <Event code="5">שרת TFTP שהוגדר אינו נכון</Event> <!-- InvalidTFTPServer -->
    <Event code="6">שרת CTI שהוגדר אינו נכון</Event> <!-- InvalidCTIServer -->
    <Event code="7">StartConversationFailure</Event> <!-- StartConversationFailure -->
    <Event code="8">ServerConnectionFailure</Event> <!-- ServerConnectionFailure -->
    <Event code="9">לא ניתן להיכנס.</Event> <!-- ServerAuthenticationFailure -->
    <Event code="10">InvalidTelephonyDevice</Event> <!-- InvalidTelephonyDevice -->
    <Event code="11">InvalidTelephonyNumber</Event> <!-- InvalidTelephonyNumber -->
    <Event code="12">EndConversationFailure</Event> <!-- EndConversationFailure -->
    <Event code="13">HoldConversationFailure</Event> <!-- HoldConversationFailure -->
    <Event code="14">ResumeConversationFailure</Event> <!-- ResumeConversationFailure -->
    <Event code="15">AcceptConversationFailure</Event> <!-- AcceptConversationFailure -->
    <Event code="16">MuteConversationAudioFailure</Event> <!-- MuteConversationAudioFailure -->
    <Event code="17">UnmuteConversationAudioFailure</Event> <!-- UnmuteConversationAudioFailure -->
    <Event code="18">IdivertConversationFailure</Event> <!-- IdivertConversationFailure -->
    <Event code="19">TransferConversationFailure</Event> <!-- TransferConversationFailure -->
    <Event code="20">MuteConversationVideoFailure</Event> <!-- MuteConversationVideoFailure -->
    <Event code="21">UnmuteConversationVideoFailure</Event> <!-- UnmuteConversationVideoFailure -->
    <Event code="22">SetConversationRemoteWindowFailure</Event> <!-- SetConversationRemoteWindowFailure -->
    <Event code="23">RemoveConversationRemoteWindowFailure</Event> <!-- RemoveConversationRemoteWindowFailure -->
    <Event code="24">SetConversationPreviewWindowFailure</Event> <!-- SetConversationPreviewWindowFailure -->
    <Event code="25">RemoveConversationPreviewWindowFailure</Event> <!-- RemoveConversationPreviewWindowFailure -->
    <Event code="26">StopConversationFeatureFailure</Event> <!-- StopConversationFeatureFailure -->
    <Event code="27">StartDeviceFeatureFailure</Event> <!-- StartDeviceFeatureFailure -->
    <Event code="28">StopDeviceFeatureFailure</Event> <!-- StopDeviceFeatureFailure -->
    <Event code="29">SetAudioRecordDeviceFailure</Event> <!-- SetAudioRecordDeviceFailure -->
    <Event code="30">SetAudioPlayoutDeviceFailure</Event> <!-- SetAudioPlayoutDeviceFailure -->
    <Event code="31">SetAudioRingerDeviceFailure</Event> <!-- SetAudioRingerDeviceFailure -->
    <Event code="32">SetAudioPlayoutAndRingerDeviceFailure</Event> <!-- SetAudioPlayoutAndRingerDeviceFailure -->
    <Event code="33">SetVideoCaptureDeviceFailure</Event> <!-- SetVideoCaptureDeviceFailure -->
    <Event code="34">CompleteTransferFailure</Event> <!-- CompleteTransferFailure -->
    <Event code="35">SelectDeviceFailure</Event> <!-- SelectDeviceFailure -->
    <Event code="36">SetCallForwardToNumberFailure</Event> <!-- SetCallForwardToNumberFailure -->
    <Event code="37">SetCallForwardToVoiceMailFailure</Event> <!-- SetCallForwardToVoiceMailFailure -->
    <Event code="38">לא הוזנו שם משתמש או סיסמה. עבור ל'שירותי טלפון' בחלון האפשרויות והזן את שם המשתמש והסיסמה הנכונים. אם אתה לא יודע את פרטי הכניסה שלך צור קשר עם מנהל המערכת שלך.</Event> <!-- NoCredentialsConfigured -->
    <Event code="39">ודא שהמחשב שלך מחובר לרשת. אם אתה נתקל בבעיות בחיבור לרשת צור קשר עם מנהל המערכת שלך.</Event> <!-- NoNetwork -->
    <Event code="40">שגיאת חיבור. ודא שפרטי השרת בכרטיסייה 'שירותי טלפון' בחלון 'אפשרויות' נכונים. לקבלת עזרה, פנה למנהל המערכת שלך.</Event> <!-- UnknownConnectionError -->
    <Event code="41">Medianet אינו מותקן.</Event> <!-- MedianetNotInstalled -->
    <Event code="42">וידאו בטלפון שולחני לא זמין עבור טלפון מבוסס תוכנה.</Event> <!-- DeskphoneVideoUnavailableInSoftphoneMode -->
	<Event code="43">MedianetNotRunning</Event><!-- MedianetNotRunning -->
	<Event code="44">רישום האישור לביצוע שיחות מאובטחות מהמחשב לא הופעל. פנה למנהל המערכת.</Event><!-- CapfAdminActionRequired -->
	<Event code="45">InProgress</Event><!-- InProgress -->
    <Event code="46">קביעת התצורה של הגדרות הטלפוניה אינה חוקית.</Event> <!-- InValidConfig -->
	<Event code="47">נכשל</Event> <!-- Failed -->
    <Event code="48">אומת</Event> <!-- Authenticated -->	
	<Event code="49">StartConversationFailure</Event> <!-- ParkConversationFailure -->
    <Event code="50">שם המשתמש או הסיסמה שגויים.</Event> <!-- InvalidCredential -->
	<Event code="51">לא הוזנו שם משתמש או סיסמה.</Event> <!-- NoCredentialsConfigured -->
	<Event code="52">לא שלחת את קוד האימות המאובטח שלך. עבור אל מצב טלפון בתחתית הרכזת ובחר 'השתמש במחשב שלי לביצוע שיחות'.</Event> <!-- CapfAuthenticationStringRequired -->
	<Event code="53">ייתכן שיש בעיה עם קוד האבטחה שלך. הזן אותו שוב ואם ניסיון זה נכשל, פנה למנהל המערכת שלך.</Event> <!-- CapfEnrollmentFailure -->
    <Event code="54">החתימה הדיגיטלית של שרת זה נדחתה.</Event> <!-- ServerCertificateRejected -->
	<Event code="55">וידאו בטלפון שולחני לא זמין עבור טלפון מבוסס תוכנה.</Event> <!--DeskPhoneVideoUnavailableInExtendConnectMode-->
    <Event code="58">כשל חיבור מאובטח (TLS)</Event> <!--TLSFailure-->
    <Event code="59">שגיאת חיבור SSL.</Event> <!--SSLConnectError-->
    <Event code="63">דרוש עדכון כדי להפעיל שיחות Jabber ל-Jabber</Event> <!--SparkAPIBreakingChangeError-->
    <!-- Server Health Strings -->
    <Event code="1000">מכשיר:</Event> <!-- DeviceLabelString -->
    <Event code="1001">קו:</Event> <!-- LineLabelString -->
  </Service>
</ServiceEventDescriptions>