﻿<?xml version="1.0" encoding="utf-8"?>
<ServiceEventDescriptions>
  <Service id="2100">
    <Event code="1">Ismeretlen</Event> <!-- Unknown -->
    <Event code="2">Funkciókészlet indítása sikertelen</Event> <!-- UnknownStartFeatureSetFailure -->
    <Event code="3">A megadott felhasználónév vagy jelszó helytelen. Válassza ki az Opciók ablakban a Telefonos Szolgáltatásokat és adja meg a helyes  felhasználónevet valamint a jelszót. Ha nem ismeri a bejelentkezési informácókat lépjen kapcsolatba a rendszergazdával.</Event> <!-- InvalidCredential -->
    <Event code="4">A beállított CCMCIP-kiszolgáló hibás.</Event> <!-- InvalidCCMCIPServer -->
    <Event code="5">A beállított TFTP-kiszolgáló hibás.</Event> <!-- InvalidTFTPServer -->
    <Event code="6">A beállított CTI-kiszolgáló hibás.</Event> <!-- InvalidCTIServer -->
    <Event code="7">StartConversationFailure</Event> <!-- StartConversationFailure -->
    <Event code="8">ServerConnectionFailure</Event> <!-- ServerConnectionFailure -->
    <Event code="9">A bejelentkezés sikertelen.</Event> <!-- ServerAuthenticationFailure -->
    <Event code="10">InvalidTelephonyDevice</Event> <!-- InvalidTelephonyDevice -->
    <Event code="11">InvalidTelephonyNumber</Event> <!-- InvalidTelephonyNumber -->
    <Event code="12">EndConversationFailure</Event> <!-- EndConversationFailure -->
    <Event code="13">HoldConversationFailure</Event> <!-- HoldConversationFailure -->
    <Event code="14">ResumeConversationFailure</Event> <!-- ResumeConversationFailure -->
    <Event code="15">AcceptConversationFailure</Event> <!-- AcceptConversationFailure -->
    <Event code="16">MuteConversationAudioFailure</Event> <!-- MuteConversationAudioFailure -->
    <Event code="17">UnmuteConversationAudioFailure</Event> <!-- UnmuteConversationAudioFailure -->
    <Event code="18">IdivertConversationFailure</Event> <!-- IdivertConversationFailure -->
    <Event code="19">TransferConversationFailure</Event> <!-- TransferConversationFailure -->
    <Event code="20">MuteConversationVideoFailure</Event> <!-- MuteConversationVideoFailure -->
    <Event code="21">UnmuteConversationVideoFailure</Event> <!-- UnmuteConversationVideoFailure -->
    <Event code="22">SetConversationRemoteWindowFailure</Event> <!-- SetConversationRemoteWindowFailure -->
    <Event code="23">RemoveConversationRemoteWindowFailure</Event> <!-- RemoveConversationRemoteWindowFailure -->
    <Event code="24">SetConversationPreviewWindowFailure</Event> <!-- SetConversationPreviewWindowFailure -->
    <Event code="25">RemoveConversationPreviewWindowFailure</Event> <!-- RemoveConversationPreviewWindowFailure -->
    <Event code="26">StopConversationFeatureFailure</Event> <!-- StopConversationFeatureFailure -->
    <Event code="27">StartDeviceFeatureFailure</Event> <!-- StartDeviceFeatureFailure -->
    <Event code="28">StopDeviceFeatureFailure</Event> <!-- StopDeviceFeatureFailure -->
    <Event code="29">SetAudioRecordDeviceFailure</Event> <!-- SetAudioRecordDeviceFailure -->
    <Event code="30">SetAudioPlayoutDeviceFailure</Event> <!-- SetAudioPlayoutDeviceFailure -->
    <Event code="31">SetAudioRingerDeviceFailure</Event> <!-- SetAudioRingerDeviceFailure -->
    <Event code="32">SetAudioPlayoutAndRingerDeviceFailure</Event> <!-- SetAudioPlayoutAndRingerDeviceFailure -->
    <Event code="33">SetVideoCaptureDeviceFailure</Event> <!-- SetVideoCaptureDeviceFailure -->
    <Event code="34">CompleteTransferFailure</Event> <!-- CompleteTransferFailure -->
    <Event code="35">SelectDeviceFailure</Event> <!-- SelectDeviceFailure -->
    <Event code="36">SetCallForwardToNumberFailure</Event> <!-- SetCallForwardToNumberFailure -->
    <Event code="37">SetCallForwardToVoiceMailFailure</Event> <!-- SetCallForwardToVoiceMailFailure -->
    <Event code="38">Nem adott meg felhasználónevet vagy jelszót.Válassza ki az Opciók ablakban a Telefonos Szolgáltatásokat és adja meg a helyes  felhasználónevet valamint a jelszót. Ha nem ismeri a bejelentkezési informácókat lépjen kapcsolatba a rendszergazdával.</Event> <!-- NoCredentialsConfigured -->
    <Event code="39">Győződjön meg arról, hogy számítógépe csatlakoztatva van a hálózatra.Ha bármilyen problémája van a hálózatra csatlakozással, lépjen kapcsolatba a rendszergazdával.</Event> <!-- NoNetwork -->
    <Event code="40">Csatlakozási hiba. Ellenőrizze, hogy helyesek-e a kiszolgáló adatai a Telefonszolgáltatás lapon a Lehetőségek ablakban. Segítségért lépjen kapcsolatba a rendszergazdával.</Event> <!-- UnknownConnectionError -->
    <Event code="41">Medianet nincs telepitve.</Event> <!-- MedianetNotInstalled -->
    <Event code="42">A videotelefon nem elérhető.</Event> <!-- DeskphoneVideoUnavailableInSoftphoneMode -->
	<Event code="43">MedianetNotRunning</Event><!-- MedianetNotRunning -->
	<Event code="44">A biztonságos számítógépes híváshoz szükséges tanúsítványigénylés nem lett aktiválva. Forduljon rendszergazdájához.</Event><!-- CapfAdminActionRequired -->
	<Event code="45">InProgress</Event><!-- InProgress -->
    <Event code="46">A telefon konfigurációs beállításai érvénytelenek.</Event> <!-- InValidConfig -->
	<Event code="47">Hibás</Event> <!-- Failed -->
    <Event code="48">Hitelesített</Event> <!-- Authenticated -->	
	<Event code="49">StartConversationFailure</Event> <!-- ParkConversationFailure -->
    <Event code="50">Nem megfelelő felhasználónév vagy jelszó.</Event> <!-- InvalidCredential -->
	<Event code="51">Nem adott meg felhasználónevet vagy jelszót.</Event> <!-- NoCredentialsConfigured -->
	<Event code="52">Nem adta meg a biztonsági hitelesítési kódot. Váltson az elosztó alján telefon üzemmódra, majd válassza a „A számítógép használata hívásokhoz” lehetőséget.</Event> <!-- CapfAuthenticationStringRequired -->
	<Event code="53">A biztonsági kód hibás lehet. Adja meg újra, majd lépjen kapcsolatba a rendszergazdával, ha a kísérlet sikertelennek bizonyul.</Event> <!-- CapfEnrollmentFailure -->
    <Event code="54">A kiszolgáló tanúsítványa elutasításra került.</Event> <!-- ServerCertificateRejected -->
	<Event code="55">Az asztali videotelefon nem érhető el mellék és csatlakozási módban.</Event> <!--DeskPhoneVideoUnavailableInExtendConnectMode-->
    <Event code="58">Hiba a biztonságos kapcsolatnál (TLS)</Event> <!--TLSFailure-->
    <Event code="59">SSL-kapcsolati hiba.</Event> <!--SSLConnectError-->
    <Event code="63">A Jabber – Jabber hívások engedélyezéséhez frissítés szükséges</Event> <!--SparkAPIBreakingChangeError-->
    <!-- Server Health Strings -->
    <Event code="1000">Készülék:</Event> <!-- DeviceLabelString -->
    <Event code="1001">Vonal:</Event> <!-- LineLabelString -->
  </Service>
</ServiceEventDescriptions>