﻿<?xml version="1.0" encoding="utf-8"?>
<ServiceEventDescriptions>
  <Service id="2100">
    <Event code="1">Nepoznato</Event> <!-- Unknown -->
    <Event code="2">Pokretanje niza značajki neuspješno</Event> <!-- UnknownStartFeatureSetFailure -->
    <Event code="3">Uneseni su neispravno korisničko ime ili lozinka. Idite na Telefonske usluge u prozoru Mogućnosti i unesite ispravno korisničko ime i lozinku. Ako ne znate podatke za prijavu, kontaktirajte administratora sustava.</Event> <!-- InvalidCredential -->
    <Event code="4">NeispravanCCMCIPposlužitelj</Event> <!-- InvalidCCMCIPServer -->
    <Event code="5">NeispravanTFTPposlužitelj</Event> <!-- InvalidTFTPServer -->
    <Event code="6">NeispravanCTIposlužitelj</Event> <!-- InvalidCTIServer -->
    <Event code="7">StartConversationFailure</Event> <!-- StartConversationFailure -->
    <Event code="8">ServerConnectionFailure</Event> <!-- ServerConnectionFailure -->
    <Event code="9">Nije moguća prijava.</Event> <!-- ServerAuthenticationFailure -->
    <Event code="10">InvalidTelephonyDevice</Event> <!-- InvalidTelephonyDevice -->
    <Event code="11">InvalidTelephonyNumber</Event> <!-- InvalidTelephonyNumber -->
    <Event code="12">EndConversationFailure</Event> <!-- EndConversationFailure -->
    <Event code="13">HoldConversationFailure</Event> <!-- HoldConversationFailure -->
    <Event code="14">ResumeConversationFailure</Event> <!-- ResumeConversationFailure -->
    <Event code="15">AcceptConversationFailure</Event> <!-- AcceptConversationFailure -->
    <Event code="16">MuteConversationAudioFailure</Event> <!-- MuteConversationAudioFailure -->
    <Event code="17">UnmuteConversationAudioFailure</Event> <!-- UnmuteConversationAudioFailure -->
    <Event code="18">IdivertConversationFailure</Event> <!-- IdivertConversationFailure -->
    <Event code="19">TransferConversationFailure</Event> <!-- TransferConversationFailure -->
    <Event code="20">MuteConversationVideoFailure</Event> <!-- MuteConversationVideoFailure -->
    <Event code="21">UnmuteConversationVideoFailure</Event> <!-- UnmuteConversationVideoFailure -->
    <Event code="22">SetConversationRemoteWindowFailure</Event> <!-- SetConversationRemoteWindowFailure -->
    <Event code="23">RemoveConversationRemoteWindowFailure</Event> <!-- RemoveConversationRemoteWindowFailure -->
    <Event code="24">SetConversationPreviewWindowFailure</Event> <!-- SetConversationPreviewWindowFailure -->
    <Event code="25">RemoveConversationPreviewWindowFailure</Event> <!-- RemoveConversationPreviewWindowFailure -->
    <Event code="26">StopConversationFeatureFailure</Event> <!-- StopConversationFeatureFailure -->
    <Event code="27">StartDeviceFeatureFailure</Event> <!-- StartDeviceFeatureFailure -->
    <Event code="28">StopDeviceFeatureFailure</Event> <!-- StopDeviceFeatureFailure -->
    <Event code="29">SetAudioRecordDeviceFailure</Event> <!-- SetAudioRecordDeviceFailure -->
    <Event code="30">SetAudioPlayoutDeviceFailure</Event> <!-- SetAudioPlayoutDeviceFailure -->
    <Event code="31">SetAudioRingerDeviceFailure</Event> <!-- SetAudioRingerDeviceFailure -->
    <Event code="32">SetAudioPlayoutAndRingerDeviceFailure</Event> <!-- SetAudioPlayoutAndRingerDeviceFailure -->
    <Event code="33">SetVideoCaptureDeviceFailure</Event> <!-- SetVideoCaptureDeviceFailure -->
    <Event code="34">CompleteTransferFailure</Event> <!-- CompleteTransferFailure -->
    <Event code="35">SelectDeviceFailure</Event> <!-- SelectDeviceFailure -->
    <Event code="36">SetCallForwardToNumberFailure</Event> <!-- SetCallForwardToNumberFailure -->
    <Event code="37">SetCallForwardToVoiceMailFailure</Event> <!-- SetCallForwardToVoiceMailFailure -->
    <Event code="38">Nisu uneseni korisničko ime ili lozinka. Idite na Telefonske usluge u prozoru Mogućnosti i unesite ispravno korisničko ime i lozinku. Ako ne znate podatke za prijavu, kontaktirajte administratora sustava.</Event> <!-- NoCredentialsConfigured -->
    <Event code="39">Provjerite je li računalo spojeno na mrežu. Ako imate problema sa spajanjem na mrežu, kontaktirajte administratora sustava.</Event> <!-- NoNetwork -->
    <Event code="40">Pogreška veze. Na kartici Telefonske usluge u prozoru Mogućnosti provjerite jesu li podaci o poslužitelju točni. Kontaktirajte administratora sustava.</Event> <!-- UnknownConnectionError -->
    <Event code="41">Medianet nije instaliran.</Event> <!-- MedianetNotInstalled -->
    <Event code="42">Stolni telefon videozapis nije dostupan u načinu softphone.</Event> <!-- DeskphoneVideoUnavailableInSoftphoneMode -->
	<Event code="43">Medianetnijepokrenut</Event><!-- MedianetNotRunning -->
	<Event code="44">Upis certifikata nije aktiviran. Kontaktirajte administratora sustava.</Event><!-- CapfAdminActionRequired -->
	<Event code="45">Utijeku</Event><!-- InProgress -->
    <Event code="46">Postavke konfiguracije telefonije nisu valjane.</Event> <!-- InValidConfig -->
	<Event code="47">Neuspješno</Event> <!-- Failed -->
    <Event code="48">Provjereno</Event> <!-- Authenticated -->	
	<Event code="49">StartConversationFailure</Event> <!-- ParkConversationFailure -->
    <Event code="50">Korisničko ime ili zaporka nisu ispravni.</Event> <!-- InvalidCredential -->
	<Event code="51">Nisu uneseni korisničko ime ili lozinka</Event> <!-- NoCredentialsConfigured -->
	<Event code="52">Nije se moguće spojiti. Niste poslali sigurnosni autentikacijski kod. Idite na način telefona na dnu središta i odaberite 'Upotrijebi moje računalo za pozive'.</Event> <!-- CapfAuthenticationStringRequired -->
	<Event code="53">Vjerojatno postoji problem sa sigurnosnom šifrom. Unesite je ponovo, a zatim kontaktirajte administratora sustava ako taj pokušaj ne uspije.</Event> <!-- CapfEnrollmentFailure -->
    <Event code="54">Certifikat poslužitelja odbijen je.</Event> <!-- ServerCertificateRejected -->
	<Event code="55">Stolni telefon videozapis nije dostupan u načinu produži i spoji.</Event> <!--DeskPhoneVideoUnavailableInExtendConnectMode-->
    <Event code="58">Neuspjelo sigurno povezivanje (TLS)</Event> <!--TLSFailure-->
    <Event code="59">Greška SSL veze.</Event> <!--SSLConnectError-->
    <Event code="63">Potrebno je ažuriranje da bi se omogućili pozivi Jabber na Jabber</Event> <!--SparkAPIBreakingChangeError-->
    <!-- Server Health Strings -->
    <Event code="1000">Uređaj</Event> <!-- DeviceLabelString -->
    <Event code="1001">Linija:</Event> <!-- LineLabelString -->
  </Service>
</ServiceEventDescriptions>