﻿<?xml version="1.0" encoding="utf-8"?> 
<ServiceStrings> 
	<Service id="2100">
		<String code="CucmProductName">Cisco Communications Manager 8.x</String>
		<String code="TftpServerKeyName">TFTP-szerver:</String>
		<String code="CtiServerKeyName">CTI-szerver:</String>
		<String code="CcmcipServerKeyName">CCMCIP-szerver:</String>
		<String code="CallsAvailableForPickup">Felvehető hívás(ok)</String>
		<String code="NoCallAvailableForPickup">Nincs felvehető hívás</String>
		<String code="NoBandwidthAvailableForPickup">Nincs sávszélesség a felvételhez</String>
		<String code="NoLineAvailableForPickup">Nincs vonal a felvételhez</String>
		<String code="InvalidPickupGroup">Érvénytelen felvételi csoport</String>
		<String code="PickupFailed">Sikertelen felvétel</String>
		<String code="PickupGroupDeleted">Felvételi csoport törölve</String>	
		<String code="UnknownContact">(Névtelen)</String>
	</Service>
	<Service id="2102">
		<String code="Conference">Konferencia</String>
	</Service> 
</ServiceStrings>