﻿<?xml version="1.0" encoding="utf-8"?>
<ServiceEventDescriptions>
  <Service id="2100">
    <Event code="1">不明</Event> <!-- Unknown -->
    <Event code="2">啟動功能集失敗</Event> <!-- UnknownStartFeatureSetFailure -->
    <Event code="3">無效的使用者名稱或密碼。請移至 [選項] 視窗的 [電話服務] 並輸入正確的使用者名稱和密碼。如果您不知道您的登入資訊，請聯絡系統管理員。</Event> <!-- InvalidCredential -->
    <Event code="4">設定的 CCMCIP 伺服器不正確</Event> <!-- InvalidCCMCIPServer -->
    <Event code="5">設定的 TFTP 伺服器不正確</Event> <!-- InvalidTFTPServer -->
    <Event code="6">設定的 CTI 伺服器不正確</Event> <!-- InvalidCTIServer -->
    <Event code="7">StartConversationFailure</Event> <!-- StartConversationFailure -->
    <Event code="8">ServerConnectionFailure</Event> <!-- ServerConnectionFailure -->
    <Event code="9">無法登入。</Event> <!-- ServerAuthenticationFailure -->
    <Event code="10">InvalidTelephonyDevice</Event> <!-- InvalidTelephonyDevice -->
    <Event code="11">InvalidTelephonyNumber</Event> <!-- InvalidTelephonyNumber -->
    <Event code="12">EndConversationFailure</Event> <!-- EndConversationFailure -->
    <Event code="13">HoldConversationFailure</Event> <!-- HoldConversationFailure -->
    <Event code="14">ResumeConversationFailure</Event> <!-- ResumeConversationFailure -->
    <Event code="15">AcceptConversationFailure</Event> <!-- AcceptConversationFailure -->
    <Event code="16">MuteConversationAudioFailure</Event> <!-- MuteConversationAudioFailure -->
    <Event code="17">UnmuteConversationAudioFailure</Event> <!-- UnmuteConversationAudioFailure -->
    <Event code="18">IdivertConversationFailure</Event> <!-- IdivertConversationFailure -->
    <Event code="19">TransferConversationFailure</Event> <!-- TransferConversationFailure -->
    <Event code="20">MuteConversationVideoFailure</Event> <!-- MuteConversationVideoFailure -->
    <Event code="21">UnmuteConversationVideoFailure</Event> <!-- UnmuteConversationVideoFailure -->
    <Event code="22">SetConversationRemoteWindowFailure</Event> <!-- SetConversationRemoteWindowFailure -->
    <Event code="23">RemoveConversationRemoteWindowFailure</Event> <!-- RemoveConversationRemoteWindowFailure -->
    <Event code="24">SetConversationPreviewWindowFailure</Event> <!-- SetConversationPreviewWindowFailure -->
    <Event code="25">RemoveConversationPreviewWindowFailure</Event> <!-- RemoveConversationPreviewWindowFailure -->
    <Event code="26">StopConversationFeatureFailure</Event> <!-- StopConversationFeatureFailure -->
    <Event code="27">StartDeviceFeatureFailure</Event> <!-- StartDeviceFeatureFailure -->
    <Event code="28">StopDeviceFeatureFailure</Event> <!-- StopDeviceFeatureFailure -->
    <Event code="29">SetAudioRecordDeviceFailure</Event> <!-- SetAudioRecordDeviceFailure -->
    <Event code="30">SetAudioPlayoutDeviceFailure</Event> <!-- SetAudioPlayoutDeviceFailure -->
    <Event code="31">SetAudioRingerDeviceFailure</Event> <!-- SetAudioRingerDeviceFailure -->
    <Event code="32">SetAudioPlayoutAndRingerDeviceFailure</Event> <!-- SetAudioPlayoutAndRingerDeviceFailure -->
    <Event code="33">SetVideoCaptureDeviceFailure</Event> <!-- SetVideoCaptureDeviceFailure -->
    <Event code="34">CompleteTransferFailure</Event> <!-- CompleteTransferFailure -->
    <Event code="35">SelectDeviceFailure</Event> <!-- SelectDeviceFailure -->
    <Event code="36">SetCallForwardToNumberFailure</Event> <!-- SetCallForwardToNumberFailure -->
    <Event code="37">SetCallForwardToVoiceMailFailure</Event> <!-- SetCallForwardToVoiceMailFailure -->
    <Event code="38">未輸入使用者名稱或密碼。請移至 [選項] 視窗的 [電話服務] 並輸入正確的使用者名稱和密碼。如果您不知道您的登入資訊，請聯絡系統管理員。</Event> <!-- NoCredentialsConfigured -->
    <Event code="39">請確認您的電腦有連線到網路。如果您在連線到網路方面碰到問題，請聯絡系統管理員。</Event> <!-- NoNetwork -->
    <Event code="40">連線錯誤。請確保 [選項] 視窗中 [電話服務] 標籤下的伺服器資訊正確。請聯絡系統管理員以尋求援助。</Event> <!-- UnknownConnectionError -->
    <Event code="41">尚未安裝 Medianet。</Event> <!-- MedianetNotInstalled -->
    <Event code="42">在軟體電話模式中無法使用桌面電話視訊。</Event> <!-- DeskphoneVideoUnavailableInSoftphoneMode -->
	<Event code="43">媒體網路未執行</Event><!-- MedianetNotRunning -->
	<Event code="44">用於安全電腦通話的證書註冊尚未啟動。請聯絡系統管理員。</Event><!-- CapfAdminActionRequired -->
	<Event code="45">進行中</Event><!-- InProgress -->
    <Event code="46">電話組態設定無效。</Event> <!-- InValidConfig -->
	<Event code="47">已失敗</Event> <!-- Failed -->
    <Event code="48">已驗證</Event> <!-- Authenticated -->	
	<Event code="49">駐留對話失敗</Event> <!-- ParkConversationFailure -->
    <Event code="50">使用者名稱或密碼不正確。</Event> <!-- InvalidCredential -->
	<Event code="51">未指定使用者名稱或密碼。</Event> <!-- NoCredentialsConfigured -->
	<Event code="52">您尚未提交安全驗證代碼。請在集中器底部進入電話模式並選取 [使用電腦通話]。</Event> <!-- CapfAuthenticationStringRequired -->
	<Event code="53">您的安全代碼可能有問題。請重新輸入，如果仍然不成功，則聯絡您的系統管理員。</Event> <!-- CapfEnrollmentFailure -->
    <Event code="54">伺服器證書被拒絕了。</Event> <!-- ServerCertificateRejected -->
	<Event code="55">在延伸或連線模式中無法使用桌面電話視訊。</Event> <!--DeskPhoneVideoUnavailableInExtendConnectMode-->
    <Event code="58">安全連線失敗 (TLS)</Event> <!--TLSFailure-->
    <Event code="59">SSL 連線錯誤。</Event> <!--SSLConnectError-->
    <Event code="63">必須進行更新才能啟用 Jabber 進行 Jabber 通話</Event> <!--SparkAPIBreakingChangeError-->
    <!-- Server Health Strings -->
    <Event code="1000">裝置:</Event> <!-- DeviceLabelString -->
    <Event code="1001">線路:</Event> <!-- LineLabelString -->
  </Service>
</ServiceEventDescriptions>