﻿<?xml version="1.0" encoding="utf-8"?>
<ServiceEventDescriptions>
  <Service id="2100">
    <Event code="1">Necunoscut</Event> <!-- Unknown -->
    <Event code="2">Pornirea unui set de opţiuni a eşuat</Event> <!-- UnknownStartFeatureSetFailure -->
    <Event code="3">A fost introdus numele de utilizator sau parola nevalid. Accesaţi Servicii telefon din fereastra Opţiuni şi introduceţi numele de utilizator şi parola corecte. Dacă nu cunoaşteţi informaţiile de conectare, contactaţi administratorul de sistem.</Event> <!-- InvalidCredential -->
    <Event code="4">Serverul CCMCIP configurat este incorect</Event> <!-- InvalidCCMCIPServer -->
    <Event code="5">Serverul TFTP configurat este incorect</Event> <!-- InvalidTFTPServer -->
    <Event code="6">Serverul CTI configurat este incorect</Event> <!-- InvalidCTIServer -->
    <Event code="7">EşecPornireConversaţie</Event> <!-- StartConversationFailure -->
    <Event code="8">EşecConectareServer</Event> <!-- ServerConnectionFailure -->
    <Event code="9">Imposibil de conectat.</Event> <!-- ServerAuthenticationFailure -->
    <Event code="10">DispozitivTelefonicNevalid</Event> <!-- InvalidTelephonyDevice -->
    <Event code="11">NumărTelefonNevalid</Event> <!-- InvalidTelephonyNumber -->
    <Event code="12">EşecFinalizareConversaţie</Event> <!-- EndConversationFailure -->
    <Event code="13">EşecConversaţieÎnAşteptare</Event> <!-- HoldConversationFailure -->
    <Event code="14">EşecReluareConversaţie</Event> <!-- ResumeConversationFailure -->
    <Event code="15">EşecAcceptareConversaţie</Event> <!-- AcceptConversationFailure -->
    <Event code="16">EşecScoatereSunetConversaţie</Event> <!-- MuteConversationAudioFailure -->
    <Event code="17">EşecReluareSunetConversaţie</Event> <!-- UnmuteConversationAudioFailure -->
    <Event code="18">EşecRedirecţionareConversaţie</Event> <!-- IdivertConversationFailure -->
    <Event code="19">EşecTransferConversaţie</Event> <!-- TransferConversationFailure -->
    <Event code="20">EşecScoatereSunetConversaţieVideo</Event> <!-- MuteConversationVideoFailure -->
    <Event code="21">EşecReluareSunetConversaţieVideo</Event> <!-- UnmuteConversationVideoFailure -->
    <Event code="22">EşecSetareFereastrăLaDistanţăPentruConversaţie</Event> <!-- SetConversationRemoteWindowFailure -->
    <Event code="23">EşecEliminareFereastrăLaDistanţăPentruConversaţie</Event> <!-- RemoveConversationRemoteWindowFailure -->
    <Event code="24">EşecSetarePrevizualizareFereastrăConversaţie</Event> <!-- SetConversationPreviewWindowFailure -->
    <Event code="25">EşecEliminarePrevizualizareFereastrăConversaţie</Event> <!-- RemoveConversationPreviewWindowFailure -->
    <Event code="26">EşecOpţiuneOprireConversaţie</Event> <!-- StopConversationFeatureFailure -->
    <Event code="27">EşecOpţiunePornireDispozitiv</Event> <!-- StartDeviceFeatureFailure -->
    <Event code="28">EşecOpţiuneOprireDispozitiv</Event> <!-- StopDeviceFeatureFailure -->
    <Event code="29">EşecSetareÎnregistrareAudioDispozitiv</Event> <!-- SetAudioRecordDeviceFailure -->
    <Event code="30">EşecSetareRedareAudioDispozitiv</Event> <!-- SetAudioPlayoutDeviceFailure -->
    <Event code="31">EşecSetareSonerieDispozitiv</Event> <!-- SetAudioRingerDeviceFailure -->
    <Event code="32">EşecSetareSonerieŞiRedareAudioDispozitiv</Event> <!-- SetAudioPlayoutAndRingerDeviceFailure -->
    <Event code="33">EşecSetareCapturăVideoDispozitiv</Event> <!-- SetVideoCaptureDeviceFailure -->
    <Event code="34">EşecFinalizareTransfer</Event> <!-- CompleteTransferFailure -->
    <Event code="35">EşecSelectareDispozitiv</Event> <!-- SelectDeviceFailure -->
    <Event code="36">EşecSetareRedirecţionareApelCătreNumăr</Event> <!-- SetCallForwardToNumberFailure -->
    <Event code="37">EşecSetareRedirecţionareApelCătreCăsuţăVocală</Event> <!-- SetCallForwardToVoiceMailFailure -->
    <Event code="38">Nu a fost introdus niciun nume de utilizator sau parolă. Accesaţi Servicii telefon din ferestrele Opţiuni şi introduceţi numele de utilizator şi parola corecte. Dacă nu cunoaşteţi informaţiile de conectare, contactaţi administratorul de sistem.</Event> <!-- NoCredentialsConfigured -->
    <Event code="39">Asiguraţi-vă că aveţi computerul conectat la reţea. Dacă întâmpinaţi probleme de conectare la reţea, contactaţi administratorul de sistem.</Event> <!-- NoNetwork -->
    <Event code="40">Eroare de conexiune. Asiguraţi-vă că informaţiile despre server din fila Servicii telefon din fereastra Opţiuni sunt corecte. Contactaţi administratorul de sistem pentru asistenţă.</Event> <!-- UnknownConnectionError -->
    <Event code="41">Medianet nu este instalat.</Event> <!-- MedianetNotInstalled -->
    <Event code="42">Telefonul de birou nu este disponibil în modul de apelare prin Internet.</Event> <!-- DeskphoneVideoUnavailableInSoftphoneMode -->
	<Event code="43">MedianetNuRulează</Event><!-- MedianetNotRunning -->
	<Event code="44">Înregistrarea certificatului pentru apelarea securizată de pe computer nu a fost activată. Contactaţi administratorul de sistem.</Event><!-- CapfAdminActionRequired -->
	<Event code="45">ÎnCurs</Event><!-- InProgress -->
    <Event code="46">Setările din configuraţia telefonului sunt nevalide.</Event> <!-- InValidConfig -->
	<Event code="47">Eşuat</Event> <!-- Failed -->
    <Event code="48">Autentificat</Event> <!-- Authenticated -->	
	<Event code="49">EşecParcareConversaţie</Event> <!-- ParkConversationFailure -->
    <Event code="50">Numele de utilizator sau parola nu sunt corecte.</Event> <!-- InvalidCredential -->
	<Event code="51">Nu a fost specificat niciun nume de utilizator sau parolă.</Event> <!-- NoCredentialsConfigured -->
	<Event code="52">Nu aţi trimis codul de autentificare securizată. Accesaţi modul telefon din partea de jos a hubului şi selectaţi „Utilizare computer pentru apeluri”.</Event> <!-- CapfAuthenticationStringRequired -->
	<Event code="53">Ar putea exista o problemă cu codul de securitate. Introduceţi-l din nou şi contactaţi administratorul de sistem dacă nu aţi reuşit nici la această încercare.</Event> <!-- CapfEnrollmentFailure -->
    <Event code="54">Certificatul serverului a fost refuzat.</Event> <!-- ServerCertificateRejected -->
	<Event code="55">Videotelefonul de birou nu este disponibil în modurile extins şi de conectare.</Event> <!--DeskPhoneVideoUnavailableInExtendConnectMode-->
    <Event code="58">Eşec conectare securizată (TLS)</Event> <!--TLSFailure-->
    <Event code="59">Eroare conexiune SSL.</Event> <!--SSLConnectError-->
    <Event code="63">Este necesară o actualizare pentru a activa apelurile de la Jabber la Jabber</Event> <!--SparkAPIBreakingChangeError-->
    <!-- Server Health Strings -->
    <Event code="1000">Dispozitiv:</Event> <!-- DeviceLabelString -->
    <Event code="1001">Linie:</Event> <!-- LineLabelString -->
  </Service>
</ServiceEventDescriptions>