﻿<?xml version="1.0" encoding="utf-8"?>
<ServiceEventDescriptions>
  <Service id="2100">
    <Event code="1">Desconhecido</Event> <!-- Unknown -->
    <Event code="2">Falha ao iniciar um conjunto de recursos</Event> <!-- UnknownStartFeatureSetFailure -->
    <Event code="3">Inválido usuário ou palavra chaves inseridos. Vá a Serviços de Telefone na janela de Opções e introduza o usuário e palavra chave correctos. Se não souber a sua informação de login  contate o administrador do seu sistema.</Event> <!-- InvalidCredential -->
    <Event code="4">O servidor CCMCIP configurado está incorreto</Event> <!-- InvalidCCMCIPServer -->
    <Event code="5">O servidor TFTP configurado está incorreto</Event> <!-- InvalidTFTPServer -->
    <Event code="6">O servidor CTI configurado está incorreto</Event> <!-- InvalidCTIServer -->
    <Event code="7">StartConversationFailure</Event> <!-- StartConversationFailure -->
    <Event code="8">ServerConnectionFailure</Event> <!-- ServerConnectionFailure -->
    <Event code="9">Não é possível conectar-se.</Event> <!-- ServerAuthenticationFailure -->
    <Event code="10">InvalidTelephonyDevice</Event> <!-- InvalidTelephonyDevice -->
    <Event code="11">InvalidTelephonyNumber</Event> <!-- InvalidTelephonyNumber -->
    <Event code="12">EndConversationFailure</Event> <!-- EndConversationFailure -->
    <Event code="13">HoldConversationFailure</Event> <!-- HoldConversationFailure -->
    <Event code="14">ResumeConversationFailure</Event> <!-- ResumeConversationFailure -->
    <Event code="15">AcceptConversationFailure</Event> <!-- AcceptConversationFailure -->
    <Event code="16">MuteConversationAudioFailure</Event> <!-- MuteConversationAudioFailure -->
    <Event code="17">UnmuteConversationAudioFailure</Event> <!-- UnmuteConversationAudioFailure -->
    <Event code="18">IdivertConversationFailure</Event> <!-- IdivertConversationFailure -->
    <Event code="19">TransferConversationFailure</Event> <!-- TransferConversationFailure -->
    <Event code="20">MuteConversationVideoFailure</Event> <!-- MuteConversationVideoFailure -->
    <Event code="21">UnmuteConversationVideoFailure</Event> <!-- UnmuteConversationVideoFailure -->
    <Event code="22">SetConversationRemoteWindowFailure</Event> <!-- SetConversationRemoteWindowFailure -->
    <Event code="23">RemoveConversationRemoteWindowFailure</Event> <!-- RemoveConversationRemoteWindowFailure -->
    <Event code="24">SetConversationPreviewWindowFailure</Event> <!-- SetConversationPreviewWindowFailure -->
    <Event code="25">RemoveConversationPreviewWindowFailure</Event> <!-- RemoveConversationPreviewWindowFailure -->
    <Event code="26">StopConversationFeatureFailure</Event> <!-- StopConversationFeatureFailure -->
    <Event code="27">StartDeviceFeatureFailure</Event> <!-- StartDeviceFeatureFailure -->
    <Event code="28">StopDeviceFeatureFailure</Event> <!-- StopDeviceFeatureFailure -->
    <Event code="29">SetAudioRecordDeviceFailure</Event> <!-- SetAudioRecordDeviceFailure -->
    <Event code="30">SetAudioPlayoutDeviceFailure</Event> <!-- SetAudioPlayoutDeviceFailure -->
    <Event code="31">SetAudioRingerDeviceFailure</Event> <!-- SetAudioRingerDeviceFailure -->
    <Event code="32">SetAudioPlayoutAndRingerDeviceFailure</Event> <!-- SetAudioPlayoutAndRingerDeviceFailure -->
    <Event code="33">SetVideoCaptureDeviceFailure</Event> <!-- SetVideoCaptureDeviceFailure -->
    <Event code="34">CompleteTransferFailure</Event> <!-- CompleteTransferFailure -->
    <Event code="35">SelectDeviceFailure</Event> <!-- SelectDeviceFailure -->
    <Event code="36">SetCallForwardToNumberFailure</Event> <!-- SetCallForwardToNumberFailure -->
    <Event code="37">SetCallForwardToVoiceMailFailure</Event> <!-- SetCallForwardToVoiceMailFailure -->
    <Event code="38">Nenhum usuário  ou palavra chave inserido. Vá a Serviços de Telefone na janela de Opções e introduza o usuário e palavra chave correctos. Se não souber a sua informação de login  contate o administrador do seu sistema.</Event> <!-- NoCredentialsConfigured -->
    <Event code="39">Certifique-se que o seu computador está conetado à rede. Se você tiver problemas de conexão à rede contate o administrador do seu sistema.</Event> <!-- NoNetwork -->
    <Event code="40">Erro de conexão. Verifique se a informação do servidor na guia de Serviços do Telefone na janela Opções está correta. Entre em contato com seu administrador de serviço para obter assistência.</Event> <!-- UnknownConnectionError -->
    <Event code="41">Medianet não está instalado.</Event> <!-- MedianetNotInstalled -->
    <Event code="42">Telefone com vídeo não está disponível em modo softphone.</Event> <!-- DeskphoneVideoUnavailableInSoftphoneMode -->
	<Event code="43">MedianetNotRunning</Event><!-- MedianetNotRunning -->
	<Event code="44">O registro do  certificado para chamadas seguras por computador não foi ativada. Entre em contato com o seu administrador de sistema.</Event><!-- CapfAdminActionRequired -->
	<Event code="45">InProgress</Event><!-- InProgress -->
    <Event code="46">A configuração telefônica é inválida.</Event> <!-- InValidConfig -->
	<Event code="47">Falha</Event> <!-- Failed -->
    <Event code="48">Autenticado</Event> <!-- Authenticated -->	
	<Event code="49">StartConversationFailure</Event> <!-- ParkConversationFailure -->
    <Event code="50">O seu nome de usuário ou senha não está correto(a).</Event> <!-- InvalidCredential -->
	<Event code="51">Nenhum nome de usuário ou senha especificado.</Event> <!-- NoCredentialsConfigured -->
	<Event code="52">Você não apresentou o seu código de autenticação segura. Vá para o modo de telefone na parte inferior do cabo e selecione 'Usar meu computador para fazer chamadas'.</Event> <!-- CapfAuthenticationStringRequired -->
	<Event code="53">Deve haver um problema com seu código de segurança. Insira-o novamente e então entre em contato com o seu administrador de sistema se a tentativa não for bem sucedida.</Event> <!-- CapfEnrollmentFailure -->
    <Event code="54">O certificado do servidor foi rejeitado.</Event> <!-- ServerCertificateRejected -->
	<Event code="55">O vídeo do telefone não está disponível no modo estender e conectar.</Event> <!--DeskPhoneVideoUnavailableInExtendConnectMode-->
    <Event code="58">Falha de conexão segura (TLS)</Event> <!--TLSFailure-->
    <Event code="59">Erro de conexão SSL.</Event> <!--SSLConnectError-->
    <Event code="63">Atualização necessária para ativar chamadas Jabber a Jabber</Event> <!--SparkAPIBreakingChangeError-->
    <!-- Server Health Strings -->
    <Event code="1000">Dispositivo:</Event> <!-- DeviceLabelString -->
    <Event code="1001">Linha:</Event> <!-- LineLabelString -->
  </Service>
</ServiceEventDescriptions>