﻿<?xml version="1.0" encoding="utf-8"?> 
<ServiceStrings> 
	<Service id="2100">
		<String code="CucmProductName">Cisco Communications Manager 8.x</String>
		<String code="TftpServerKeyName">Server TFTP:</String>
		<String code="CtiServerKeyName">Server CTI:</String>
		<String code="CcmcipServerKeyName">Server CCMCIP:</String>
		<String code="CallsAvailableForPickup">Hovor(y) dostupné na zdvihnutie</String>
		<String code="NoCallAvailableForPickup">Žiadny hovor nie je k dispozícii na zdvihnutie</String>
		<String code="NoBandwidthAvailableForPickup">Žiadna šírka pásma nie je k dispozícii na zdvihnutie</String>
		<String code="NoLineAvailableForPickup">Žiadna linka nie je k dispozícii na zdvihnutie</String>
		<String code="InvalidPickupGroup">Neplatná skupina zdvihnutia</String>
		<String code="PickupFailed">Zdvihnutie zlyhalo</String>
		<String code="PickupGroupDeleted">Skupina zdvihnutia vymazaná</String>	
		<String code="UnknownContact">(Bez názvu)</String>
	</Service>
	<Service id="2102">
		<String code="Conference">Konferencia</String>
	</Service> 
</ServiceStrings>