﻿<?xml version="1.0" encoding="utf-8"?>
<ServiceEventDescriptions>
  <Service id="2100">
    <Event code="1">Tuntematon</Event> <!-- Unknown -->
    <Event code="2">Ominaisuusjoukon käynnistys epäonnistui</Event> <!-- UnknownStartFeatureSetFailure -->
    <Event code="3">Virheellinen käyttäjätunnus tai salasana. Siirry Puhelinpalvelut valikkoon Asetukset ikkunassa ja kirjoita oikea käyttäjänimi ja salasana. Jos et tiedä kirjautumistietojasi, ota yhteyttä järjestelmänvalvojaan.</Event> <!-- InvalidCredential -->
    <Event code="4">Määritetty CCMCIP-palvelin on virheellinen</Event> <!-- InvalidCCMCIPServer -->
    <Event code="5">Määritetty TFTP-palvelin on virheellinen</Event> <!-- InvalidTFTPServer -->
    <Event code="6">Määritetty CTI-palvelin on virheellinen</Event> <!-- InvalidCTIServer -->
    <Event code="7">StartConversationFailure</Event> <!-- StartConversationFailure -->
    <Event code="8">ServerConnectionFailure</Event> <!-- ServerConnectionFailure -->
    <Event code="9">Ei voida kirjautua sisään.</Event> <!-- ServerAuthenticationFailure -->
    <Event code="10">InvalidTelephonyDevice</Event> <!-- InvalidTelephonyDevice -->
    <Event code="11">InvalidTelephonyNumber</Event> <!-- InvalidTelephonyNumber -->
    <Event code="12">EndConversationFailure</Event> <!-- EndConversationFailure -->
    <Event code="13">HoldConversationFailure</Event> <!-- HoldConversationFailure -->
    <Event code="14">ResumeConversationFailure</Event> <!-- ResumeConversationFailure -->
    <Event code="15">AcceptConversationFailure</Event> <!-- AcceptConversationFailure -->
    <Event code="16">MuteConversationAudioFailure</Event> <!-- MuteConversationAudioFailure -->
    <Event code="17">UnmuteConversationAudioFailure</Event> <!-- UnmuteConversationAudioFailure -->
    <Event code="18">IdivertConversationFailure</Event> <!-- IdivertConversationFailure -->
    <Event code="19">TransferConversationFailure</Event> <!-- TransferConversationFailure -->
    <Event code="20">MuteConversationVideoFailure</Event> <!-- MuteConversationVideoFailure -->
    <Event code="21">UnmuteConversationVideoFailure</Event> <!-- UnmuteConversationVideoFailure -->
    <Event code="22">SetConversationRemoteWindowFailure</Event> <!-- SetConversationRemoteWindowFailure -->
    <Event code="23">RemoveConversationRemoteWindowFailure</Event> <!-- RemoveConversationRemoteWindowFailure -->
    <Event code="24">SetConversationPreviewWindowFailure</Event> <!-- SetConversationPreviewWindowFailure -->
    <Event code="25">RemoveConversationPreviewWindowFailure</Event> <!-- RemoveConversationPreviewWindowFailure -->
    <Event code="26">StopConversationFeatureFailure</Event> <!-- StopConversationFeatureFailure -->
    <Event code="27">StartDeviceFeatureFailure</Event> <!-- StartDeviceFeatureFailure -->
    <Event code="28">StopDeviceFeatureFailure</Event> <!-- StopDeviceFeatureFailure -->
    <Event code="29">SetAudioRecordDeviceFailure</Event> <!-- SetAudioRecordDeviceFailure -->
    <Event code="30">SetAudioPlayoutDeviceFailure</Event> <!-- SetAudioPlayoutDeviceFailure -->
    <Event code="31">SetAudioRingerDeviceFailure</Event> <!-- SetAudioRingerDeviceFailure -->
    <Event code="32">SetAudioPlayoutAndRingerDeviceFailure</Event> <!-- SetAudioPlayoutAndRingerDeviceFailure -->
    <Event code="33">SetVideoCaptureDeviceFailure</Event> <!-- SetVideoCaptureDeviceFailure -->
    <Event code="34">CompleteTransferFailure</Event> <!-- CompleteTransferFailure -->
    <Event code="35">SelectDeviceFailure</Event> <!-- SelectDeviceFailure -->
    <Event code="36">SetCallForwardToNumberFailure</Event> <!-- SetCallForwardToNumberFailure -->
    <Event code="37">SetCallForwardToVoiceMailFailure</Event> <!-- SetCallForwardToVoiceMailFailure -->
    <Event code="38">Ei käyttäjätunnusta tai salasanaa. Siirry Puhelinpalvelut valikkoon Asetukset ikkunassa ja kirjoita oikea käyttäjänimi ja salasana. Jos et tiedä kirjautumistietojasi, ota yhteyttä järjestelmänvalvojaan.</Event> <!-- NoCredentialsConfigured -->
    <Event code="39">Varmista, että tietokone on kytketty verkkoon. Jos sinulla on ongelmia verkkoyhteyden kanssa, ota yhteyttä järjestelmänvalvojaan.</Event> <!-- NoNetwork -->
    <Event code="40">Yhteysvirhe. Varmista, että Asetukset-ikkunan Puhelinpalvelut-välilehden olevat palvelintiedot ovat oikeat. Pyydä tarvittaessa apua järjestelmänvalvojalta.</Event> <!-- UnknownConnectionError -->
    <Event code="41">Medianettia ei ole asennettu.</Event> <!-- MedianetNotInstalled -->
    <Event code="42">Pöytäpuhelin video ei ole saatavilla Ohjelmistopuhelin tilassa.</Event> <!-- DeskphoneVideoUnavailableInSoftphoneMode -->
	<Event code="43">MedianetNotRunning</Event><!-- MedianetNotRunning -->
	<Event code="44">Tietokonepuhelujen varmennerekisteröitymistäsi ei ole aktivoitu. Ota yhteys järjestelmänvalvojaan.</Event><!-- CapfAdminActionRequired -->
	<Event code="45">InProgress'</Event><!-- InProgress -->
    <Event code="46">Puhelinpalvelujen kokoonpanoasetukset ovat virheelliset.</Event> <!-- InValidConfig -->
	<Event code="47">Epäonnistui</Event> <!-- Failed -->
    <Event code="48">Todennettu</Event> <!-- Authenticated -->	
	<Event code="49">StartConversationFailure</Event> <!-- ParkConversationFailure -->
    <Event code="50">Käyttäjänimi tai salasana ei ole oikea.</Event> <!-- InvalidCredential -->
	<Event code="51">Käyttäjänimeä tai salasanaa ei ole määritetty.</Event> <!-- NoCredentialsConfigured -->
	<Event code="52">Et ole lähettänyt suojattua todennuskoodia. Siirry puhelintilaan keskuksen alaosassa ja valitse Käytä puheluihin tietokonettani.</Event> <!-- CapfAuthenticationStringRequired -->
	<Event code="53">Turvakoodissa voi olla ongelma. Syötä se uudelleen. Jos toinenkaan yritys ei onnistu, ota yhteyttä järjestelmänvalvojaan.</Event> <!-- CapfEnrollmentFailure -->
    <Event code="54">Palvelimen varmenne on hylätty.</Event> <!-- ServerCertificateRejected -->
	<Event code="55">Pöytäpuhelinvideo ei ole saatavilla laajennus- ja yhdistämistilassa.</Event> <!--DeskPhoneVideoUnavailableInExtendConnectMode-->
    <Event code="58">Suojatun yhteyden virhe (TLS)</Event> <!--TLSFailure-->
    <Event code="59">SSL-yhteysvirhe.</Event> <!--SSLConnectError-->
    <Event code="63">Päivitys tarvitaan puheluihin Jabberista Jabberiin</Event> <!--SparkAPIBreakingChangeError-->
    <!-- Server Health Strings -->
    <Event code="1000">Laite:</Event> <!-- DeviceLabelString -->
    <Event code="1001">Linja:</Event> <!-- LineLabelString -->
  </Service>
</ServiceEventDescriptions>