﻿<?xml version="1.0" encoding="utf-8"?>
<ServiceEventDescriptions>
  <Service id="2100">
    <Event code="1">Ukjent</Event> <!-- Unknown -->
    <Event code="2">Oppstart av funksjon mislyktes</Event> <!-- UnknownStartFeatureSetFailure -->
    <Event code="3">Ugyldig brukernavn eller passord. Gå til telefontjenester i Alternativer-vinduet og skriv inn brukernavn og passord riktig. Hvis du ikke kjenner din påloggingsinformasjon kontakte systemansvarlig.</Event> <!-- InvalidCredential -->
    <Event code="4">Den konfigurerte CCMCIP-serveren er feil</Event> <!-- InvalidCCMCIPServer -->
    <Event code="5">Den konfigurerte TFTP-serveren er feil</Event> <!-- InvalidTFTPServer -->
    <Event code="6">Den konfigurerte CTI-serveren er feil</Event> <!-- InvalidCTIServer -->
    <Event code="7">StartConversationFailure</Event> <!-- StartConversationFailure -->
    <Event code="8">ServerConnectionFailure</Event> <!-- ServerConnectionFailure -->
    <Event code="9">Kan ikke logge på.</Event> <!-- ServerAuthenticationFailure -->
    <Event code="10">InvalidTelephonyDevice</Event> <!-- InvalidTelephonyDevice -->
    <Event code="11">InvalidTelephonyNumber</Event> <!-- InvalidTelephonyNumber -->
    <Event code="12">EndConversationFailure</Event> <!-- EndConversationFailure -->
    <Event code="13">HoldConversationFailure</Event> <!-- HoldConversationFailure -->
    <Event code="14">ResumeConversationFailure</Event> <!-- ResumeConversationFailure -->
    <Event code="15">AcceptConversationFailure</Event> <!-- AcceptConversationFailure -->
    <Event code="16">MuteConversationAudioFailure</Event> <!-- MuteConversationAudioFailure -->
    <Event code="17">UnmuteConversationAudioFailure</Event> <!-- UnmuteConversationAudioFailure -->
    <Event code="18">IdivertConversationFailure</Event> <!-- IdivertConversationFailure -->
    <Event code="19">TransferConversationFailure</Event> <!-- TransferConversationFailure -->
    <Event code="20">MuteConversationVideoFailure</Event> <!-- MuteConversationVideoFailure -->
    <Event code="21">UnmuteConversationVideoFailure</Event> <!-- UnmuteConversationVideoFailure -->
    <Event code="22">SetConversationRemoteWindowFailure</Event> <!-- SetConversationRemoteWindowFailure -->
    <Event code="23">RemoveConversationRemoteWindowFailure</Event> <!-- RemoveConversationRemoteWindowFailure -->
    <Event code="24">SetConversationPreviewWindowFailure</Event> <!-- SetConversationPreviewWindowFailure -->
    <Event code="25">RemoveConversationPreviewWindowFailure</Event> <!-- RemoveConversationPreviewWindowFailure -->
    <Event code="26">StopConversationFeatureFailure</Event> <!-- StopConversationFeatureFailure -->
    <Event code="27">StartDeviceFeatureFailure</Event> <!-- StartDeviceFeatureFailure -->
    <Event code="28">StopDeviceFeatureFailure</Event> <!-- StopDeviceFeatureFailure -->
    <Event code="29">SetAudioRecordDeviceFailure</Event> <!-- SetAudioRecordDeviceFailure -->
    <Event code="30">SetAudioPlayoutDeviceFailure</Event> <!-- SetAudioPlayoutDeviceFailure -->
    <Event code="31">SetAudioRingerDeviceFailure</Event> <!-- SetAudioRingerDeviceFailure -->
    <Event code="32">SetAudioPlayoutAndRingerDeviceFailure</Event> <!-- SetAudioPlayoutAndRingerDeviceFailure -->
    <Event code="33">SetVideoCaptureDeviceFailure</Event> <!-- SetVideoCaptureDeviceFailure -->
    <Event code="34">CompleteTransferFailure</Event> <!-- CompleteTransferFailure -->
    <Event code="35">SelectDeviceFailure</Event> <!-- SelectDeviceFailure -->
    <Event code="36">SetCallForwardToNumberFailure</Event> <!-- SetCallForwardToNumberFailure -->
    <Event code="37">SetCallForwardToVoiceMailFailure</Event> <!-- SetCallForwardToVoiceMailFailure -->
    <Event code="38">Ingen brukernavn eller passord. Gå til telefontjenester i alternativene vinduer og angi riktig brukernavn og passord. Hvis du ikke kjenner din påloggingsinformasjon kontakte systemansvarlig.</Event> <!-- NoCredentialsConfigured -->
    <Event code="39">Sørg for at datamaskinen er koblet til nettverket. Hvis du har problemer med å koble til nettverket kontakt systemansvarlig.</Event> <!-- NoNetwork -->
    <Event code="40">Tilkoblingsfeil. Sørg for at serverinformasjonen i Telefontjenester-taben i Alternativer-vinduet er riktig. Ta kontakt med systemadministrator hvis du trenger hjelp.</Event> <!-- UnknownConnectionError -->
    <Event code="41">Medienett er ikke installert.</Event> <!-- MedianetNotInstalled -->
    <Event code="42">Deskphone videoen er ikke tilgjengelig i softphone modus.</Event> <!-- DeskphoneVideoUnavailableInSoftphoneMode -->
	<Event code="43">MedianetNotRunning</Event><!-- MedianetNotRunning -->
	<Event code="44">Sertifikatregistreringen for sikkert datamaskinanrop har ikke blitt aktivert. Kontakt systemadministratoren.</Event><!-- CapfAdminActionRequired -->
	<Event code="45">Pågår</Event><!-- InProgress -->
    <Event code="46">Konfigurasjonsinnstillingene for telefoni er ugyldige.</Event> <!-- InValidConfig -->
	<Event code="47">Mislyktes</Event> <!-- Failed -->
    <Event code="48">Autentisert</Event> <!-- Authenticated -->	
	<Event code="49">ParkConversationFailure</Event> <!-- ParkConversationFailure -->
    <Event code="50">Feil brukernavn eller passord.</Event> <!-- InvalidCredential -->
	<Event code="51">Ingen brukernavn eller passord angitt</Event> <!-- NoCredentialsConfigured -->
	<Event code="52">Du har ikke sendt sikker autentiseringskode. Gå til telefonmodus nederst på huben og velg "Bruk min datamaskin for anrop".</Event> <!-- CapfAuthenticationStringRequired -->
	<Event code="53">Det kan være et problem med sikkerhetskoden din. Angi den på nytt, og kontakt systemadministrator hvis du fortsatt ikke lykkes.</Event> <!-- CapfEnrollmentFailure -->
    <Event code="54">Serversertifikatet har blitt avvist.</Event> <!-- ServerCertificateRejected -->
	<Event code="55">Deskphone-videoen er ikke tilgjengelig i utvidelses- eller tilkoblingsmodus.</Event> <!--DeskPhoneVideoUnavailableInExtendConnectMode-->
    <Event code="58">Feil ved sikker tilkobling (TLS)</Event> <!--TLSFailure-->
    <Event code="59">SSL-tilkoblingsfeil.</Event> <!--SSLConnectError-->
    <Event code="63">Oppdatering er nødvendig for å aktivere Jabber for Jabber-anrop</Event> <!--SparkAPIBreakingChangeError-->
    <!-- Server Health Strings -->
    <Event code="1000">Enhet:</Event> <!-- DeviceLabelString -->
    <Event code="1001">Line:</Event> <!-- LineLabelString -->
  </Service>
</ServiceEventDescriptions>