﻿<?xml version="1.0" encoding="utf-8"?> 
<ServiceStrings> 
	<Service id="2100">
		<String code="CucmProductName">Cisco Communications Manager 8.x</String>
		<String code="TftpServerKeyName">Διακομιστής TFTP:</String>
		<String code="CtiServerKeyName">Διακομιστής CTI:</String>
		<String code="CcmcipServerKeyName">Διακομιστής CCMCIP:</String>
		<String code="CallsAvailableForPickup">Διαθέσιμες κλήσεις για λήψη</String>
		<String code="NoCallAvailableForPickup">Καμία διαθέσιμη κλήση για λήψη</String>
		<String code="NoBandwidthAvailableForPickup">Κανένα διαθέσιμο εύρος ζώνης για λήψη</String>
		<String code="NoLineAvailableForPickup">Καμία διαθέσιμη γραμμή για λήψη</String>
		<String code="InvalidPickupGroup">Μη έγκυρη ομάδα λήψης</String>
		<String code="PickupFailed">Απέτυχε η λήψη</String>
		<String code="PickupGroupDeleted">Διαγράφηκε η ομάδα λήψης</String>	
		<String code="UnknownContact">(Κανένα όνομα)</String>
	</Service>
	<Service id="2102">
		<String code="Conference">Συνδιάσκεψη</String>
	</Service> 
</ServiceStrings>