﻿<?xml version="1.0" encoding="utf-8"?> 
<ServiceStrings> 
	<Service id="2100">
		<String code="CucmProductName">Cisco Communications Manager 8.x</String>
		<String code="TftpServerKeyName">TFTP-server:</String>
		<String code="CtiServerKeyName">CTI-server:</String>
		<String code="CcmcipServerKeyName">CCMCIP-server:</String>
		<String code="CallsAvailableForPickup">Opkald tilgængelige for gruppesvar</String>
		<String code="NoCallAvailableForPickup">Ingen opkald tilgængelige for gruppesvar</String>
		<String code="NoBandwidthAvailableForPickup">Ingen båndbredde tilgængelig for gruppesvar</String>
		<String code="NoLineAvailableForPickup">Ingen linje tilgængelig for gruppesvar</String>
		<String code="InvalidPickupGroup">Ugyldig gruppe for gruppesvar</String>
		<String code="PickupFailed">Gruppesvar mislykkedes</String>
		<String code="PickupGroupDeleted">Gruppe for gruppesvar slettet</String>	
		<String code="UnknownContact">(Intet navn)</String>
	</Service>
	<Service id="2102">
		<String code="Conference">Konference</String>
	</Service> 
</ServiceStrings>