﻿<?xml version="1.0" encoding="utf-8"?> 
<ServiceStrings> 
	<Service id="2100">
		<String code="CucmProductName">Cisco Communications Manager 8.x</String>
		<String code="TftpServerKeyName">เซิร์ฟเวอร์ TFTP:</String>
		<String code="CtiServerKeyName">เซิร์ฟเวอร์ CTI:</String>
		<String code="CcmcipServerKeyName">เซิร์ฟเวอร์ CCMCIP:</String>
		<String code="CallsAvailableForPickup">สายที่ว่างสำหรับการรับสายแทน</String>
		<String code="NoCallAvailableForPickup">ไม่มีสายที่ว่างสำหรับการรับสายแทน</String>
		<String code="NoBandwidthAvailableForPickup">ไม่มีแบนด์วิดท์ที่ว่างสำหรับการรับสายแทน</String>
		<String code="NoLineAvailableForPickup">ไม่มีสายที่ว่างสำหรับการรับสายแทน</String>
		<String code="InvalidPickupGroup">กลุ่มรับสายแทนที่ไม่ถูกต้อง</String>
		<String code="PickupFailed">การรับสายแทนล้มเหลว</String>
		<String code="PickupGroupDeleted">กลุ่มรับสายแทนถูกลบ</String>	
		<String code="UnknownContact">(ไม่มีชื่อ)</String>
	</Service>
	<Service id="2102">
		<String code="Conference">ประชุมสาย</String>
	</Service> 
</ServiceStrings>