﻿<?xml version="1.0" encoding="utf-8"?> 
<ServiceStrings> 
	<Service id="2100">
		<String code="CucmProductName">Cisco Communications Manager 8.x</String>
		<String code="TftpServerKeyName">TFTP-Server:</String>
		<String code="CtiServerKeyName">CTI-Server:</String>
		<String code="CcmcipServerKeyName">CCMCIP-Server:</String>
		<String code="CallsAvailableForPickup">Anrufe zum Übernehmen verfügbar</String>
		<String code="NoCallAvailableForPickup">Keine Anrufe zum Übernehmen verfügbar</String>
		<String code="NoBandwidthAvailableForPickup">Keine Bandbreite zum Übernehmen verfügbar</String>
		<String code="NoLineAvailableForPickup">Keine Leitung zum Übernehmen verfügbar</String>
		<String code="InvalidPickupGroup">Ungültige Übernahmegruppe</String>
		<String code="PickupFailed">Übernahme fehlgeschlagen</String>
		<String code="PickupGroupDeleted">Übernahmegruppe gelöscht</String>	
		<String code="UnknownContact">(Kein Name)</String>
	</Service>
	<Service id="2102">
		<String code="Conference">Konferenz</String>
	</Service> 
</ServiceStrings>