﻿<?xml version="1.0" encoding="utf-8"?>
<ServiceEventDescriptions>
  <Service id="2100">
    <Event code="1">Неизвестно</Event> <!-- Unknown -->
    <Event code="2">Ошибка запуска набора функций</Event> <!-- UnknownStartFeatureSetFailure -->
    <Event code="3">Введены неправильное имя пользователя и пароль. Откройте настройки в службах телефона и введите правильное имя пользователя и пароль. Если вы не знаете свои регистрационнные данные, то обратитесь к своему системному администратору.</Event> <!-- InvalidCredential -->
    <Event code="4">Настроенный сервер CCMCIP неверен</Event> <!-- InvalidCCMCIPServer -->
    <Event code="5">Настроенный сервер TFTP неверен</Event> <!-- InvalidTFTPServer -->
    <Event code="6">Настроенный сервер CTI неверен</Event> <!-- InvalidCTIServer -->
    <Event code="7">StartConversationFailure</Event> <!-- StartConversationFailure -->
    <Event code="8">ServerConnectionFailure</Event> <!-- ServerConnectionFailure -->
    <Event code="9">Вход невозможен.</Event> <!-- ServerAuthenticationFailure -->
    <Event code="10">InvalidTelephonyDevice</Event> <!-- InvalidTelephonyDevice -->
    <Event code="11">InvalidTelephonyNumber</Event> <!-- InvalidTelephonyNumber -->
    <Event code="12">EndConversationFailure</Event> <!-- EndConversationFailure -->
    <Event code="13">HoldConversationFailure</Event> <!-- HoldConversationFailure -->
    <Event code="14">ResumeConversationFailure</Event> <!-- ResumeConversationFailure -->
    <Event code="15">AcceptConversationFailure</Event> <!-- AcceptConversationFailure -->
    <Event code="16">MuteConversationAudioFailure</Event> <!-- MuteConversationAudioFailure -->
    <Event code="17">UnmuteConversationAudioFailure</Event> <!-- UnmuteConversationAudioFailure -->
    <Event code="18">IdivertConversationFailure</Event> <!-- IdivertConversationFailure -->
    <Event code="19">TransferConversationFailure</Event> <!-- TransferConversationFailure -->
    <Event code="20">MuteConversationVideoFailure</Event> <!-- MuteConversationVideoFailure -->
    <Event code="21">UnmuteConversationVideoFailure</Event> <!-- UnmuteConversationVideoFailure -->
    <Event code="22">SetConversationRemoteWindowFailure</Event> <!-- SetConversationRemoteWindowFailure -->
    <Event code="23">RemoveConversationRemoteWindowFailure</Event> <!-- RemoveConversationRemoteWindowFailure -->
    <Event code="24">SetConversationPreviewWindowFailure</Event> <!-- SetConversationPreviewWindowFailure -->
    <Event code="25">RemoveConversationPreviewWindowFailure</Event> <!-- RemoveConversationPreviewWindowFailure -->
    <Event code="26">StopConversationFeatureFailure</Event> <!-- StopConversationFeatureFailure -->
    <Event code="27">StartDeviceFeatureFailure</Event> <!-- StartDeviceFeatureFailure -->
    <Event code="28">StopDeviceFeatureFailure</Event> <!-- StopDeviceFeatureFailure -->
    <Event code="29">SetAudioRecordDeviceFailure</Event> <!-- SetAudioRecordDeviceFailure -->
    <Event code="30">SetAudioPlayoutDeviceFailure</Event> <!-- SetAudioPlayoutDeviceFailure -->
    <Event code="31">SetAudioRingerDeviceFailure</Event> <!-- SetAudioRingerDeviceFailure -->
    <Event code="32">SetAudioPlayoutAndRingerDeviceFailure</Event> <!-- SetAudioPlayoutAndRingerDeviceFailure -->
    <Event code="33">SetVideoCaptureDeviceFailure</Event> <!-- SetVideoCaptureDeviceFailure -->
    <Event code="34">CompleteTransferFailure</Event> <!-- CompleteTransferFailure -->
    <Event code="35">SelectDeviceFailure</Event> <!-- SelectDeviceFailure -->
    <Event code="36">SetCallForwardToNumberFailure</Event> <!-- SetCallForwardToNumberFailure -->
    <Event code="37">SetCallForwardToVoiceMailFailure</Event> <!-- SetCallForwardToVoiceMailFailure -->
    <Event code="38">Имя пользователя и пароль не были введены. Откройте настройки в службах телефона и введите правильное имя пользователя и пароль. Если вы не знаете свои регистрационнные данные, то обратитесь к своему системному администратору.</Event> <!-- NoCredentialsConfigured -->
    <Event code="39">Убедитесь, что ваш компьютер подключен к сети. Если вы не можете подключиться к сети, то обратитетсь к своему системному администратору.</Event> <!-- NoNetwork -->
    <Event code="40">Ошибка подключения. Убедитесь, что на вкладке телефонных служб в окне функций введены верные сведения о сервере. Обратитесь за помощью к системному администратору.</Event> <!-- UnknownConnectionError -->
    <Event code="41">Сеть мультимедиа не установлена.</Event> <!-- MedianetNotInstalled -->
    <Event code="42">Видео телефона недоступно в режиме программного телефона</Event> <!-- DeskphoneVideoUnavailableInSoftphoneMode -->
	<Event code="43">MedianetNotRunning</Event><!-- MedianetNotRunning -->
	<Event code="44">Регистрация сертификата для безопасных вызовов с компьютера не была активирована. Обратитесь к системному администратору.</Event><!-- CapfAdminActionRequired -->
	<Event code="45">InProgress</Event><!-- InProgress -->
    <Event code="46">Недопустимые настройки конфигурации системы телефонии.</Event> <!-- InValidConfig -->
	<Event code="47">Ошибка</Event> <!-- Failed -->
    <Event code="48">Аутентификация пройдена</Event> <!-- Authenticated -->	
	<Event code="49">ParkConversationFailure</Event> <!-- ParkConversationFailure -->
    <Event code="50">Неверное имя пользователя или пароль.</Event> <!-- InvalidCredential -->
	<Event code="51">Не указано имя пользователя или пароль.</Event> <!-- NoCredentialsConfigured -->
	<Event code="52">Не отправлен код безопасной аутентификации. Перейдите в режим телефона внизу страницы и выберите "Использовать для вызовов мой компьютер".</Event> <!-- CapfAuthenticationStringRequired -->
	<Event code="53">Возможна проблема с кодом безопасности. Введите его снова, а затем обратитесь к системному администратору, если попытка оказалась неудачной.</Event> <!-- CapfEnrollmentFailure -->
    <Event code="54">Сертификат сервера был отклонен.</Event> <!-- ServerCertificateRejected -->
	<Event code="55">Видео настольного телефона недоступно в режиме расширения и подключения.</Event> <!--DeskPhoneVideoUnavailableInExtendConnectMode-->
    <Event code="58">Сбой безопасного подключения (TLS)</Event> <!--TLSFailure-->
    <Event code="59">Ошибка подключения SSL.</Event> <!--SSLConnectError-->
    <Event code="63">Для включения вызовов Jabber - Jabber требуется обновление</Event> <!--SparkAPIBreakingChangeError-->
    <!-- Server Health Strings -->
    <Event code="1000">Устройство:</Event> <!-- DeviceLabelString -->
    <Event code="1001">Линия:</Event> <!-- LineLabelString -->
  </Service>
</ServiceEventDescriptions>