﻿<?xml version="1.0" encoding="utf-8"?>
<ServiceEventDescriptions>
  <Service id="2100">
    <Event code="1">Desconocido</Event> <!-- Unknown -->
    <Event code="2">Error de inicio de un conjunto de funciones</Event> <!-- UnknownStartFeatureSetFailure -->
    <Event code="3">Nombre de usuario o contraseña incorrecto. Vaya a servicio telefónico en las ventanas de opciones e introduzca el nombre de usuario correcto y la contraseña. Si no conoce sus datos de conexión contacte con su administrador.</Event> <!-- InvalidCredential -->
    <Event code="4">El servidor CCMCIP configurado no es correcto</Event> <!-- InvalidCCMCIPServer -->
    <Event code="5">El servidor TFTP configurado no es correcto</Event> <!-- InvalidTFTPServer -->
    <Event code="6">El servidor CTI configurado no es correcto</Event> <!-- InvalidCTIServer -->
    <Event code="7">StartConversationFailure</Event> <!-- StartConversationFailure -->
    <Event code="8">ServerConnectionFailure</Event> <!-- ServerConnectionFailure -->
    <Event code="9">No se puede iniciar sesión.</Event> <!-- ServerAuthenticationFailure -->
    <Event code="10">InvalidTelephonyDevice</Event> <!-- InvalidTelephonyDevice -->
    <Event code="11">InvalidTelephonyNumber</Event> <!-- InvalidTelephonyNumber -->
    <Event code="12">EndConversationFailure</Event> <!-- EndConversationFailure -->
    <Event code="13">HoldConversationFailure</Event> <!-- HoldConversationFailure -->
    <Event code="14">ResumeConversationFailure</Event> <!-- ResumeConversationFailure -->
    <Event code="15">AcceptConversationFailure</Event> <!-- AcceptConversationFailure -->
    <Event code="16">MuteConversationAudioFailure</Event> <!-- MuteConversationAudioFailure -->
    <Event code="17">UnmuteConversationAudioFailure</Event> <!-- UnmuteConversationAudioFailure -->
    <Event code="18">IdivertConversationFailure</Event> <!-- IdivertConversationFailure -->
    <Event code="19">TransferConversationFailure</Event> <!-- TransferConversationFailure -->
    <Event code="20">MuteConversationVideoFailure</Event> <!-- MuteConversationVideoFailure -->
    <Event code="21">UnmuteConversationVideoFailure</Event> <!-- UnmuteConversationVideoFailure -->
    <Event code="22">SetConversationRemoteWindowFailure</Event> <!-- SetConversationRemoteWindowFailure -->
    <Event code="23">RemoveConversationRemoteWindowFailure</Event> <!-- RemoveConversationRemoteWindowFailure -->
    <Event code="24">SetConversationPreviewWindowFailure</Event> <!-- SetConversationPreviewWindowFailure -->
    <Event code="25">RemoveConversationPreviewWindowFailure</Event> <!-- RemoveConversationPreviewWindowFailure -->
    <Event code="26">StopConversationFeatureFailure</Event> <!-- StopConversationFeatureFailure -->
    <Event code="27">StartDeviceFeatureFailure</Event> <!-- StartDeviceFeatureFailure -->
    <Event code="28">StopDeviceFeatureFailure</Event> <!-- StopDeviceFeatureFailure -->
    <Event code="29">SetAudioRecordDeviceFailure</Event> <!-- SetAudioRecordDeviceFailure -->
    <Event code="30">SetAudioPlayoutDeviceFailure</Event> <!-- SetAudioPlayoutDeviceFailure -->
    <Event code="31">SetAudioRingerDeviceFailure</Event> <!-- SetAudioRingerDeviceFailure -->
    <Event code="32">SetAudioPlayoutAndRingerDeviceFailure</Event> <!-- SetAudioPlayoutAndRingerDeviceFailure -->
    <Event code="33">SetVideoCaptureDeviceFailure</Event> <!-- SetVideoCaptureDeviceFailure -->
    <Event code="34">CompleteTransferFailure</Event> <!-- CompleteTransferFailure -->
    <Event code="35">SelectDeviceFailure</Event> <!-- SelectDeviceFailure -->
    <Event code="36">SetCallForwardToNumberFailure</Event> <!-- SetCallForwardToNumberFailure -->
    <Event code="37">SetCallForwardToVoiceMailFailure</Event> <!-- SetCallForwardToVoiceMailFailure -->
    <Event code="38">No ha introducido nombre de usuario o contraseña. Vaya a servicio telefónico en las ventanas de opciones e introduzca el nombre de usuario correcto y la contraseña. Si no conoce sus datos de conexión contacte con su administrador.</Event> <!-- NoCredentialsConfigured -->
    <Event code="39">Asegúrese de que su equipo esté conectado a la red. Si tiene problemas con la conexión contacte con su administrador.</Event> <!-- NoNetwork -->
    <Event code="40">Error de conexión. Compruebe que la información del servidor que se muestra en la ficha Servicios del teléfono de la ventana Opciones sea correcta. Para obtener asistencia, contacte con el administrador del sistema.</Event> <!-- UnknownConnectionError -->
    <Event code="41">Medianet no está instalado.</Event> <!-- MedianetNotInstalled -->
    <Event code="42">El videoteléfono de escritorio no está disponible en modo softphone.</Event> <!-- DeskphoneVideoUnavailableInSoftphoneMode -->
	<Event code="43">MedianetNotRunning</Event><!-- MedianetNotRunning -->
	<Event code="44">La inscripción de certificado para realizar llamadas seguras desde el equipo no está activada. Póngase en contacto con el administrador del sistema.</Event><!-- CapfAdminActionRequired -->
	<Event code="45">InProgress</Event><!-- InProgress -->
    <Event code="46">La configuración de telefonía no es válida.</Event> <!-- InValidConfig -->
	<Event code="47">Se ha producido un error</Event> <!-- Failed -->
    <Event code="48">Se ha autenticado</Event> <!-- Authenticated -->	
	<Event code="49">ParkConversationFailure</Event> <!-- ParkConversationFailure -->
    <Event code="50">El nombre de usuario o la contraseña no son correctos.</Event> <!-- InvalidCredential -->
	<Event code="51">No se ha especificado ningún nombre de usuario o contraseña.</Event> <!-- NoCredentialsConfigured -->
	<Event code="52">No ha enviado su código de autenticación segura. Vaya al modo del teléfono en la parte inferior del hub y seleccione "Utilizar el equipo para realizar llamadas".</Event> <!-- CapfAuthenticationStringRequired -->
	<Event code="53">Es posible que haya un problema con el código de seguridad. Vuelva a introducirlo y contacte con el administrador del sistema si el intento no se realiza correctamente.</Event> <!-- CapfEnrollmentFailure -->
    <Event code="54">El certificado del servidor ha sido rechazado.</Event> <!-- ServerCertificateRejected -->
	<Event code="55">El videoteléfono de escritorio no está disponible en modo de extensión y conexión.</Event> <!--DeskPhoneVideoUnavailableInExtendConnectMode-->
    <Event code="58">Error de conexión segura (TLS)</Event> <!--TLSFailure-->
    <Event code="59">Error de conexión SSL.</Event> <!--SSLConnectError-->
    <Event code="63">Se requiere una actualización para habilitar las llamadas de Jabber.</Event> <!--SparkAPIBreakingChangeError-->
    <!-- Server Health Strings -->
    <Event code="1000">Dispositivo:</Event> <!-- DeviceLabelString -->
    <Event code="1001">Línea:</Event> <!-- LineLabelString -->
  </Service>
</ServiceEventDescriptions>