﻿<?xml version="1.0" encoding="utf-8"?>
<ServiceEventDescriptions>
  <Service id="2100">
    <Event code="1">Desconegut</Event> <!-- Unknown -->
    <Event code="2">S'ha produït un error en iniciar el conjunt de característiques</Event> <!-- UnknownStartFeatureSetFailure -->
    <Event code="3">Nom d'usuari o contrasenya incorrectes. Ves a Serveis de Telèfon a la finestra d'Opcions i introdueiz l'usuari i la contrasenya correctes. Si desconeixes la informació de registre contacta amb l'administrador del sistema.</Event> <!-- InvalidCredential -->
    <Event code="4">El servidor CCMCIP que s'ha configurat és incorrecte</Event> <!-- InvalidCCMCIPServer -->
    <Event code="5">El servidor TFTP que s'ha configurat és incorrecte</Event> <!-- InvalidTFTPServer -->
    <Event code="6">El servidor CTI que s'ha configurat és incorrecte</Event> <!-- InvalidCTIServer -->
    <Event code="7">StartConversationFailure</Event> <!-- StartConversationFailure -->
    <Event code="8">ServerConnectionFailure</Event> <!-- ServerConnectionFailure -->
    <Event code="9">No es pot iniciar la sessió.</Event> <!-- ServerAuthenticationFailure -->
    <Event code="10">InvalidTelephonyDevice</Event> <!-- InvalidTelephonyDevice -->
    <Event code="11">InvalidTelephonyNumber</Event> <!-- InvalidTelephonyNumber -->
    <Event code="12">EndConversationFailure</Event> <!-- EndConversationFailure -->
    <Event code="13">HoldConversationFailure</Event> <!-- HoldConversationFailure -->
    <Event code="14">ResumeConversationFailure</Event> <!-- ResumeConversationFailure -->
    <Event code="15">AcceptConversationFailure</Event> <!-- AcceptConversationFailure -->
    <Event code="16">MuteConversationAudioFailure</Event> <!-- MuteConversationAudioFailure -->
    <Event code="17">UnmuteConversationAudioFailure</Event> <!-- UnmuteConversationAudioFailure -->
    <Event code="18">IdivertConversationFailure</Event> <!-- IdivertConversationFailure -->
    <Event code="19">TransferConversationFailure</Event> <!-- TransferConversationFailure -->
    <Event code="20">MuteConversationVideoFailure</Event> <!-- MuteConversationVideoFailure -->
    <Event code="21">UnmuteConversationVideoFailure</Event> <!-- UnmuteConversationVideoFailure -->
    <Event code="22">SetConversationRemoteWindowFailure</Event> <!-- SetConversationRemoteWindowFailure -->
    <Event code="23">RemoveConversationRemoteWindowFailure</Event> <!-- RemoveConversationRemoteWindowFailure -->
    <Event code="24">SetConversationPreviewWindowFailure</Event> <!-- SetConversationPreviewWindowFailure -->
    <Event code="25">RemoveConversationPreviewWindowFailure</Event> <!-- RemoveConversationPreviewWindowFailure -->
    <Event code="26">StopConversationFeatureFailure</Event> <!-- StopConversationFeatureFailure -->
    <Event code="27">StartDeviceFeatureFailure</Event> <!-- StartDeviceFeatureFailure -->
    <Event code="28">StopDeviceFeatureFailure</Event> <!-- StopDeviceFeatureFailure -->
    <Event code="29">SetAudioRecordDeviceFailure</Event> <!-- SetAudioRecordDeviceFailure -->
    <Event code="30">SetAudioPlayoutDeviceFailure</Event> <!-- SetAudioPlayoutDeviceFailure -->
    <Event code="31">SetAudioRingerDeviceFailure</Event> <!-- SetAudioRingerDeviceFailure -->
    <Event code="32">SetAudioPlayoutAndRingerDeviceFailure</Event> <!-- SetAudioPlayoutAndRingerDeviceFailure -->
    <Event code="33">SetVideoCaptureDeviceFailure</Event> <!-- SetVideoCaptureDeviceFailure -->
    <Event code="34">CompleteTransferFailure</Event> <!-- CompleteTransferFailure -->
    <Event code="35">SelectDeviceFailure</Event> <!-- SelectDeviceFailure -->
    <Event code="36">SetCallForwardToNumberFailure</Event> <!-- SetCallForwardToNumberFailure -->
    <Event code="37">SetCallForwardToVoiceMailFailure</Event> <!-- SetCallForwardToVoiceMailFailure -->
    <Event code="38">Nom d'usuari o contrasenya incorrectes. Ves a Serveis de Telèfon a la finestra d'Opcions i introdueiz l'usuari i la contrasenya correctes. Si desconeixes la informació de registre contacta amb l'administrador del sistema.</Event> <!-- NoCredentialsConfigured -->
    <Event code="39">Assegura't que l'ordinador està connectat a la xarxa. Si tens dificultats per connectar-te a la xarxa contacta amb l'administrador del sistema.</Event> <!-- NoNetwork -->
    <Event code="40">Error de connexió. Assegureu-vos que la informació del servidor de Serveis de Telèfon a la finestra d'Opcions és correcta. Poseu-vos en contacte amb l'administrador del sistema per obtenir ajuda.</Event> <!-- UnknownConnectionError -->
    <Event code="41">Medianet no està instal·lada.</Event> <!-- MedianetNotInstalled -->
    <Event code="42">El vídeo del Telèfon d'escriptori no està disponible en mode softphone.</Event> <!-- DeskphoneVideoUnavailableInSoftphoneMode -->
	<Event code="43">Medianet no s'està executant</Event><!-- MedianetNotRunning -->
	<Event code="44">No s'ha activat la inscripció de certificats per fer trucades segures a l'ordinador. Poseu-vos en contacte amb l'administrador del sistema.</Event><!-- CapfAdminActionRequired -->
	<Event code="45">En procés</Event><!-- InProgress -->
    <Event code="46">La configuració de telefonia no és vàlida.</Event> <!-- InValidConfig -->
	<Event code="47">Error</Event> <!-- Failed -->
    <Event code="48">Autenticat</Event> <!-- Authenticated -->	
	<Event code="49">Error de ParkConversation</Event> <!-- ParkConversationFailure -->
    <Event code="50">El nom d'usuari o la contrasenya són incorrectes.</Event> <!-- InvalidCredential -->
	<Event code="51">No s'ha introduït cap nom d'usuari o contrasenya.</Event> <!-- NoCredentialsConfigured -->
	<Event code="52">No heu enviat el codi d'autenticació segur. Aneu al mode del telèfon a la part inferior del concentrador i seleccioneu "Utilitzar el meu ordinador per a les trucades".</Event> <!-- CapfAuthenticationStringRequired -->
	<Event code="53">És possible que hi hagi un problema amb el vostre codi de seguretat. Torneu a introduir-lo i poseu-vos en contacte amb el vostre administrador del sistema si es produeix un error.</Event> <!-- CapfEnrollmentFailure -->
    <Event code="54">El certificat de servidor ha estat rebutjat.</Event> <!-- ServerCertificateRejected -->
	<Event code="55">El vídeo del Telèfon d'escriptori no està disponible en el mode d'extensió o de connexió.</Event> <!--DeskPhoneVideoUnavailableInExtendConnectMode-->
    <Event code="58">Error de connexió segura (TLS)</Event> <!--TLSFailure-->
    <Event code="59">Error de connexió SSL.</Event> <!--SSLConnectError-->
    <Event code="63">Cal una actualització per activar les trucades de Jabber</Event> <!--SparkAPIBreakingChangeError-->
    <!-- Server Health Strings -->
    <Event code="1000">Dispositiu:</Event> <!-- DeviceLabelString -->
    <Event code="1001">Línia:</Event> <!-- LineLabelString -->
  </Service>
</ServiceEventDescriptions>