<?xml version="1.0" encoding="utf-8"?>
<ServiceEventDescriptions>
  <Service id="2100">
    <Event code="1">Unknown</Event> <!-- Unknown -->
    <Event code="2">Starting a feature set failed</Event> <!-- UnknownStartFeatureSetFailure -->
    <Event code="3">Invalid username or password entered. Go to Phone Services in the Options window and enter the correct username and password. If you don't know your login information contact your system administrator.</Event> <!-- InvalidCredential -->
    <Event code="4">The configured CCMCIP server is incorrect</Event> <!-- InvalidCCMCIPServer -->
    <Event code="5">The configured TFTP server is incorrect</Event> <!-- InvalidTFTPServer -->
    <Event code="6">The configured CTI server is incorrect</Event> <!-- InvalidCTIServer -->
    <Event code="7">StartConversationFailure</Event> <!-- StartConversationFailure -->
    <Event code="8">ServerConnectionFailure</Event> <!-- ServerConnectionFailure -->
    <Event code="9">Cannot sign in.</Event> <!-- ServerAuthenticationFailure -->
    <Event code="10">InvalidTelephonyDevice</Event> <!-- InvalidTelephonyDevice -->
    <Event code="11">InvalidTelephonyNumber</Event> <!-- InvalidTelephonyNumber -->
    <Event code="12">EndConversationFailure</Event> <!-- EndConversationFailure -->
    <Event code="13">HoldConversationFailure</Event> <!-- HoldConversationFailure -->
    <Event code="14">ResumeConversationFailure</Event> <!-- ResumeConversationFailure -->
    <Event code="15">AcceptConversationFailure</Event> <!-- AcceptConversationFailure -->
    <Event code="16">MuteConversationAudioFailure</Event> <!-- MuteConversationAudioFailure -->
    <Event code="17">UnmuteConversationAudioFailure</Event> <!-- UnmuteConversationAudioFailure -->
    <Event code="18">IdivertConversationFailure</Event> <!-- IdivertConversationFailure -->
    <Event code="19">TransferConversationFailure</Event> <!-- TransferConversationFailure -->
    <Event code="20">MuteConversationVideoFailure</Event> <!-- MuteConversationVideoFailure -->
    <Event code="21">UnmuteConversationVideoFailure</Event> <!-- UnmuteConversationVideoFailure -->
    <Event code="22">SetConversationRemoteWindowFailure</Event> <!-- SetConversationRemoteWindowFailure -->
    <Event code="23">RemoveConversationRemoteWindowFailure</Event> <!-- RemoveConversationRemoteWindowFailure -->
    <Event code="24">SetConversationPreviewWindowFailure</Event> <!-- SetConversationPreviewWindowFailure -->
    <Event code="25">RemoveConversationPreviewWindowFailure</Event> <!-- RemoveConversationPreviewWindowFailure -->
    <Event code="26">StopConversationFeatureFailure</Event> <!-- StopConversationFeatureFailure -->
    <Event code="27">StartDeviceFeatureFailure</Event> <!-- StartDeviceFeatureFailure -->
    <Event code="28">StopDeviceFeatureFailure</Event> <!-- StopDeviceFeatureFailure -->
    <Event code="29">SetAudioRecordDeviceFailure</Event> <!-- SetAudioRecordDeviceFailure -->
    <Event code="30">SetAudioPlayoutDeviceFailure</Event> <!-- SetAudioPlayoutDeviceFailure -->
    <Event code="31">SetAudioRingerDeviceFailure</Event> <!-- SetAudioRingerDeviceFailure -->
    <Event code="32">SetAudioPlayoutAndRingerDeviceFailure</Event> <!-- SetAudioPlayoutAndRingerDeviceFailure -->
    <Event code="33">SetVideoCaptureDeviceFailure</Event> <!-- SetVideoCaptureDeviceFailure -->
    <Event code="34">CompleteTransferFailure</Event> <!-- CompleteTransferFailure -->
    <Event code="35">SelectDeviceFailure</Event> <!-- SelectDeviceFailure -->
    <Event code="36">SetCallForwardToNumberFailure</Event> <!-- SetCallForwardToNumberFailure -->
    <Event code="37">SetCallForwardToVoiceMailFailure</Event> <!-- SetCallForwardToVoiceMailFailure -->
    <Event code="38">No username or password entered. Go to Phone Services in the Options windows and enter the correct username and password. If you don't know your login information contact your system administrator.</Event> <!-- NoCredentialsConfigured -->
    <Event code="39">Make sure your computer is connected to the network. If you are having problems connecting to the network contact your system administrator.</Event> <!-- NoNetwork -->
    <Event code="40">Connection error. Ensure the server information in the Phone Services tab on the Options window is correct. Contact your system administrator for assistance.</Event> <!-- UnknownConnectionError -->
    <Event code="41">Medianet is not installed.</Event> <!-- MedianetNotInstalled -->
    <Event code="42">Deskphone video is not available in softphone mode.</Event> <!-- DeskphoneVideoUnavailableInSoftphoneMode -->
	<Event code="43">MedianetNotRunning</Event><!-- MedianetNotRunning -->
	<Event code="44">The certificate enrollment for secure computer calling has not been activated. Contact your system administrator.</Event><!-- CapfAdminActionRequired -->
	<Event code="45">InProgress</Event><!-- InProgress -->
    <Event code="46">The telephony configuration settings are invalid.</Event> <!-- InValidConfig -->
	<Event code="47">Failed</Event> <!-- Failed -->
    <Event code="48">Authenticated</Event> <!-- Authenticated -->	
	<Event code="49">ParkConversationFailure</Event> <!-- ParkConversationFailure -->
    <Event code="50">Your username or password is not correct.</Event> <!-- InvalidCredential -->
	<Event code="51">No username or password specified.</Event> <!-- NoCredentialsConfigured -->
	<Event code="52">You have not submitted your secure authentication code. Go to phone mode at the bottom of the hub and select 'Use my computer for calls'.</Event> <!-- CapfAuthenticationStringRequired -->
	<Event code="53">There might be a problem with your security code. Enter it again and then contact your system administrator if that attempt is not successful.</Event> <!-- CapfEnrollmentFailure -->
    <Event code="54">The server certificate has been rejected.</Event> <!-- ServerCertificateRejected -->
	<Event code="55">Deskphone video is not available in extend and connect mode.</Event> <!--DeskPhoneVideoUnavailableInExtendConnectMode-->
    <Event code="58">Secure connection failure (TLS)</Event> <!--TLSFailure-->
    <Event code="59">SSL Connection Error.</Event> <!--SSLConnectError-->
    <Event code="63">Update required to enable Jabber to Jabber calls</Event> <!--SparkAPIBreakingChangeError-->
    <!-- Server Health Strings -->
    <Event code="1000">Device:</Event> <!-- DeviceLabelString -->
    <Event code="1001">Line:</Event> <!-- LineLabelString -->
  </Service>
</ServiceEventDescriptions>