﻿<?xml version="1.0" encoding="utf-8"?> 
<ServiceStrings> 
	<Service id="2100">
		<String code="CucmProductName">Cisco Communications Manager 8.x</String>
		<String code="TftpServerKeyName">Serwer TFTP:</String>
		<String code="CtiServerKeyName">Serwer CTI:</String>
		<String code="CcmcipServerKeyName">Serwer CCMCIP:</String>
		<String code="CallsAvailableForPickup">Połączenia dostępne do przejęcia</String>
		<String code="NoCallAvailableForPickup">Brak połączenia dostępnego do przejęcia</String>
		<String code="NoBandwidthAvailableForPickup">Brak pasma dostępnego do przejęcia</String>
		<String code="NoLineAvailableForPickup">Brak linii dostępnej do przejęcia</String>
		<String code="InvalidPickupGroup">Nieprawidłowa grupa przejmowania</String>
		<String code="PickupFailed">Przejmowanie nie powiodło się</String>
		<String code="PickupGroupDeleted">Grupa przejmowania usunięta</String>	
		<String code="UnknownContact">(Brak nazwy)</String>
	</Service>
	<Service id="2102">
		<String code="Conference">Konferencja</String>
	</Service> 
</ServiceStrings>