﻿<?xml version="1.0" encoding="utf-8"?>
<ServiceEventDescriptions>
  <Service id="2100">
    <Event code="1">Inconnu</Event> <!-- Unknown -->
    <Event code="2">Impossible de lancer un ensemble de fonctionnalités</Event> <!-- UnknownStartFeatureSetFailure -->
    <Event code="3">Incorrect nom d'utilisateur ou mot de passe entré. Allez aux services téléphoniques dans la fenêtre Options et entrez le nom d'utilisateur et le mot de passe correct. Si vous ne connaissez pas vos informations de connexion contactez votre administrateur système.</Event> <!-- InvalidCredential -->
    <Event code="4">Le serveur CCMCIP configuré est incorrect</Event> <!-- InvalidCCMCIPServer -->
    <Event code="5">Le serveur TFTP configuré est incorrect</Event> <!-- InvalidTFTPServer -->
    <Event code="6">Le serveur CTI configuré est incorrect</Event> <!-- InvalidCTIServer -->
    <Event code="7">StartConversationFailure</Event> <!-- StartConversationFailure -->
    <Event code="8">ServerConnectionFailure</Event> <!-- ServerConnectionFailure -->
    <Event code="9">Impossible d'ouvrir une session.</Event> <!-- ServerAuthenticationFailure -->
    <Event code="10">InvalidTelephonyDevice</Event> <!-- InvalidTelephonyDevice -->
    <Event code="11">InvalidTelephonyNumber</Event> <!-- InvalidTelephonyNumber -->
    <Event code="12">EndConversationFailure</Event> <!-- EndConversationFailure -->
    <Event code="13">HoldConversationFailure</Event> <!-- HoldConversationFailure -->
    <Event code="14">ResumeConversationFailure</Event> <!-- ResumeConversationFailure -->
    <Event code="15">AcceptConversationFailure</Event> <!-- AcceptConversationFailure -->
    <Event code="16">MuteConversationAudioFailure</Event> <!-- MuteConversationAudioFailure -->
    <Event code="17">UnmuteConversationAudioFailure</Event> <!-- UnmuteConversationAudioFailure -->
    <Event code="18">IdivertConversationFailure</Event> <!-- IdivertConversationFailure -->
    <Event code="19">TransferConversationFailure</Event> <!-- TransferConversationFailure -->
    <Event code="20">MuteConversationVideoFailure</Event> <!-- MuteConversationVideoFailure -->
    <Event code="21">UnmuteConversationVideoFailure</Event> <!-- UnmuteConversationVideoFailure -->
    <Event code="22">SetConversationRemoteWindowFailure</Event> <!-- SetConversationRemoteWindowFailure -->
    <Event code="23">RemoveConversationRemoteWindowFailure</Event> <!-- RemoveConversationRemoteWindowFailure -->
    <Event code="24">SetConversationPreviewWindowFailure</Event> <!-- SetConversationPreviewWindowFailure -->
    <Event code="25">RemoveConversationPreviewWindowFailure</Event> <!-- RemoveConversationPreviewWindowFailure -->
    <Event code="26">StopConversationFeatureFailure</Event> <!-- StopConversationFeatureFailure -->
    <Event code="27">StartDeviceFeatureFailure</Event> <!-- StartDeviceFeatureFailure -->
    <Event code="28">StopDeviceFeatureFailure</Event> <!-- StopDeviceFeatureFailure -->
    <Event code="29">SetAudioRecordDeviceFailure</Event> <!-- SetAudioRecordDeviceFailure -->
    <Event code="30">SetAudioPlayoutDeviceFailure</Event> <!-- SetAudioPlayoutDeviceFailure -->
    <Event code="31">SetAudioRingerDeviceFailure</Event> <!-- SetAudioRingerDeviceFailure -->
    <Event code="32">SetAudioPlayoutAndRingerDeviceFailure</Event> <!-- SetAudioPlayoutAndRingerDeviceFailure -->
    <Event code="33">SetVideoCaptureDeviceFailure</Event> <!-- SetVideoCaptureDeviceFailure -->
    <Event code="34">CompleteTransferFailure</Event> <!-- CompleteTransferFailure -->
    <Event code="35">SelectDeviceFailure</Event> <!-- SelectDeviceFailure -->
    <Event code="36">SetCallForwardToNumberFailure</Event> <!-- SetCallForwardToNumberFailure -->
    <Event code="37">SetCallForwardToVoiceMailFailure</Event> <!-- SetCallForwardToVoiceMailFailure -->
    <Event code="38">Aucun nom d'utilisateur ou mot de passe entré. Allez aux services téléphoniques dans les fenêtres d'options et entrez le nom d'utilisateur et le mot de passe correct. Si vous ne connaissez pas vos informations de connexion contactez votre administrateur système.</Event> <!-- NoCredentialsConfigured -->
    <Event code="39">Assurez-vous que votre ordinateur est connecté au réseau. Si vous rencontrez des problèmes de connexion au réseau contactez votre administrateur système.</Event> <!-- NoNetwork -->
    <Event code="40">Erreur de connexion. Vérifiez l'exactitude des informations sur le serveur qui figurent sous l'onglet Services téléphoniques de la fenêtre Options. Contactez votre administrateur système pour obtenir de l'aide.</Event> <!-- UnknownConnectionError -->
    <Event code="41">Medianet n'est pas installé.</Event> <!-- MedianetNotInstalled -->
    <Event code="42">Vidéo téléphone de bureau n'est pas disponible en mode téléphone logiciel.</Event> <!-- DeskphoneVideoUnavailableInSoftphoneMode -->
	<Event code="43">MedianetNotRunning</Event><!-- MedianetNotRunning -->
	<Event code="44">L'inscription du certificat pour les appels sur ordinateur sécurisés n'a pas été activée. Veuillez contacter votre administrateur système.</Event><!-- CapfAdminActionRequired -->
	<Event code="45">InProgress</Event><!-- InProgress -->
    <Event code="46">Les paramètres de configuration de la téléphonie sont incorrects.</Event> <!-- InValidConfig -->
	<Event code="47">Échec</Event> <!-- Failed -->
    <Event code="48">Authentifié</Event> <!-- Authenticated -->	
	<Event code="49">ParkConversationFailure</Event> <!-- ParkConversationFailure -->
    <Event code="50">Votre nom d'utilisateur ou votre mot de passe est incorrect.</Event> <!-- InvalidCredential -->
	<Event code="51">Aucun nom d'utilisateur ou mot de passe n'a été saisi.</Event> <!-- NoCredentialsConfigured -->
	<Event code="52">Vous n'avez pas saisi votre code d'authentification sécurisée. Allez au mode téléphonique au bas du concentrateur et sélectionnez 'Utiliser mon ordinateur pour les appels.'</Event> <!-- CapfAuthenticationStringRequired -->
	<Event code="53">Il y a peut-être un  problème au niveau du code de sécurité. Saisissez-le à nouveau. En cas d'échec de cette tentative, contactez votre administrateur système.</Event> <!-- CapfEnrollmentFailure -->
    <Event code="54">Le certificat de serveur a été rejetée.</Event> <!-- ServerCertificateRejected -->
	<Event code="55">La vidéo pour le téléphone de bureau n'est pas disponible en mode étendu et connecté.</Event> <!--DeskPhoneVideoUnavailableInExtendConnectMode-->
    <Event code="58">Echec de connexion sécurisée (TLS)</Event> <!--TLSFailure-->
    <Event code="59">Erreur de connexion SSL.</Event> <!--SSLConnectError-->
    <Event code="63">Mise à jour requise pour activer Jabber pour les appels Jabber</Event> <!--SparkAPIBreakingChangeError-->
    <!-- Server Health Strings -->
    <Event code="1000">Périphérique :</Event> <!-- DeviceLabelString -->
    <Event code="1001">Ligne :</Event> <!-- LineLabelString -->
  </Service>
</ServiceEventDescriptions>