﻿<?xml version="1.0" encoding="utf-8"?>
<ServiceEventDescriptions>
  <Service id="2100">
    <Event code="1">Neznámý</Event> <!-- Unknown -->
    <Event code="2">Chyba spuštění sady funkcí</Event> <!-- UnknownStartFeatureSetFailure -->
    <Event code="3">Bylo zadáno špatné uživatelské jméno nebo heslo. Otevřete Telefonní služby v okně Možnosti a zadejte správné uživatelské jméno a heslo. Jestliže neznáte své přihlašovací údaje obraťte se na správce systému.</Event> <!-- InvalidCredential -->
    <Event code="4">Nakonfigurovaný server CCMCIP je nesprávný</Event> <!-- InvalidCCMCIPServer -->
    <Event code="5">Nakonfigurovaný server TFTP je nesprávný</Event> <!-- InvalidTFTPServer -->
    <Event code="6">Nakonfigurovaný server CTI je nesprávný</Event> <!-- InvalidCTIServer -->
    <Event code="7">StartConversationFailure</Event> <!-- StartConversationFailure -->
    <Event code="8">ServerConnectionFailure</Event> <!-- ServerConnectionFailure -->
    <Event code="9">Nelze se přihlásit.</Event> <!-- ServerAuthenticationFailure -->
    <Event code="10">InvalidTelephonyDevice</Event> <!-- InvalidTelephonyDevice -->
    <Event code="11">InvalidTelephonyNumber</Event> <!-- InvalidTelephonyNumber -->
    <Event code="12">EndConversationFailure</Event> <!-- EndConversationFailure -->
    <Event code="13">HoldConversationFailure</Event> <!-- HoldConversationFailure -->
    <Event code="14">ResumeConversationFailure</Event> <!-- ResumeConversationFailure -->
    <Event code="15">AcceptConversationFailure</Event> <!-- AcceptConversationFailure -->
    <Event code="16">MuteConversationAudioFailure</Event> <!-- MuteConversationAudioFailure -->
    <Event code="17">UnmuteConversationAudioFailure</Event> <!-- UnmuteConversationAudioFailure -->
    <Event code="18">IdivertConversationFailure</Event> <!-- IdivertConversationFailure -->
    <Event code="19">TransferConversationFailure</Event> <!-- TransferConversationFailure -->
    <Event code="20">MuteConversationVideoFailure</Event> <!-- MuteConversationVideoFailure -->
    <Event code="21">UnmuteConversationVideoFailure</Event> <!-- UnmuteConversationVideoFailure -->
    <Event code="22">SetConversationRemoteWindowFailure</Event> <!-- SetConversationRemoteWindowFailure -->
    <Event code="23">RemoveConversationRemoteWindowFailure</Event> <!-- RemoveConversationRemoteWindowFailure -->
    <Event code="24">SetConversationPreviewWindowFailure</Event> <!-- SetConversationPreviewWindowFailure -->
    <Event code="25">RemoveConversationPreviewWindowFailure</Event> <!-- RemoveConversationPreviewWindowFailure -->
    <Event code="26">StopConversationFeatureFailure</Event> <!-- StopConversationFeatureFailure -->
    <Event code="27">StartDeviceFeatureFailure</Event> <!-- StartDeviceFeatureFailure -->
    <Event code="28">StopDeviceFeatureFailure</Event> <!-- StopDeviceFeatureFailure -->
    <Event code="29">SetAudioRecordDeviceFailure</Event> <!-- SetAudioRecordDeviceFailure -->
    <Event code="30">SetAudioPlayoutDeviceFailure</Event> <!-- SetAudioPlayoutDeviceFailure -->
    <Event code="31">SetAudioRingerDeviceFailure</Event> <!-- SetAudioRingerDeviceFailure -->
    <Event code="32">SetAudioPlayoutAndRingerDeviceFailure</Event> <!-- SetAudioPlayoutAndRingerDeviceFailure -->
    <Event code="33">SetVideoCaptureDeviceFailure</Event> <!-- SetVideoCaptureDeviceFailure -->
    <Event code="34">CompleteTransferFailure</Event> <!-- CompleteTransferFailure -->
    <Event code="35">SelectDeviceFailure</Event> <!-- SelectDeviceFailure -->
    <Event code="36">SetCallForwardToNumberFailure</Event> <!-- SetCallForwardToNumberFailure -->
    <Event code="37">SetCallForwardToVoiceMailFailure</Event> <!-- SetCallForwardToVoiceMailFailure -->
    <Event code="38">Nebylo zadáno uživatelské jméno nebo heslo. Otevřete Telefonní služby v okně Možnosti a zadejte správné uživatelské jméno a heslo. Jestliže neznáte své přihlašovací údaje obraťte se na správce systému.</Event> <!-- NoCredentialsConfigured -->
    <Event code="39">Ujistěte se, že máte počítač připojený k síti. Jestliže máte neustávající potíže s připojením k síti, obraťte se na správce systému.</Event> <!-- NoNetwork -->
    <Event code="40">Chyba připojení. Ujistěte se, že jsou údaje o serveru na kartě Telefonní služby v okně Možnosti správné. V případě potřeby se obraťte na správce systému.</Event> <!-- UnknownConnectionError -->
    <Event code="41">Řešení Medianet není nainstalováno.</Event> <!-- MedianetNotInstalled -->
    <Event code="42">Videohovor ze stolního telefonu není v režimu softwarový telefon k dispozici.</Event> <!-- DeskphoneVideoUnavailableInSoftphoneMode -->
	<Event code="43">Medianet není spuštěn</Event><!-- MedianetNotRunning -->
	<Event code="44">Zaregistrovaný certifikát pro zabezpečení hovorů z počítače nebyl aktivován. Obraťte se na správce systému.</Event><!-- CapfAdminActionRequired -->
	<Event code="45">Probíhá</Event><!-- InProgress -->
    <Event code="46">Nastavení konfigurace telefonování jsou neplatná.</Event> <!-- InValidConfig -->
	<Event code="47">Nezdařilo se</Event> <!-- Failed -->
    <Event code="48">Ověřeno</Event> <!-- Authenticated -->	
	<Event code="49">Zaparkování konverzace se nezdařilo</Event> <!-- ParkConversationFailure -->
    <Event code="50">Nesprávné uživatelské jméno nebo heslo.</Event> <!-- InvalidCredential -->
	<Event code="51">Nebylo zadáno žádné uživatelské jméno nebo heslo.</Event> <!-- NoCredentialsConfigured -->
	<Event code="52">Nezadali jste bezpečnostní ověřovací kód. Přejděte do telefonního režimu v dolní části rozhraní a vyberte možnost „Použít můj počítač pro hovory“.</Event> <!-- CapfAuthenticationStringRequired -->
	<Event code="53">Mohl se vyskytnout problém s kódem zabezpečení. Zadejte jej znovu, a pokud bude pokus neúspěšný, obraťte se na svého správce systému.</Event> <!-- CapfEnrollmentFailure -->
    <Event code="54">Certifikát serveru byl zamítnut.</Event> <!-- ServerCertificateRejected -->
	<Event code="55">Videohovor ze stolního telefonu není v režimu „rozšířit a připojit“ k dispozici.</Event> <!--DeskPhoneVideoUnavailableInExtendConnectMode-->
    <Event code="58">Chyba zabezpečeného připojení (TLS)</Event> <!--TLSFailure-->
    <Event code="59">Chyba připojení SSL.</Event> <!--SSLConnectError-->
    <Event code="63">Hovory mezi aplikacemi Jabber vyžadují aktualizaci</Event> <!--SparkAPIBreakingChangeError-->
    <!-- Server Health Strings -->
    <Event code="1000">Zařízení:</Event> <!-- DeviceLabelString -->
    <Event code="1001">Linka:</Event> <!-- LineLabelString -->
  </Service>
</ServiceEventDescriptions>