﻿<?xml version="1.0" encoding="utf-8"?> 
<ServiceStrings> 
	<Service id="2100">
		<String code="CucmProductName">Cisco Communications Manager 8.x</String>
		<String code="TftpServerKeyName">TFTP-server:</String>
		<String code="CtiServerKeyName">CTI-server:</String>
		<String code="CcmcipServerKeyName">CCMCIP-server:</String>
		<String code="CallsAvailableForPickup">Gesprek(ken) beschikbaar voor opnemen</String>
		<String code="NoCallAvailableForPickup">Geen gesprekken beschikbaar voor opnemen</String>
		<String code="NoBandwidthAvailableForPickup">Geen bandbreedte beschikbaar voor opnemen</String>
		<String code="NoLineAvailableForPickup">Geen lijn beschikbaar voor opnemen</String>
		<String code="InvalidPickupGroup">Ongeldige groep voor opnemen</String>
		<String code="PickupFailed">Opnemen mislukt</String>
		<String code="PickupGroupDeleted">Groep voor opnemen verwijderd</String>	
		<String code="UnknownContact">(Geen naam)</String>
	</Service>
	<Service id="2102">
		<String code="Conference">Vergadering</String>
	</Service> 
</ServiceStrings>