﻿<?xml version="1.0" encoding="utf-8"?>
<ServiceEventDescriptions>
  <Service id="2100">
    <Event code="1">알 수 없음</Event> <!-- Unknown -->
    <Event code="2">기능 세트 시작 실패</Event> <!-- UnknownStartFeatureSetFailure -->
    <Event code="3">잘못된 사용자 이름 또는 암호가 입력되었습니다. 옵션 창의 전화 서비스로 이동하여 올바른 사용자 이름과 암호를 입력하십시오. 로그인 정보를 모르는 경우 시스템 관리자에게 문의하십시오.</Event> <!-- InvalidCredential -->
    <Event code="4">구성된 CCMCIP 서버가 잘못되었습니다.</Event> <!-- InvalidCCMCIPServer -->
    <Event code="5">구성된 TFTP 서버가 잘못되었습니다.</Event> <!-- InvalidTFTPServer -->
    <Event code="6">구성된 CTI 서버가 잘못되었습니다.</Event> <!-- InvalidCTIServer -->
    <Event code="7">StartConversationFailure</Event> <!-- StartConversationFailure -->
    <Event code="8">ServerConnectionFailure</Event> <!-- ServerConnectionFailure -->
    <Event code="9">사인인할 수 없습니다.</Event> <!-- ServerAuthenticationFailure -->
    <Event code="10">InvalidTelephonyDevice</Event> <!-- InvalidTelephonyDevice -->
    <Event code="11">InvalidTelephonyNumber</Event> <!-- InvalidTelephonyNumber -->
    <Event code="12">EndConversationFailure</Event> <!-- EndConversationFailure -->
    <Event code="13">HoldConversationFailure</Event> <!-- HoldConversationFailure -->
    <Event code="14">ResumeConversationFailure</Event> <!-- ResumeConversationFailure -->
    <Event code="15">AcceptConversationFailure</Event> <!-- AcceptConversationFailure -->
    <Event code="16">MuteConversationAudioFailure</Event> <!-- MuteConversationAudioFailure -->
    <Event code="17">UnmuteConversationAudioFailure</Event> <!-- UnmuteConversationAudioFailure -->
    <Event code="18">IdivertConversationFailure</Event> <!-- IdivertConversationFailure -->
    <Event code="19">TransferConversationFailure</Event> <!-- TransferConversationFailure -->
    <Event code="20">MuteConversationVideoFailure</Event> <!-- MuteConversationVideoFailure -->
    <Event code="21">UnmuteConversationVideoFailure</Event> <!-- UnmuteConversationVideoFailure -->
    <Event code="22">SetConversationRemoteWindowFailure</Event> <!-- SetConversationRemoteWindowFailure -->
    <Event code="23">RemoveConversationRemoteWindowFailure</Event> <!-- RemoveConversationRemoteWindowFailure -->
    <Event code="24">SetConversationPreviewWindowFailure</Event> <!-- SetConversationPreviewWindowFailure -->
    <Event code="25">RemoveConversationPreviewWindowFailure</Event> <!-- RemoveConversationPreviewWindowFailure -->
    <Event code="26">StopConversationFeatureFailure</Event> <!-- StopConversationFeatureFailure -->
    <Event code="27">StartDeviceFeatureFailure</Event> <!-- StartDeviceFeatureFailure -->
    <Event code="28">StopDeviceFeatureFailure</Event> <!-- StopDeviceFeatureFailure -->
    <Event code="29">SetAudioRecordDeviceFailure</Event> <!-- SetAudioRecordDeviceFailure -->
    <Event code="30">SetAudioPlayoutDeviceFailure</Event> <!-- SetAudioPlayoutDeviceFailure -->
    <Event code="31">SetAudioRingerDeviceFailure</Event> <!-- SetAudioRingerDeviceFailure -->
    <Event code="32">SetAudioPlayoutAndRingerDeviceFailure</Event> <!-- SetAudioPlayoutAndRingerDeviceFailure -->
    <Event code="33">SetVideoCaptureDeviceFailure</Event> <!-- SetVideoCaptureDeviceFailure -->
    <Event code="34">CompleteTransferFailure</Event> <!-- CompleteTransferFailure -->
    <Event code="35">SelectDeviceFailure</Event> <!-- SelectDeviceFailure -->
    <Event code="36">SetCallForwardToNumberFailure</Event> <!-- SetCallForwardToNumberFailure -->
    <Event code="37">SetCallForwardToVoiceMailFailure</Event> <!-- SetCallForwardToVoiceMailFailure -->
    <Event code="38">사용자 이름 또는 암호가 입력되지 않았습니다. 옵션 창의 전화 서비스로 이동하여 올바른 사용자 이름과 암호를 입력하십시오. 로그인 정보를 모르는 경우 시스템 관리자에게 문의하십시오.</Event> <!-- NoCredentialsConfigured -->
    <Event code="39">컴퓨터가 네트워크에 연결되어 있는지 확인하십시오. 네트워크 연결에 문제가 있을 경우 시스템 관리자에게 문의하십시오.</Event> <!-- NoNetwork -->
    <Event code="40">연결 오류가 발생했습니다. [옵션] 창의 [전화 서비스] 탭에서 서버 정보가 올바른지 확인하십시오. 지원이 필요한 경우 시스템 관리자에게 문의하십시오.</Event> <!-- UnknownConnectionError -->
    <Event code="41">Medianet이 설치되지 않았습니다.</Event> <!-- MedianetNotInstalled -->
    <Event code="42">소프트폰 모드에서는 데스크폰 동영상을 사용할 수 없습니다.</Event> <!-- DeskphoneVideoUnavailableInSoftphoneMode -->
	<Event code="43">MedianetNotRunning</Event><!-- MedianetNotRunning -->
	<Event code="44">보안 컴퓨터 통화에 대한 인증서 등록이 활성화되지 않았습니다. 시스템 관리자에게 문의하십시오.</Event><!-- CapfAdminActionRequired -->
	<Event code="45">진행 중</Event><!-- InProgress -->
    <Event code="46">텔레포니 구성 설정이 잘못되었습니다.</Event> <!-- InValidConfig -->
	<Event code="47">실패</Event> <!-- Failed -->
    <Event code="48">인증됨</Event> <!-- Authenticated -->	
	<Event code="49">ParkConversationFailure</Event> <!-- ParkConversationFailure -->
    <Event code="50">사용자 이름 또는 암호가 잘못되었습니다</Event> <!-- InvalidCredential -->
	<Event code="51">지정된 사용자 이름 또는 암호가 없습니다.</Event> <!-- NoCredentialsConfigured -->
	<Event code="52">보안 인증 코드를 제출하지 않았습니다. 허브 맨 아래에 있는 전화 모드로 이동하고 '통화에 컴퓨터 사용'을 선택하십시오.</Event> <!-- CapfAuthenticationStringRequired -->
	<Event code="53">보안 코드에 문제가 있을 수 있습니다. 다시 입력해 본 다음 문제가 계속되는 경우 시스템 관리자에게 문의하십시오.</Event> <!-- CapfEnrollmentFailure -->
    <Event code="54">서버 인증이 거부되었습니다.</Event> <!-- ServerCertificateRejected -->
	<Event code="55">확장 및 연결 모드에서는 데스크폰 동영상을 사용할 수 없습니다.</Event> <!--DeskPhoneVideoUnavailableInExtendConnectMode-->
    <Event code="58">보안 연결 실패(TLS)</Event> <!--TLSFailure-->
    <Event code="59">SSL 연결 오류입니다.</Event> <!--SSLConnectError-->
    <Event code="63">Jabber 간 통화를 사용하려면 업데이트가 필요합니다.</Event> <!--SparkAPIBreakingChangeError-->
    <!-- Server Health Strings -->
    <Event code="1000">장치:</Event> <!-- DeviceLabelString -->
    <Event code="1001">회선:</Event> <!-- LineLabelString -->
  </Service>
</ServiceEventDescriptions>