﻿<?xml version="1.0" encoding="utf-8"?>
<ServiceEventDescriptions>
  <Service id="2100">
    <Event code="1">Sconosciuto</Event> <!-- Unknown -->
    <Event code="2">Avvio del set di funzioni non riuscito</Event> <!-- UnknownStartFeatureSetFailure -->
    <Event code="3">Nome utente o password non validi. Andare in Servizi telefonici nella finestra delle opzioni e inserire nome utente e password corretti. Se non si conoscessero i propri dati di accesso contattare l'amministratore di sistema.</Event> <!-- InvalidCredential -->
    <Event code="4">Il server CCMCIP configurato non è corretto</Event> <!-- InvalidCCMCIPServer -->
    <Event code="5">Il server TFTP configurato non è corretto</Event> <!-- InvalidTFTPServer -->
    <Event code="6">Il server CTI configurato non è corretto</Event> <!-- InvalidCTIServer -->
    <Event code="7">StartConversationFailure</Event> <!-- StartConversationFailure -->
    <Event code="8">ServerConnectionFailure</Event> <!-- ServerConnectionFailure -->
    <Event code="9">Impossibile effettuare l'accesso.</Event> <!-- ServerAuthenticationFailure -->
    <Event code="10">InvalidTelephonyDevice</Event> <!-- InvalidTelephonyDevice -->
    <Event code="11">InvalidTelephonyNumber</Event> <!-- InvalidTelephonyNumber -->
    <Event code="12">EndConversationFailure</Event> <!-- EndConversationFailure -->
    <Event code="13">HoldConversationFailure</Event> <!-- HoldConversationFailure -->
    <Event code="14">ResumeConversationFailure</Event> <!-- ResumeConversationFailure -->
    <Event code="15">AcceptConversationFailure</Event> <!-- AcceptConversationFailure -->
    <Event code="16">MuteConversationAudioFailure</Event> <!-- MuteConversationAudioFailure -->
    <Event code="17">UnmuteConversationAudioFailure</Event> <!-- UnmuteConversationAudioFailure -->
    <Event code="18">IdivertConversationFailure</Event> <!-- IdivertConversationFailure -->
    <Event code="19">TransferConversationFailure</Event> <!-- TransferConversationFailure -->
    <Event code="20">MuteConversationVideoFailure</Event> <!-- MuteConversationVideoFailure -->
    <Event code="21">UnmuteConversationVideoFailure</Event> <!-- UnmuteConversationVideoFailure -->
    <Event code="22">SetConversationRemoteWindowFailure</Event> <!-- SetConversationRemoteWindowFailure -->
    <Event code="23">RemoveConversationRemoteWindowFailure</Event> <!-- RemoveConversationRemoteWindowFailure -->
    <Event code="24">SetConversationPreviewWindowFailure</Event> <!-- SetConversationPreviewWindowFailure -->
    <Event code="25">RemoveConversationPreviewWindowFailure</Event> <!-- RemoveConversationPreviewWindowFailure -->
    <Event code="26">StopConversationFeatureFailure</Event> <!-- StopConversationFeatureFailure -->
    <Event code="27">StartDeviceFeatureFailure</Event> <!-- StartDeviceFeatureFailure -->
    <Event code="28">StopDeviceFeatureFailure</Event> <!-- StopDeviceFeatureFailure -->
    <Event code="29">SetAudioRecordDeviceFailure</Event> <!-- SetAudioRecordDeviceFailure -->
    <Event code="30">SetAudioPlayoutDeviceFailure</Event> <!-- SetAudioPlayoutDeviceFailure -->
    <Event code="31">SetAudioRingerDeviceFailure</Event> <!-- SetAudioRingerDeviceFailure -->
    <Event code="32">SetAudioPlayoutAndRingerDeviceFailure</Event> <!-- SetAudioPlayoutAndRingerDeviceFailure -->
    <Event code="33">SetVideoCaptureDeviceFailure</Event> <!-- SetVideoCaptureDeviceFailure -->
    <Event code="34">CompleteTransferFailure</Event> <!-- CompleteTransferFailure -->
    <Event code="35">SelectDeviceFailure</Event> <!-- SelectDeviceFailure -->
    <Event code="36">SetCallForwardToNumberFailure</Event> <!-- SetCallForwardToNumberFailure -->
    <Event code="37">SetCallForwardToVoiceMailFailure</Event> <!-- SetCallForwardToVoiceMailFailure -->
    <Event code="38">Nessun nome utente o password forniti. Andare in Servizi telefonici nella finestra delle opzioni e inserire nome utente e password corretti. Se non si conoscessero i propri dati di accesso contattare l'amministratore di sistema.</Event> <!-- NoCredentialsConfigured -->
    <Event code="39">Assicurarsi che il computer sia connesso alla rete. Se si riscontrassero problemi di connessione alla rete contattare l'amministratore di sistema.</Event> <!-- NoNetwork -->
    <Event code="40">Errore di connessione. Verificare che le informazioni sul server nella scheda Servizi telefonici della finestra Opzioni siano esatte. Contattare l'amministratore di sistema per ricevere assistenza.</Event> <!-- UnknownConnectionError -->
    <Event code="41">Medianet non installata.</Event> <!-- MedianetNotInstalled -->
    <Event code="42">Il video del telefono fisso non è disponibile in modalità softphone.</Event> <!-- DeskphoneVideoUnavailableInSoftphoneMode -->
	<Event code="43">Medianet non funziona</Event><!-- MedianetNotRunning -->
	<Event code="44">La registrazione del certificato per la chiamata sicura tramite computer non è stata attivata. Contattare l'amministratore di sistema.</Event><!-- CapfAdminActionRequired -->
	<Event code="45">In corso</Event><!-- InProgress -->
    <Event code="46">Le impostazioni per la configurazione della telefonia non sono valide.</Event> <!-- InValidConfig -->
	<Event code="47">Non riuscito</Event> <!-- Failed -->
    <Event code="48">Autenticato</Event> <!-- Authenticated -->	
	<Event code="49">Errore di parcheggio della conversazione</Event> <!-- ParkConversationFailure -->
    <Event code="50">Il nome utente o la password non sono esatti.</Event> <!-- InvalidCredential -->
	<Event code="51">Nome utente o password non specificati.</Event> <!-- NoCredentialsConfigured -->
	<Event code="52">Non è stato inviato il codice di autenticazione protetto. Andare alla modalità telefono in fondo all'hub e selezionare 'Utilizza computer per le chiamate'.</Event> <!-- CapfAuthenticationStringRequired -->
	<Event code="53">Potrebbe verificarsi un problema con il codice di sicurezza. Immetterlo di nuovo, quindi contattare l'amministratore di sistema se il tentativo non va a buon fine.</Event> <!-- CapfEnrollmentFailure -->
    <Event code="54">Il certificato del server è stato respinto.</Event> <!-- ServerCertificateRejected -->
	<Event code="55">Il video del telefono fisso non è disponibile in modalità estesa o di connessione.</Event> <!--DeskPhoneVideoUnavailableInExtendConnectMode-->
    <Event code="58">Errore connessione sicura (TLS)</Event> <!--TLSFailure-->
    <Event code="59">Errore connessione SSL.</Event> <!--SSLConnectError-->
    <Event code="63">Per abilitare Jabber a eseguire chiamate Jabber è necessario aggiornare</Event> <!--SparkAPIBreakingChangeError-->
    <!-- Server Health Strings -->
    <Event code="1000">Dispositivo:</Event> <!-- DeviceLabelString -->
    <Event code="1001">Linea:</Event> <!-- LineLabelString -->
  </Service>
</ServiceEventDescriptions>