﻿<?xml version="1.0" encoding="utf-8"?> 
<ServiceStrings> 
	<Service id="2100">
		<String code="CucmProductName">Cisco Communications Manager 8.x</String>
		<String code="TftpServerKeyName">Сервер TFTP:</String>
		<String code="CtiServerKeyName">Сервер CTI:</String>
		<String code="CcmcipServerKeyName">Сервер CCMCIP:</String>
		<String code="CallsAvailableForPickup">Вызовы, доступные для перехвата</String>
		<String code="NoCallAvailableForPickup">Нет вызовов для перехвата</String>
		<String code="NoBandwidthAvailableForPickup">Недостаточная полоса пропускания для перехвата</String>
		<String code="NoLineAvailableForPickup">Нет линий для перехвата</String>
		<String code="InvalidPickupGroup">Недопустимая группа перехвата</String>
		<String code="PickupFailed">Не удалось выполнить перехват</String>
		<String code="PickupGroupDeleted">Группа перехвата удалена</String>	
		<String code="UnknownContact">(Без названия)</String>
	</Service>
	<Service id="2102">
		<String code="Conference">Конференция</String>
	</Service> 
</ServiceStrings>