﻿<?xml version="1.0" encoding="utf-8"?> 
<ServiceStrings> 
	<Service id="2100">
		<String code="CucmProductName">מנהל התקשורת של Cisco גרסה 8.x</String>
		<String code="TftpServerKeyName">שרת TFTP‏:</String>
		<String code="CtiServerKeyName">שרת CTI‏:</String>
		<String code="CcmcipServerKeyName">שרת CCMCIP‏:</String>
		<String code="CallsAvailableForPickup">שיחות זמינות לליקוט</String>
		<String code="NoCallAvailableForPickup">אין שיחה זמינה לליקוט</String>
		<String code="NoBandwidthAvailableForPickup">אין רוחב פס זמין לליקוט</String>
		<String code="NoLineAvailableForPickup">אין קו זמין ללקיטה</String>
		<String code="InvalidPickupGroup">קבוצת לקט לא חוקית</String>
		<String code="PickupFailed">הליקוט נכשל</String>
		<String code="PickupGroupDeleted">קבוצת לקט נמחקה</String>	
		<String code="UnknownContact">(ללא שם)</String>
	</Service>
	<Service id="2102">
		<String code="Conference">שיחת ועידה</String>
	</Service> 
</ServiceStrings>