﻿<?xml version="1.0" encoding="utf-8"?> 
<ServiceStrings> 
	<Service id="2100">
		<String code="CucmProductName">Cisco Communications Manager 8.x</String>
		<String code="TftpServerKeyName">Server TFTP:</String>
		<String code="CtiServerKeyName">Server CTI:</String>
		<String code="CcmcipServerKeyName">Server CCMCIP:</String>
		<String code="CallsAvailableForPickup">Apeluri disponibile pentru preluare</String>
		<String code="NoCallAvailableForPickup">Niciun apel disponibil pentru preluare</String>
		<String code="NoBandwidthAvailableForPickup">Nu există bandă disponibilă pentru preluare</String>
		<String code="NoLineAvailableForPickup">Nu există linii disponibile pentru preluare</String>
		<String code="InvalidPickupGroup">Grup de preluare nevalid</String>
		<String code="PickupFailed">Preluare nereuşită</String>
		<String code="PickupGroupDeleted">Grup de preluare şters</String>	
		<String code="UnknownContact">(Niciun nume)</String>
	</Service>
	<Service id="2102">
		<String code="Conference">Conferinţă</String>
	</Service> 
</ServiceStrings>