﻿<?xml version="1.0" encoding="utf-8"?>
<ServiceEventDescriptions>
  <Service id="2100">
    <Event code="1">Onbekend</Event> <!-- Unknown -->
    <Event code="2">Starten van een functieset is mislukt.</Event> <!-- UnknownStartFeatureSetFailure -->
    <Event code="3">Ongeldige gebruiksernaam of wachtwoord ingevoerd. Ga naar Telefoon Services in instellingen en voer de juiste gegevens in.  Als u uw aanmeldingsgegevens niet weet, neem contact op met uw systeem administrator.</Event> <!-- InvalidCredential -->
    <Event code="4">De geconfigureerde CCMCIP-server is onjuist.</Event> <!-- InvalidCCMCIPServer -->
    <Event code="5">De geconfigureerde TFTP-server is onjuist.</Event> <!-- InvalidTFTPServer -->
    <Event code="6">De geconfigureerde CTI-server is onjuist.</Event> <!-- InvalidCTIServer -->
    <Event code="7">StartConversationFailure</Event> <!-- StartConversationFailure -->
    <Event code="8">ServerConnectionFailure</Event> <!-- ServerConnectionFailure -->
    <Event code="9">Kan niet aanmelden.</Event> <!-- ServerAuthenticationFailure -->
    <Event code="10">InvalidTelephonyDevice</Event> <!-- InvalidTelephonyDevice -->
    <Event code="11">InvalidTelephonyNumber</Event> <!-- InvalidTelephonyNumber -->
    <Event code="12">EndConversationFailure</Event> <!-- EndConversationFailure -->
    <Event code="13">HoldConversationFailure</Event> <!-- HoldConversationFailure -->
    <Event code="14">ResumeConversationFailure</Event> <!-- ResumeConversationFailure -->
    <Event code="15">AcceptConversationFailure</Event> <!-- AcceptConversationFailure -->
    <Event code="16">MuteConversationAudioFailure</Event> <!-- MuteConversationAudioFailure -->
    <Event code="17">UnmuteConversationAudioFailure</Event> <!-- UnmuteConversationAudioFailure -->
    <Event code="18">IdivertConversationFailure</Event> <!-- IdivertConversationFailure -->
    <Event code="19">TransferConversationFailure</Event> <!-- TransferConversationFailure -->
    <Event code="20">MuteConversationVideoFailure</Event> <!-- MuteConversationVideoFailure -->
    <Event code="21">UnmuteConversationVideoFailure</Event> <!-- UnmuteConversationVideoFailure -->
    <Event code="22">SetConversationRemoteWindowFailure</Event> <!-- SetConversationRemoteWindowFailure -->
    <Event code="23">RemoveConversationRemoteWindowFailure</Event> <!-- RemoveConversationRemoteWindowFailure -->
    <Event code="24">SetConversationPreviewWindowFailure</Event> <!-- SetConversationPreviewWindowFailure -->
    <Event code="25">RemoveConversationPreviewWindowFailure</Event> <!-- RemoveConversationPreviewWindowFailure -->
    <Event code="26">StopConversationFeatureFailure</Event> <!-- StopConversationFeatureFailure -->
    <Event code="27">StartDeviceFeatureFailure</Event> <!-- StartDeviceFeatureFailure -->
    <Event code="28">StopDeviceFeatureFailure</Event> <!-- StopDeviceFeatureFailure -->
    <Event code="29">SetAudioRecordDeviceFailure</Event> <!-- SetAudioRecordDeviceFailure -->
    <Event code="30">SetAudioPlayoutDeviceFailure</Event> <!-- SetAudioPlayoutDeviceFailure -->
    <Event code="31">SetAudioRingerDeviceFailure</Event> <!-- SetAudioRingerDeviceFailure -->
    <Event code="32">SetAudioPlayoutAndRingerDeviceFailure</Event> <!-- SetAudioPlayoutAndRingerDeviceFailure -->
    <Event code="33">SetVideoCaptureDeviceFailure</Event> <!-- SetVideoCaptureDeviceFailure -->
    <Event code="34">CompleteTransferFailure</Event> <!-- CompleteTransferFailure -->
    <Event code="35">SelectDeviceFailure</Event> <!-- SelectDeviceFailure -->
    <Event code="36">SetCallForwardToNumberFailure</Event> <!-- SetCallForwardToNumberFailure -->
    <Event code="37">SetCallForwardToVoiceMailFailure</Event> <!-- SetCallForwardToVoiceMailFailure -->
    <Event code="38">Geen gebruikersnaam of wachtwoord ingevoerd. Ga naar Telefoon Services in Instellingen en voer de juiste gegevens in. Als u uw gebruikersnaam of wachtwoord niet weet, neem contact op met uw systeem administrator.</Event> <!-- NoCredentialsConfigured -->
    <Event code="39">Uw computer moet verbonden zijn met het netwerk. Als u problemen hebt met het verbinding maken naar het netwerk, neem contact op met uw systeem administrator.</Event> <!-- NoNetwork -->
    <Event code="40">Verbindingsfout. Zorg ervoor dat de servergegevens op het tabblad Telefoonservices in het venster Opties juist zijn. Neem contact op met de beheerder voor hulp.</Event> <!-- UnknownConnectionError -->
    <Event code="41">Medianet is niet geïnstalleerd</Event> <!-- MedianetNotInstalled -->
    <Event code="42">Deskphone video is niet beschikbaar in softphone modus.</Event> <!-- DeskphoneVideoUnavailableInSoftphoneMode -->
	<Event code="43">MedianetNotRunning</Event><!-- MedianetNotRunning -->
	<Event code="44">Inschrijven van het certificaat voor veilig bellen via de computer is nog niet geactiveerd. Neem contact op met de systeembeheerder.</Event><!-- CapfAdminActionRequired -->
	<Event code="45">InProgress</Event><!-- InProgress -->
    <Event code="46">De configuratie-instellingen voor telefonie zijn ongeldig.</Event> <!-- InValidConfig -->
	<Event code="47">Mislukt</Event> <!-- Failed -->
    <Event code="48">Geverifieerd</Event> <!-- Authenticated -->	
	<Event code="49">ParkConversationFailure</Event> <!-- ParkConversationFailure -->
    <Event code="50">Uw gebruikersnaam of wachtwoord is onjuist.</Event> <!-- InvalidCredential -->
	<Event code="51">Er is geen gebruikersnaam of wachtwoord opgegeven.</Event> <!-- NoCredentialsConfigured -->
	<Event code="52">U hebt uw beveiligde verificatiecode niet verstuurd. Ga naar de telefoonmodus onder in de hub en selecteer 'Mijn computer gebruiken voor gesprekken'.</Event> <!-- CapfAuthenticationStringRequired -->
	<Event code="53">Er is mogelijk een probleem met uw beveiligingscode. Voer deze opnieuw in en neem vervolgens contact op met de systeembeheerder als de poging mislukt.</Event> <!-- CapfEnrollmentFailure -->
    <Event code="54">De servercertificaat is afgewezen.</Event> <!-- ServerCertificateRejected -->
	<Event code="55">Bureautelefoonvideo is niet beschikbaar in modus uitbreiden en verbinden.</Event> <!--DeskPhoneVideoUnavailableInExtendConnectMode-->
    <Event code="58">Fout bij veilige verbinding (TLS)</Event> <!--TLSFailure-->
    <Event code="59">Fout bij SSL-verbinding.</Event> <!--SSLConnectError-->
    <Event code="63">Update vereist om Jabber-naar-Jabber-oproepen in te schakelen</Event> <!--SparkAPIBreakingChangeError-->
    <!-- Server Health Strings -->
    <Event code="1000">Toestel:</Event> <!-- DeviceLabelString -->
    <Event code="1001">Lijn:</Event> <!-- LineLabelString -->
  </Service>
</ServiceEventDescriptions>