﻿<?xml version="1.0" encoding="utf-8"?>
<ServiceEventDescriptions>
  <Service id="2100">
    <Event code="1">Neznáme</Event> <!-- Unknown -->
    <Event code="2">Spustenie skupiny funkcií neúspešné</Event> <!-- UnknownStartFeatureSetFailure -->
    <Event code="3">Zadané neplatné meno používateľa alebo heslo. Prejdite do časti Telefónne služby v okne Možnosti a zadajte správne meno používateľa a heslo. Ak nepoznáte svoje prihlasovacie údaje, obráťte sa na správcu systému.</Event> <!-- InvalidCredential -->
    <Event code="4">Nakonfigurovaný server CCMCIP je nesprávny</Event> <!-- InvalidCCMCIPServer -->
    <Event code="5">Nakonfigurovaný server TFTP je nesprávny</Event> <!-- InvalidTFTPServer -->
    <Event code="6">Nakonfigurovaný server CTI je nesprávny</Event> <!-- InvalidCTIServer -->
    <Event code="7">StartConversationFailure</Event> <!-- StartConversationFailure -->
    <Event code="8">ServerConnectionFailure</Event> <!-- ServerConnectionFailure -->
    <Event code="9">Nedá sa prihlásiť.</Event> <!-- ServerAuthenticationFailure -->
    <Event code="10">InvalidTelephonyDevice</Event> <!-- InvalidTelephonyDevice -->
    <Event code="11">InvalidTelephonyNumber</Event> <!-- InvalidTelephonyNumber -->
    <Event code="12">EndConversationFailure</Event> <!-- EndConversationFailure -->
    <Event code="13">HoldConversationFailure</Event> <!-- HoldConversationFailure -->
    <Event code="14">ResumeConversationFailure</Event> <!-- ResumeConversationFailure -->
    <Event code="15">AcceptConversationFailure</Event> <!-- AcceptConversationFailure -->
    <Event code="16">MuteConversationAudioFailure</Event> <!-- MuteConversationAudioFailure -->
    <Event code="17">UnmuteConversationAudioFailure</Event> <!-- UnmuteConversationAudioFailure -->
    <Event code="18">IdivertConversationFailure</Event> <!-- IdivertConversationFailure -->
    <Event code="19">TransferConversationFailure</Event> <!-- TransferConversationFailure -->
    <Event code="20">MuteConversationVideoFailure</Event> <!-- MuteConversationVideoFailure -->
    <Event code="21">UnmuteConversationVideoFailure</Event> <!-- UnmuteConversationVideoFailure -->
    <Event code="22">SetConversationRemoteWindowFailure</Event> <!-- SetConversationRemoteWindowFailure -->
    <Event code="23">RemoveConversationRemoteWindowFailure</Event> <!-- RemoveConversationRemoteWindowFailure -->
    <Event code="24">SetConversationPreviewWindowFailure</Event> <!-- SetConversationPreviewWindowFailure -->
    <Event code="25">RemoveConversationPreviewWindowFailure</Event> <!-- RemoveConversationPreviewWindowFailure -->
    <Event code="26">StopConversationFeatureFailure</Event> <!-- StopConversationFeatureFailure -->
    <Event code="27">StartDeviceFeatureFailure</Event> <!-- StartDeviceFeatureFailure -->
    <Event code="28">StopDeviceFeatureFailure</Event> <!-- StopDeviceFeatureFailure -->
    <Event code="29">SetAudioRecordDeviceFailure</Event> <!-- SetAudioRecordDeviceFailure -->
    <Event code="30">SetAudioPlayoutDeviceFailure</Event> <!-- SetAudioPlayoutDeviceFailure -->
    <Event code="31">SetAudioRingerDeviceFailure</Event> <!-- SetAudioRingerDeviceFailure -->
    <Event code="32">SetAudioPlayoutAndRingerDeviceFailure</Event> <!-- SetAudioPlayoutAndRingerDeviceFailure -->
    <Event code="33">SetVideoCaptureDeviceFailure</Event> <!-- SetVideoCaptureDeviceFailure -->
    <Event code="34">CompleteTransferFailure</Event> <!-- CompleteTransferFailure -->
    <Event code="35">SelectDeviceFailure</Event> <!-- SelectDeviceFailure -->
    <Event code="36">SetCallForwardToNumberFailure</Event> <!-- SetCallForwardToNumberFailure -->
    <Event code="37">SetCallForwardToVoiceMailFailure</Event> <!-- SetCallForwardToVoiceMailFailure -->
    <Event code="38">Nezadané žiadne meno používateľa alebo heslo. Prejdite do časti Telefónne služby v okne Možnosti a zadajte správne meno používateľa a heslo. Ak nepoznáte svoje prihlasovacie údaje, obráťte sa na správcu systému.</Event> <!-- NoCredentialsConfigured -->
    <Event code="39">Skontrolujte, či je počítač pripojený k sieti. Ak máte problémy s pripojením k sieti, obráťte sa na správcu systému.</Event> <!-- NoNetwork -->
    <Event code="40">Chyba pripojenia. Skontrolujte správnosť informácií o serveri na karte Telefónne služby v okne Možnosti. Obráťte sa so žiadosťou o pomoc na správcu systému.</Event> <!-- UnknownConnectionError -->
    <Event code="41">Architektúra Medianet nie je nainštalovaná.</Event> <!-- MedianetNotInstalled -->
    <Event code="42">Video stolového telefónu nie je k dispozícii v režime softvérového telefónu.</Event> <!-- DeskphoneVideoUnavailableInSoftphoneMode -->
	<Event code="43">MedianetNotRunning</Event><!-- MedianetNotRunning -->
	<Event code="44">Registrácia certifikátu na zabezpečené hovory cez počítač nebola aktivovaná. Obráťte sa na správcu systému.</Event><!-- CapfAdminActionRequired -->
	<Event code="45">Prebieha</Event><!-- InProgress -->
    <Event code="46">Nastavenia konfigurácie telefonickej služby sú neplatné.</Event> <!-- InValidConfig -->
	<Event code="47">Neúspešné</Event> <!-- Failed -->
    <Event code="48">Overené</Event> <!-- Authenticated -->	
	<Event code="49">ParkConversationFailure</Event> <!-- ParkConversationFailure -->
    <Event code="50">Nesprávne používateľské meno alebo heslo.</Event> <!-- InvalidCredential -->
	<Event code="51">Nezadané žiadne meno používateľa alebo heslo.</Event> <!-- NoCredentialsConfigured -->
	<Event code="52">Neodoslali ste bezpečnostný overovací kód. Prejdite do režimu telefónu v spodnej časti centra a vyberte položku Používať môj počítač na hovory.</Event> <!-- CapfAuthenticationStringRequired -->
	<Event code="53">Pravdepodobne sa vyskytol problém s bezpečnostným kódom. Zadajte ho znova. Ak tento pokus nebude úspešný, obráťte sa na správcu systému.</Event> <!-- CapfEnrollmentFailure -->
    <Event code="54">Serverové overenie bolo odmietnuté.</Event> <!-- ServerCertificateRejected -->
	<Event code="55">Video stolového telefónu nie je k dispozícii v režime pripojenia pobočkového telefónu.</Event> <!--DeskPhoneVideoUnavailableInExtendConnectMode-->
    <Event code="58">Zlyhanie zabezpečeného pripojenia (TLS)</Event> <!--TLSFailure-->
    <Event code="59">Chyba pripojenia SSL.</Event> <!--SSLConnectError-->
    <Event code="63">Vyžaduje sa aktualizácia na umožnenie hovorov z Jabber na Jabber</Event> <!--SparkAPIBreakingChangeError-->
    <!-- Server Health Strings -->
    <Event code="1000">Zariadenie:</Event> <!-- DeviceLabelString -->
    <Event code="1001">Linka:</Event> <!-- LineLabelString -->
  </Service>
</ServiceEventDescriptions>