﻿<?xml version="1.0" encoding="utf-8"?>
<ServiceEventDescriptions>
  <Service id="1100">
    <Event code="1">Unbekannter Fehler</Event>
    <Event code="2">Die Kontakte können nicht hinzugefügt werden.</Event>
    <Event code="3">Anzeigename des Kontakts kann nicht bearbeitet werden.</Event>
    <Event code="4">Die Kontakte können nicht entfernt werden.</Event>
    <Event code="5">Die Gruppen können nicht hinzugefügt werden.</Event>
    <Event code="6">Die Gruppen können nicht entfernt werden.</Event>
    <Event code="7">Diese Gruppe enthält die maximale Anzahl von %s Kontakten.</Event>
    <Event code="8">Ihre Kontaktliste enthält die maximale Anzahl von Kontakten.</Event>
    <Event code="9">Wenn Sie den Kontakt verschieben, wird die maximale Anzahl von %s Kontakten in einer Gruppe überschritten.</Event>
    <Event code="10">Die Verzeichnisgruppe kann nicht hinzugefügt werden.</Event>
    <Event code="11">Die Verzeichnisgruppe kann nicht entfernt werden.</Event>
    <Event code="12">Die Gruppe kann nicht umbenannt werden.</Event>
	<Event code="13">Verbindungsfehler.</Event>
	<Event code="14">Beim Hochladen Ihres Kontaktfotos ist ein Fehler aufgetreten.</Event>
	<Event code="15">Das Profil kann nicht aktualisiert werden.</Event>
	<Event code="16">Benutzerdefinierte Kontakte können icht geladen werden.</Event>
    <Event code="17">Benutzerdefinierter Kontakt kann nicht erstellt werden.</Event>
    <Event code="18">Benutzerdefinierter Kontakt kann nicht gelöscht werden.</Event>
    <Event code="19">Benutzerdefinierter Kontakt kann nicht verschoben werden.</Event>
	<Event code="20">Benutzerdefinierter Kontakt kann nicht gespeichert werden.</Event>
    <Event code="21">Die Verzeichnisgruppe kann nicht hinzugefügt werden. Limit wurde überschritten.</Event>
	<Event code="22">Die Verzeichnisgruppe kann nicht hinzugefügt werden. Die Gruppe wurde bereits hinzugefügt.</Event>
    <Event code="23">Es sind mehrere Gruppen mit dem Namen vorhanden. Hinzufügen nicht möglich.</Event>
	<Event code="513">Fehler</Event>       <!-- Codes 513 - 517 correspond to Enums declared in DirectoryHealthEnums.h -->
    <Event code="514">Ungültige Anmeldeinformationen</Event>
    <Event code="515">Zeitüberschreitung</Event>
    <Event code="516">Verbindung abgelehnt</Event>
    <Event code="517">Server kann nicht erreicht werden</Event>
	<Event code="518">Die Verbindung mit dem Firmenverzeichnis kann nicht hergestellt werden, da ein Problem mit einer veralteten Protokollversion oder bei der Zertifikatsüberprüfung aufgetreten ist, Wenden Sie sich an den Administrator.</Event>
  </Service>
</ServiceEventDescriptions>