﻿<?xml version="1.0" encoding="utf-8"?>
<ServiceEventDescriptions>
  <Service id="1100">
    <Event code="1">Tuntematon virhe.</Event>
    <Event code="2">Yhteyshenkilöjä ei voi lisätä.</Event>
    <Event code="3">Yhteyshenkilön näyttönimeä ei voi muokata.</Event>
    <Event code="4">Yhteyshenkilöjä ei voi poistaa.</Event>
    <Event code="5">Ryhmiä ei voi lisätä.</Event>
    <Event code="6">Ryhmiä ei voi poistaa.</Event>
    <Event code="7">Tässä ryhmässä on jo enimmäismäärä %s yhteyshenkilöä.</Event>
    <Event code="8">Yhteystietoluettelossa on jo enimmäismäärä yhteyshenkilöitä.</Event>
    <Event code="9">Tämän yhteystiedon siirtäminen aiheuttaa yhteyshenkilöiden enimmäismäärän (%s) ylittymisen ryhmässä.</Event>
    <Event code="10">Hakemistoryhmää ei voi lisätä.</Event>
    <Event code="11">Hakemistoryhmää ei voi poistaa.</Event>
    <Event code="12">Ryhmää ei voi nimetä uudelleen.</Event>
	<Event code="13">Yhteysvirhe.</Event>
	<Event code="14">Yhteystietojesi valokuvaa ladattaessa tapahtui virhe.</Event>
	<Event code="15">Profiilia ei voi päivittää.</Event>
	<Event code="16">Mukautettuja yhteyshenkilöitä ei voi ladata.</Event>
    <Event code="17">Mukautettua yhteyshenkilöä ei voi luoda.</Event>
    <Event code="18">Mukautettua yhteyshenkilöä ei voi poistaa.</Event>
    <Event code="19">Mukautettua yhteyshenkilöä ei voi siirtää.</Event>
	<Event code="20">Mukautettua yhteyshenkilöä ei voi tallentaa.</Event>
    <Event code="21">Hakemistoryhmää ei voi lisätä. Enimmäismäärä on ylitetty.</Event>
	<Event code="22">Hakemistoryhmää ei voi lisätä. Ryhmä on jo lisätty.</Event>
    <Event code="23">Samanniminen ryhmä on jo lisätty. Ryhmää ei voi lisätä</Event>
	<Event code="513">Virhe</Event>       <!-- Codes 513 - 517 correspond to Enums declared in DirectoryHealthEnums.h -->
    <Event code="514">Virheelliset tunnistetiedot</Event>
    <Event code="515">Aikakatkaisu</Event>
    <Event code="516">Yhteys hylätty</Event>
    <Event code="517">Palvelimeen ei voida muodostaa yhteyttä</Event>
	<Event code="518">Yhteyden muodostaminen yrityshakemistoon ei onnistu vanhentuneen protokollaversion tai varmenteen vahvistusongelman takia. Ota yhteyttä järjestelmänvalvojaan.</Event>
  </Service>
</ServiceEventDescriptions>