﻿<?xml version="1.0" encoding="utf-8"?>
<ServiceEventDescriptions>
  <Service id="1100">
    <Event code="1">Unknown error.</Event>
    <Event code="2">Unable to add the contacts.</Event>
    <Event code="3">Unable to edit contact display name.</Event>
    <Event code="4">Unable to remove the contacts.</Event>
    <Event code="5">Unable to add the groups.</Event>
    <Event code="6">Unable to remove the groups.</Event>
    <Event code="7">This group contains the maximum limit of %s contacts.</Event>
    <Event code="8">Your contact list contains the maximum number of contacts.</Event>
    <Event code="9">Moving this contact will exceed the maximum limit of %s contacts in a group.</Event>
    <Event code="10">Unable to add directory group.</Event>
    <Event code="11">Unable to remove directory group.</Event>
    <Event code="12">Unable to rename the group.</Event>
	<Event code="13">Connection error.</Event>
	<Event code="14">An error occurred when uploading your contact photo.</Event>
	<Event code="15">Unable to update profile.</Event>
	<Event code="16">Unable to load custom contact(s).</Event>
    <Event code="17">Unable to create custom contact.</Event>
    <Event code="18">Unable to delete custom contact.</Event>
    <Event code="19">Unable to move custom contact.</Event>
	<Event code="20">Unable to save custom contact.</Event>
    <Event code="21">Unable to add directory group. Limit exceeded error occured.</Event>
	<Event code="22">Unable to add directory group. Group is already added.</Event>
    <Event code="23">There is more than one group with this name. Cannot add at this time</Event>
	<Event code="513">Error</Event>       <!-- Codes 513 - 517 correspond to Enums declared in DirectoryHealthEnums.h -->
    <Event code="514">Invalid Credentials</Event>
    <Event code="515">Timeout</Event>
    <Event code="516">Connection refused</Event>
    <Event code="517">Cannot contact the server</Event>
	<Event code="518">Unable to connect to the corporate directory due to an outdated protocol version or certificate validation issue. Contact your administrator.</Event>
  </Service>
</ServiceEventDescriptions>