﻿<?xml version="1.0" encoding="utf-8"?>
<ServiceEventDescriptions>
  <Service id="1100">
    <Event code="1">알 수 없는 오류입니다.</Event>
    <Event code="2">연락처를 추가할 수 없습니다.</Event>
    <Event code="3">연락처 표시 이름을 편집할 수 없습니다.</Event>
    <Event code="4">연락처를 제거할 수 없습니다.</Event>
    <Event code="5">그룹을 추가할 수 없습니다.</Event>
    <Event code="6">그룹을 제거할 수 없습니다.</Event>
    <Event code="7">이 그룹에 최대 한계인 %s개의 연락처가 포함되어 있습니다.</Event>
    <Event code="8">연락처 목록에 최대 수의 연락처가 포함되어 있습니다.</Event>
    <Event code="9">이 연락처를 이동하면 그룹의 최대 연락처 제한(%s개)을 초과합니다.</Event>
    <Event code="10">디렉터리 그룹을 추가할 수 없습니다.</Event>
    <Event code="11">디렉터리 그룹을 제거할 수 없습니다.</Event>
    <Event code="12">그룹의 이름을 바꿀 수 없습니다.</Event>
	<Event code="13">연결 오류입니다.</Event>
	<Event code="14">연락처 사진을 업로드할 때 오류가 발생했습니다.</Event>
	<Event code="15">프로필을 업데이트할 수 없습니다.</Event>
	<Event code="16">사용자 지정 연락처를 로드할 수 없습니다.</Event>
    <Event code="17">사용자 지정 연락처를 만들 수 없습니다.</Event>
    <Event code="18">사용자 지정 연락처를 삭제할 수 없습니다.</Event>
    <Event code="19">사용자 지정 연락처를 이동할 수 없습니다.</Event>
	<Event code="20">사용자 지정 연락처를 저장할 수 없습니다.</Event>
    <Event code="21">디렉터리 그룹을 추가할 수 없습니다. 한도 초과 오류가 발생했습니다.</Event>
	<Event code="22">디렉터리 그룹을 추가할 수 없습니다. 그룹이 이미 추가되었습니다.</Event>
    <Event code="23">이 이름을 가진 그룹이 하나 이상입니다. 지금은 추가할 수 없습니다.</Event>
	<Event code="513">오류</Event>       <!-- Codes 513 - 517 correspond to Enums declared in DirectoryHealthEnums.h -->
    <Event code="514">잘못된 자격 증명</Event>
    <Event code="515">시간 초과</Event>
    <Event code="516">연결이 거부됨</Event>
    <Event code="517">서버에 연결할 수 없음</Event>
	<Event code="518">유효 기한이 지난 프로토콜 버전 또는 인증서 확인 문제로 인해 회사 디렉토리에 연결할 수 없습니다. 관리자에게 문의하십시오.</Event>
  </Service>
</ServiceEventDescriptions>