﻿<?xml version="1.0" encoding="utf-8"?>
<ServiceEventDescriptions>
  <Service id="1100">
    <Event code="1">Error desconegut.</Event>
    <Event code="2">No es poden afegir els contactes.</Event>
    <Event code="3">No es pot editar el nom de visualització del contacte.</Event>
    <Event code="4">Error en eliminar els contactes.</Event>
    <Event code="5">No s'han pogut afegir els grups.</Event>
    <Event code="6">No s'han pogut eliminar els grups.</Event>
    <Event code="7">Aquest grup conté el límit màxim de contactes (%s).</Event>
    <Event code="8">La llista de contactes conté el nombre màxim de contactes.</Event>
    <Event code="9">Si moveu aquest contacte, se superarà el límit màxim de contactes %s d'un grup.</Event>
    <Event code="10">No s'ha pogut afegir el grup del directori.</Event>
    <Event code="11">No s'ha pogut eliminar el grup del directori.</Event>
    <Event code="12">No s'ha pogut canviar el nom del grup.</Event>
	<Event code="13">Error de connexió.</Event>
	<Event code="14">S'ha produït un error en carregar la foto de contacte.</Event>
	<Event code="15">No s'ha pogut actualitzar el perfil.</Event>
	<Event code="16">No s'han pogut carregar contactes personalitzats.</Event>
    <Event code="17">No s'ha pogut crear el contacte personalitzat.</Event>
    <Event code="18">No s'ha pogut eliminar el contacte personalitzat.</Event>
    <Event code="19">No s'ha pogut moure el contacte personalitzat.</Event>
	<Event code="20">No s'ha pogut desar el contacte personalitzat.</Event>
    <Event code="21">No es pot afegir el grup del directori perquè s'ha excedit el límit.</Event>
	<Event code="22">No es pot afegir el grup del directori perquè el grup ja s'ha creat.</Event>
    <Event code="23">Hi ha més d'un grup amb aquest nom. No es pot afegir en aquest moment</Event>
	<Event code="513">Error</Event>       <!-- Codes 513 - 517 correspond to Enums declared in DirectoryHealthEnums.h -->
    <Event code="514">Credencials no vàlides</Event>
    <Event code="515">Temps d'espera</Event>
    <Event code="516">Connexió rebutjada</Event>
    <Event code="517">No es pot contactar amb el servidor</Event>
	<Event code="518">No es pot connectar al directori corporatiu a causa d'una versió de protocol obsoleta o un problema de validació de certificat. Posi's en contacte amb l'administrador.</Event>
  </Service>
</ServiceEventDescriptions>