﻿<?xml version="1.0" encoding="utf-8"?>
<ServiceEventDescriptions>
  <Service id="1100">
    <Event code="1">Άγνωστο σφάλμα.</Event>
    <Event code="2">Δεν είναι δυνατή η προσθήκη των επαφών.</Event>
    <Event code="3">Δεν είναι δυνατή η επεξεργασία του εμφανιζόμενου ονόματος της επαφής.</Event>
    <Event code="4">Δεν ήταν δυνατή η κατάργηση των επαφών.</Event>
    <Event code="5">Δεν ήταν δυνατή η προσθήκη των ομάδων.</Event>
    <Event code="6">Δεν ήταν δυνατή η κατάργηση των ομάδων.</Event>
    <Event code="7">Αυτή η ομάδα περιέχει το μέγιστο όριο των %s επαφών.</Event>
    <Event code="8">Η λίστα επαφών σας περιέχει το μέγιστο αριθμό επαφών.</Event>
    <Event code="9">Με τη μετακίνηση αυτής της επαφής θα γίνει υπέρβαση του μέγιστου ορίου των %s επαφών ανά ομάδα.</Event>
    <Event code="10">Δεν είναι δυνατή η προσθήκη της ομάδας καταλόγου.</Event>
    <Event code="11">Δεν είναι δυνατή η κατάργηση της ομάδας καταλόγου.</Event>
    <Event code="12">Δεν ήταν δυνατή η μετονομασία της ομάδας.</Event>
	<Event code="13">Σφάλμα σύνδεσης.</Event>
	<Event code="14">Παρουσιάστηκε σφάλμα κατά την αποστολή της φωτογραφίας επαφής σας.</Event>
	<Event code="15">Δεν ήταν δυνατή η ενημέρωση του προφίλ.</Event>
	<Event code="16">Δεν ήταν δυνατή η φόρτωση προσαρμοσμένων επαφών.</Event>
    <Event code="17">Δεν είναι δυνατή η δημιουργία προσαρμοσμένης επαφής.</Event>
    <Event code="18">Δεν ήταν δυνατή η διαγραφή προσαρμοσμένης επαφής.</Event>
    <Event code="19">Δεν ήταν δυνατή η μετακίνηση προσαρμοσμένης επαφής.</Event>
	<Event code="20">Δεν ήταν δυνατή η αποθήκευση προσαρμοσμένης επαφής.</Event>
    <Event code="21">Δεν είναι δυνατή η προσθήκη της ομάδας καταλόγου. Παρουσιάστηκε σφάλμα υπέρβασης ορίου.</Event>
	<Event code="22">Δεν είναι δυνατή η προσθήκη της ομάδας καταλόγου. Η ομάδα έχει ήδη προστεθεί.</Event>
    <Event code="23">Υπάρχουν περισσότερες από μία ομάδες με αυτό το όνομα. Δεν είναι δυνατή η προσθήκη αυτήν τη στιγμή</Event>
	<Event code="513">Σφάλμα</Event>       <!-- Codes 513 - 517 correspond to Enums declared in DirectoryHealthEnums.h -->
    <Event code="514">Μη έγκυρα διαπιστευτήρια</Event>
    <Event code="515">Λήξη χρονικού ορίου</Event>
    <Event code="516">Απόρριψη σύνδεσης</Event>
    <Event code="517">Δεν είναι δυνατή η σύνδεση στον διακομιστή</Event>
	<Event code="518">Δεν είναι δυνατή η σύνδεση στον εταιρικό κατάλογο εξαιτίας μιας παλαιάς έκδοσης πρωτοκόλλου ή ενός προβλήματος επικύρωσης πιστοποιητικού. Επικοινωνήστε με το διαχειριστή σας.</Event>
  </Service>
</ServiceEventDescriptions>