<?xml version="1.0" encoding="utf-8"?>
<library>
  <name>ContactService</name>
  <path>ContactService</path>
  <services>
    <service name="CSFUnified::ContactService" id="1100"/>
  </services>
  <featuresets>
    <featureset name="CSFUnified::ContactResolutionFeatureSet" id="1100"/>
    <featureset name="CSFUnified::ContactListFeatureSet" id="1111"/>
    <featureset name="CSFUnified::ContactSearchFeatureSet" id="1112"/>
    <featureset name="CSFUnified::ContactFeatureSet" id="1113"/>
    <featureset name="CSFUnified::ContactsTelemetryFeatureSet" id="1114"/>
  </featuresets>
</library>
