﻿<?xml version="1.0" encoding="utf-8"?>
<ServiceEventDescriptions>
  <Service id="1100">
    <Event code="1">Onbekende fout.</Event>
    <Event code="2">Kan de contactpersonen niet toevoegen.</Event>
    <Event code="3">Kan de weergavenaam van contactpersoon niet bewerken.</Event>
    <Event code="4">Kan de contactpersonen niet verwijderen.</Event>
    <Event code="5">Kan de groepen niet toevoegen.</Event>
    <Event code="6">Kan de groepen niet verwijderen.</Event>
    <Event code="7">Deze groep bevat het maximum aantal van %s contactpersonen.</Event>
    <Event code="8">Uw lijst met contactpersonen bevat het maximum aantal contactpersonen.</Event>
    <Event code="9">Wanneer deze contactpersoon wordt verplaatst, wordt de limiet van %s contacten in een groep overschreden.</Event>
    <Event code="10">Kan telefoonlijstgroep niet toevoegen.</Event>
    <Event code="11">Kan telefoonlijstgroep niet verwijderen.</Event>
    <Event code="12">Kan de naam van de groep niet wijzigen.</Event>
	<Event code="13">Verbindingsfout.</Event>
	<Event code="14">Er is een fout opgetreden bij het uploaden van uw contactfoto.</Event>
	<Event code="15">Kan profiel niet bijwerken.</Event>
	<Event code="16">Kan persoonlijke contactpersonen niet laden.</Event>
    <Event code="17">Kan persoonlijk contact niet maken.</Event>
    <Event code="18">Kan persoonlijk contact niet verwijderen.</Event>
    <Event code="19">Kan persoonlijk contact niet verplaatsen.</Event>
	<Event code="20">Kan persoonlijk contact niet opslaan.</Event>
    <Event code="21">Kan telefoonlijstgroep niet toevoegen. Fout opgetreden met overschreden limiet.</Event>
	<Event code="22">Kan telefoonlijstgroep niet toevoegen. Groep is al toegevoegd.</Event>
    <Event code="23">Er is meer dan één groep met deze naam. Kan momenteel niet toevoegen.</Event>
	<Event code="513">Fout</Event>       <!-- Codes 513 - 517 correspond to Enums declared in DirectoryHealthEnums.h -->
    <Event code="514">Ongeldige referenties</Event>
    <Event code="515">Time-out</Event>
    <Event code="516">Verbinding gewijgerd</Event>
    <Event code="517">Kan geen contact maken met de server</Event>
	<Event code="518">Kan geen verbinding maken met de telefoonlijst van het bedrijf door een verouderde protocolversie of een probleem met de validering van het certificaat. Neem contact op met uw beheerder.</Event>
  </Service>
</ServiceEventDescriptions>