﻿<?xml version="1.0" encoding="utf-8"?>
<ServiceEventDescriptions>
  <Service id="1100">
    <Event code="1">不明錯誤。</Event>
    <Event code="2">無法新增聯絡人。</Event>
    <Event code="3">無法編輯聯絡人顯示名稱。</Event>
    <Event code="4">無法移除聯絡人。</Event>
    <Event code="5">無法新增群組。</Event>
    <Event code="6">無法移除群組。</Event>
    <Event code="7">此群組包含 %s 個聯絡人，已達上限。</Event>
    <Event code="8">您的聯絡人清單包含的聯絡人數已達上限。</Event>
    <Event code="9">移動此聯絡人將會超過群組中最多 %s 個聯絡人的限制。</Event>
    <Event code="10">無法新增目錄群組。</Event>
    <Event code="11">無法移除目錄群組。</Event>
    <Event code="12">無法重新命名群組。</Event>
	<Event code="13">連線錯誤。</Event>
	<Event code="14">上載聯絡人相片時發生錯誤。</Event>
	<Event code="15">無法更新設定檔。</Event>
	<Event code="16">無法載入自訂聯絡人。</Event>
    <Event code="17">無法建立自訂聯絡人。</Event>
    <Event code="18">無法刪除自訂聯絡人。</Event>
    <Event code="19">無法移動自訂聯絡人。</Event>
	<Event code="20">無法儲存自訂聯絡人。</Event>
    <Event code="21">無法新增目錄群組。發生超過限制錯誤。</Event>
	<Event code="22">無法新增目錄群組。群組已經新增。</Event>
    <Event code="23">有多個群組使用此名稱。此次無法新增</Event>
	<Event code="513">錯誤</Event>       <!-- Codes 513 - 517 correspond to Enums declared in DirectoryHealthEnums.h -->
    <Event code="514">無效的憑證</Event>
    <Event code="515">逾時</Event>
    <Event code="516">連線已被拒絕</Event>
    <Event code="517">無法聯絡伺服器</Event>
	<Event code="518">由於協定版本已過期或證書驗證問題無法連線至公司目錄。請聯絡管理員。</Event>
  </Service>
</ServiceEventDescriptions>