﻿<?xml version="1.0" encoding="utf-8"?>
<ServiceEventDescriptions>
  <Service id="1100">
    <Event code="1">Неизвестная ошибка.</Event>
    <Event code="2">Невозможно добавить контакты.</Event>
    <Event code="3">Невозможно изменить отображаемое имя контакта.</Event>
    <Event code="4">Невозможно удалить контакты.</Event>
    <Event code="5">Невозможно добавить группы.</Event>
    <Event code="6">Невозможно удалить группы.</Event>
    <Event code="7">В группе содержится максимальное число контактов - %s.</Event>
    <Event code="8">В списке контактов содержится максимальное число контактов.</Event>
    <Event code="9">Если переместить этот контакт, то будет превышено макс. число контактов в группе - %s.</Event>
    <Event code="10">Не удалось добавить группу каталога.</Event>
    <Event code="11">Не удалось удалить группу каталога.</Event>
    <Event code="12">Невозможно переименовать группу.</Event>
	<Event code="13">Ошибка подключения.</Event>
	<Event code="14">Ошибка загрузки на сервер фотографии контакта.</Event>
	<Event code="15">Невозможно обновить профиль.</Event>
	<Event code="16">Невозможно загрузить настраиваемый контакт.</Event>
    <Event code="17">Невозможно добавить настраиваемый контакт.</Event>
    <Event code="18">Невозможно удалить настраиваемый контакт.</Event>
    <Event code="19">Невозможно переместить настраиваемый контакт.</Event>
	<Event code="20">Невозможно сохранить настраиваемый контакт.</Event>
    <Event code="21">Не удалось добавить группу каталога. Достигнуто максимальное количество элементов.</Event>
	<Event code="22">Не удалось добавить группу каталога. Группа уже существует.</Event>
    <Event code="23">Существует несколько групп с этим именем. Сейчас добавление невозможно</Event>
	<Event code="513">Ошибка</Event>       <!-- Codes 513 - 517 correspond to Enums declared in DirectoryHealthEnums.h -->
    <Event code="514">Неверные учетные данные</Event>
    <Event code="515">Таймаут</Event>
    <Event code="516">Отказано в подключении</Event>
    <Event code="517">Не удалось связаться с сервером</Event>
	<Event code="518">Не удается подключиться к корпоративному каталогу из-за устаревшей версии протокола или ошибки при проверке сертификата. Обратитесь к администратору.</Event>
  </Service>
</ServiceEventDescriptions>