﻿<?xml version="1.0" encoding="utf-8"?>
<ServiceEventDescriptions>
  <Service id="1100">
    <Event code="1">Ukendt fejl.</Event>
    <Event code="2">Kontakter kan ikke tilføjes.</Event>
    <Event code="3">Kontaktens viste navn kan ikke redigeres.</Event>
    <Event code="4">Kontakterne kan ikke fjernes.</Event>
    <Event code="5">Grupperne kan ikke tilføjes.</Event>
    <Event code="6">Grupperne kan ikke fjernes.</Event>
    <Event code="7">Gruppen indeholder det maksimale antal på %s kontakter.</Event>
    <Event code="8">Din kontaktliste indeholder det maksimale antal kontakter.</Event>
    <Event code="9">Flytning af kontakt vil gøre, at den maks. grænse på %s kontakter per gruppe overskrides.</Event>
    <Event code="10">Telefonbogsgruppen kan ikke tilføjes.</Event>
    <Event code="11">Telefonbogsgruppen kan ikke fjernes.</Event>
    <Event code="12">Gruppen kan ikke omdøbes.</Event>
	<Event code="13">Forbindelsesfejl.</Event>
	<Event code="14">En fejl opstod under overførslen af dit kontaktfoto.</Event>
	<Event code="15">Profilen kunne ikke opdateres.</Event>
	<Event code="16">Tilpassede kontakter kunne ikke indlæses.</Event>
    <Event code="17">Tilpasset kontakt kunne ikke oprettes.</Event>
    <Event code="18">Tilpasset kontakt kunne ikke slettes.</Event>
    <Event code="19">Tilpasset kontakt kunne ikke flyttes.</Event>
	<Event code="20">Tilpasset kontakt kunne ikke gemmes.</Event>
    <Event code="21">Telefonbogsgruppen kan ikke tilføjes. Der opstod en fejl pga. overskredet grænse.</Event>
	<Event code="22">Telefonbogsgruppen kan ikke tilføjes. Gruppen er allerede tilføjet.</Event>
    <Event code="23">Der er mere end en gruppe med dette navn. Kan ikke tilføje på nuværende tidspunkt</Event>
	<Event code="513">Fejl</Event>       <!-- Codes 513 - 517 correspond to Enums declared in DirectoryHealthEnums.h -->
    <Event code="514">Ugyldige akkreditiver</Event>
    <Event code="515">Timeout</Event>
    <Event code="516">Forbindelse nægtet</Event>
    <Event code="517">Kan ikke kontakte serveren</Event>
	<Event code="518">Der kan ikke oprettes forbindelse til firmakontakter på grund af en forældret protokolversion eller problemer med validering af certifikatet. Kontakt administratoren.</Event>
  </Service>
</ServiceEventDescriptions>