﻿<?xml version="1.0" encoding="utf-8"?>
<ServiceEventDescriptions>
  <Service id="1100">
    <Event code="1">Neznana napaka.</Event>
    <Event code="2">Stikov ni mogoče dodati.</Event>
    <Event code="3">Prikaznega imena stika ni mogoče urejati.</Event>
    <Event code="4">Stikov ni mogoče odstraniti.</Event>
    <Event code="5">Skupin ni mogoče dodati.</Event>
    <Event code="6">Skupin ni mogoče odstraniti.</Event>
    <Event code="7">Ta skupina vsebuje največ %s stikov.</Event>
    <Event code="8">Vaš seznam stikov vsebuje največje število stikov.</Event>
    <Event code="9">Če premaknete ta stik, boste presegli omejitev %s stikov v skupini.</Event>
    <Event code="10">Skupine imenika ni mogoče dodati.</Event>
    <Event code="11">Skupine imenika ni mogoče odstraniti.</Event>
    <Event code="12">Skupine ni mogoče preimenovati.</Event>
	<Event code="13">Napaka povezave.</Event>
	<Event code="14">Pri nalaganju fotografije stika je prišlo do napake.</Event>
	<Event code="15">Profila ni mogoče posodobiti.</Event>
	<Event code="16">Stikov po meri ni mogoče naložiti.</Event>
    <Event code="17">Stika po meri ni mogoče ustvariti.</Event>
    <Event code="18">Stika po meri ni mogoče izbrisati.</Event>
    <Event code="19">Stika po meri ni mogoče premakniti.</Event>
	<Event code="20">Stika po meri ni mogoče shraniti.</Event>
    <Event code="21">Skupine imenika ni bilo mogoče dodati. Prišlo je do napake preseganja omejitve.</Event>
	<Event code="22">Skupine imenika ni bilo mogoče dodati. Skupina je že dodana.</Event>
    <Event code="23">Obstaja več kot ena skupina s tem imenom. Trenutno ni mogoče dodati</Event>
	<Event code="513">Napaka</Event>       <!-- Codes 513 - 517 correspond to Enums declared in DirectoryHealthEnums.h -->
    <Event code="514">Neveljavne poverilnice</Event>
    <Event code="515">Časovna prekinitev</Event>
    <Event code="516">Povezava zavrnjena</Event>
    <Event code="517">Ne morem stopiti v stik s strežnikom</Event>
	<Event code="518">Ni mogoče vzpostaviti povezave z imenikom podjetja zaradi zastarele različice protokola ali težave s preverjanjem veljavnosti certifikata. Obrnite se na skrbnika.</Event>
  </Service>
</ServiceEventDescriptions>