﻿<?xml version="1.0" encoding="utf-8"?>
<ServiceEventDescriptions>
  <Service id="1100">
    <Event code="1">שגיאה לא ידועה.</Event>
    <Event code="2">לא ניתן להוסיף את אנשי הקשר.</Event>
    <Event code="3">לא ניתן לערוך את שם התצוגה של איש הקשר.</Event>
    <Event code="4">לא ניתן להסיר את אנשי הקשר.</Event>
    <Event code="5">לא ניתן להוסיף את הקבוצות.</Event>
    <Event code="6">לא ניתן להסיר את הקבוצות.</Event>
    <Event code="7">קבוצה זו מכילה את המגבלה המרבית של %s אנשי קשר.</Event>
    <Event code="8">רשימת אנשי הקשר שלך מכילה את המספר המרבי של אנשי קשר.</Event>
    <Event code="9">העברת איש קשר זה תגרום לחריגה מהמגבלה המרבית של %s אנשי קשר בקבוצה.</Event>
    <Event code="10">לא ניתן להוסיף קבוצת מדריכים.</Event>
    <Event code="11">לא ניתן להסיר את קבוצת המדריכים.</Event>
    <Event code="12">לא ניתן לשנות את שם הקבוצה.</Event>
	<Event code="13">שגיאת חיבור.</Event>
	<Event code="14">אירעה שגיאה בעת העלאת תמונת איש הקשר שלך.</Event>
	<Event code="15">לא ניתן לעדכן פרופיל.</Event>
	<Event code="16">לא ניתן לטעון אנשי קשר מותאמים אישית.</Event>
    <Event code="17">לא ניתן ליצור איש קשר מותאם אישית.</Event>
    <Event code="18">לא ניתן למחוק איש קשר מותאם אישית.</Event>
    <Event code="19">לא ניתן להעביר איש קשר מותאם אישית.</Event>
	<Event code="20">לא ניתן לשמור איש קשר מותאם אישית.</Event>
    <Event code="21">לא ניתן להוסיף קבוצת מדריכים. אירעה שגיאה של חריגה מהמגבלה.</Event>
	<Event code="22">לא ניתן להוסיף קבוצת מדריכים. הקבוצה כבר נוספה.</Event>
    <Event code="23">קיימת יותר מקבוצה אחת בשם זה. לא ניתן להוסיף אותה כעת</Event>
	<Event code="513">שגיאה</Event>       <!-- Codes 513 - 517 correspond to Enums declared in DirectoryHealthEnums.h -->
    <Event code="514">אישורים לא חוקיים</Event>
    <Event code="515">זמן קצוב</Event>
    <Event code="516">החיבור נדחה</Event>
    <Event code="517">לא ניתן ליצור קשר עם השרת</Event>
	<Event code="518">לא ניתן להתחבר למדריך הטלפון הארגוני עקב גרסת פרוטוקול לא עדכנית או בעיה באימות האישור. פנה למנהל המערכת.</Event>
  </Service>
</ServiceEventDescriptions>