﻿<?xml version="1.0" encoding="utf-8"?>
<ServiceEventDescriptions>
  <Service id="1100">
    <Event code="1">ข้อผิดพลาดที่ไม่รู้จัก</Event>
    <Event code="2">ไม่สามารถเพิ่มผู้ติดต่อ</Event>
    <Event code="3">ไม่สามารถแก้ไขชื่อที่แสดงของผู้ติดต่อ</Event>
    <Event code="4">ไม่สามารถลบผู้ติดต่อ</Event>
    <Event code="5">ไม่สามารถเพิ่มกลุ่ม</Event>
    <Event code="6">ไม่สามารถลบกลุ่ม</Event>
    <Event code="7">กลุ่มนี้จำกัดจำนวนผู้ติดต่อสูงสุด %s ราย</Event>
    <Event code="8">รายชื่อผู้ติดต่อของคุณจำกัดจำนวนผู้ติดต่อสูงสุด</Event>
    <Event code="9">การย้ายผู้ติดต่อนี้จะเกินจำนวนผู้ติดต่อสูงสุด %s รายในกลุ่ม</Event>
    <Event code="10">ไม่สามารถเพิ่มกลุ่มไดเรกทอรี</Event>
    <Event code="11">ไม่สามารถลบกลุ่มไดเรกทอรี</Event>
    <Event code="12">ไม่สามารถเปลี่ยนชื่อกลุ่ม</Event>
	<Event code="13">ข้อผิดพลาดในการเชื่อมต่อ</Event>
	<Event code="14">เกิดข้อผิดพลาดขณะอัพโหลดภาพผู้ติดต่อของคุณ</Event>
	<Event code="15">ไม่สามารถปรับปรุงโปรไฟล์</Event>
	<Event code="16">ไม่สามารถโหลดผู้ติดต่อที่กำหนดเอง</Event>
    <Event code="17">ไม่สามารถสร้างผู้ติดต่อที่กำหนดเอง</Event>
    <Event code="18">ไม่สามารถลบผู้ติดต่อที่กำหนดเอง</Event>
    <Event code="19">ไม่สามารถย้ายผู้ติดต่อที่กำหนดเอง</Event>
	<Event code="20">ไม่สามารถบันทึกผู้ติดต่อที่กำหนดเอง</Event>
    <Event code="21">ไม่สามารถเพิ่มกลุ่มไดเรกทอรี เกิดข้อผิดพลาดเกี่ยวกับการเกินขีดจำกัด</Event>
	<Event code="22">ไม่สามารถเพิ่มกลุ่มไดเรกทอรี เพิ่มกลุ่มแล้ว</Event>
    <Event code="23">มีกลุ่มที่ใช้ชื่อนี้มากกว่าหนึ่งกลุ่ม ไม่สามารถเพิ่มได้ในขณะนี้</Event>
	<Event code="513">ข้อผิดพลาด</Event>       <!-- Codes 513 - 517 correspond to Enums declared in DirectoryHealthEnums.h -->
    <Event code="514">ข้อมูลประจำตัวไม่ถูกต้อง</Event>
    <Event code="515">หมดเวลา</Event>
    <Event code="516">ปฏิเสธการเชื่อมต่อ</Event>
    <Event code="517">ไม่สามารถติดต่อกับเซิร์ฟเวอร์</Event>
	<Event code="518">ไม่สามารถเชื่อมต่อไดเรกทอรีของบริษัทเนื่องจากเวอร์ชันของโปรโตคอลเก่าเกินไปหรือปัญหาการตรวจสอบใบรับรอง โปรดติดต่อผู้ดูแลระบบของคุณ</Event>
  </Service>
</ServiceEventDescriptions>