﻿<?xml version="1.0" encoding="utf-8"?>
<ServiceEventDescriptions>
  <Service id="1100">
    <Event code="1">不明なエラーです。</Event>
    <Event code="2">連絡先を追加できません。</Event>
    <Event code="3">連絡先の表示名を編集できません。</Event>
    <Event code="4">連絡先を削除できません。</Event>
    <Event code="5">グループを追加できません。</Event>
    <Event code="6">グループを削除できません。</Event>
    <Event code="7">このグループには、最大件数である%s件の連絡先があります。</Event>
    <Event code="8">連絡先リストには、最大件数の連絡先があります。</Event>
    <Event code="9">この連絡先を移動すると、グループあたり%s件の連絡先の最大件数を超過します。</Event>
    <Event code="10">ディレクトリグループを追加できません。</Event>
    <Event code="11">ディレクトリグループを削除できません。</Event>
    <Event code="12">グループ名を変更できません。</Event>
	<Event code="13">接続エラーです。</Event>
	<Event code="14">連絡先の写真のアップロード中にエラーが発生しました。</Event>
	<Event code="15">プロフィールを更新できません。</Event>
	<Event code="16">カスタム連絡先をロードできません。</Event>
    <Event code="17">カスタム連絡先を作成できません。</Event>
    <Event code="18">カスタム連絡先を削除できません。</Event>
    <Event code="19">カスタム連絡先を移動できません。</Event>
	<Event code="20">カスタム連絡先を保存できません。</Event>
    <Event code="21">ディレクトリグループを追加できません。制限超過エラーが発生しました。</Event>
	<Event code="22">ディレクトリグループを追加できません。グループは既に追加されています。</Event>
    <Event code="23">１つ以上のグループがこの名前を使っています。追加できません。</Event>
	<Event code="513">エラー</Event>       <!-- Codes 513 - 517 correspond to Enums declared in DirectoryHealthEnums.h -->
    <Event code="514">無効な認証情報</Event>
    <Event code="515">タイムアウト</Event>
    <Event code="516">接続が拒否されました</Event>
    <Event code="517">サーバに接続できません</Event>
	<Event code="518">プロトコルのバージョンが古い、もしくは証明書に問題があるため、社内ディレクトリに接続できません。管理者にお問い合わせください。</Event>
  </Service>
</ServiceEventDescriptions>