﻿<?xml version="1.0" encoding="utf-8"?>
<ServiceEventDescriptions>
  <Service id="1100">
    <Event code="1">Nieznany błąd.</Event>
    <Event code="2">Nie można dodać kontaktów.</Event>
    <Event code="3">Nie można edytować wyświetlanej nazwy kontaktu.</Event>
    <Event code="4">Nie można usunąć kontaktów.</Event>
    <Event code="5">Nie można dodać grup.</Event>
    <Event code="6">Nie można usunąć grup.</Event>
    <Event code="7">Ta grupa zawiera maksymalną liczbę kontaktów: %s.</Event>
    <Event code="8">Lista kontaktów zawiera maksymalną liczbę kontaktów.</Event>
    <Event code="9">Przeniesienie tego kontaktu spowoduje przekroczenie limitu %s kontaktów w grupie.</Event>
    <Event code="10">Nie można dodać grupy katalogu.</Event>
    <Event code="11">Nie można usunąć grupy katalogu.</Event>
    <Event code="12">Nie można zmienić nazwy grupy.</Event>
	<Event code="13">Błąd połączenia.</Event>
	<Event code="14">Wystąpił błąd podczas przesyłania zdjęcia kontaktu.</Event>
	<Event code="15">Nie można zaktualizować profilu.</Event>
	<Event code="16">Nie można załadować niestandardowych kontaktów.</Event>
    <Event code="17">Nie można utworzyć niestandardowego kontaktu.</Event>
    <Event code="18">Nie można usunąć niestandardowego kontaktu.</Event>
    <Event code="19">Nie można przenieść niestandardowego kontaktu.</Event>
	<Event code="20">Nie można zapisać niestandardowego kontaktu.</Event>
    <Event code="21">Nie można dodać grupy katalogu. Wystąpił błąd związany z przekroczeniem limitu.</Event>
	<Event code="22">Nie można dodać grupy katalogu. Grupa została już dodana.</Event>
    <Event code="23">Istnieje więcej niż jedna grupa o tej nazwie. Obecnie nie można dodać.</Event>
	<Event code="513">Błąd</Event>       <!-- Codes 513 - 517 correspond to Enums declared in DirectoryHealthEnums.h -->
    <Event code="514">Błędne uwierzytelnienia</Event>
    <Event code="515">Sesja wygasła</Event>
    <Event code="516">Odmowa połączenia</Event>
    <Event code="517">Nie można skontaktować się z serwerem</Event>
	<Event code="518">Nie można połączyć z katalogiem firm z powodu przestarzałej wersji protokołu lub problemów z uwierzytelnieniem certyfikatu. Skontaktuj się z administratorem.</Event>
  </Service>
</ServiceEventDescriptions>