﻿<?xml version="1.0" encoding="utf-8"?>
<ServiceEventDescriptions>
  <Service id="1100">
    <Event code="1">Erreur inconnue.</Event>
    <Event code="2">Impossible d'ajouter les contacts.</Event>
    <Event code="3">Impossible de modifier le nom d'affichage du contact.</Event>
    <Event code="4">Impossible de supprimer les contacts.</Event>
    <Event code="5">Impossible d'ajouter les groupes.</Event>
    <Event code="6">Impossible de supprimer les groupes.</Event>
    <Event code="7">Ce groupe contient le maximum autorisé de %s contacts.</Event>
    <Event code="8">Votre liste de contacts contient le maximum autorisé de contacts.</Event>
    <Event code="9">Si ce contact est déplacé, le maximum de %s contacts autorisés dans un groupe sera atteint.</Event>
    <Event code="10">Impossible d'ajouter le groupe de répertoire.</Event>
    <Event code="11">Impossible de supprimer le groupe de répertoire.</Event>
    <Event code="12">Impossible de renommer le groupe.</Event>
	<Event code="13">Erreur de connexion.</Event>
	<Event code="14">Une erreur est survenue lors du téléchargement de la photo de votre contact.</Event>
	<Event code="15">Impossible de mettre à jour le profil.</Event>
	<Event code="16">Impossible de charger le(s) contact(s) personnalisé(s).</Event>
    <Event code="17">Impossible de créer un contact personnalisé.</Event>
    <Event code="18">Impossible de supprimer un contact personnalisé.</Event>
    <Event code="19">Impossible de déplacer un contact personnalisé.</Event>
	<Event code="20">Impossible d'enregistrer un contact personnalisé.</Event>
    <Event code="21">Impossible d'ajouter le groupe de répertoire. Une erreur de dépassement de limite s'est produite.</Event>
	<Event code="22">Impossible d'ajouter le groupe de répertoire. Le groupe a déjà été ajouté.</Event>
    <Event code="23">Plusieurs groupes portent ce nom. Ajout impossible pour l'instant</Event>
	<Event code="513">Erreur</Event>       <!-- Codes 513 - 517 correspond to Enums declared in DirectoryHealthEnums.h -->
    <Event code="514">Informations de connexion incorrectes</Event>
    <Event code="515">Temporisation</Event>
    <Event code="516">Connexion refusée</Event>
    <Event code="517">Impossible de contacter le serveur</Event>
	<Event code="518">Impossible d'établir la connexion au répertoire d'entreprise à cause d'une version de protocole caduque ou d'un problème de validation de certificat. Contactez votre administrateur.</Event>
  </Service>
</ServiceEventDescriptions>