﻿<?xml version="1.0" encoding="utf-8"?>
<ServiceEventDescriptions>
  <Service id="1100">
    <Event code="1">Ismeretlen hiba.</Event>
    <Event code="2">Nem lehet hozzáadni a partnereket.</Event>
    <Event code="3">Nem lehet szerkeszteni a partner megjelenített nevét.</Event>
    <Event code="4">Nem lehet eltávolítani a partnereket.</Event>
    <Event code="5">Nem lehet hozzáadni a csoportokat.</Event>
    <Event code="6">Nem lehet eltávolítani a csoportokat.</Event>
    <Event code="7">Ez a csoport már tartalmazza a maximális %s partnert.</Event>
    <Event code="8">Partnerlistája már a maximális számú partnert tartalmazza.</Event>
    <Event code="9">A kontakt áthelyezésével túllépi az egy csoportban lévő kontaktok max. számát (%s).</Event>
    <Event code="10">Nem lehet hozzáadni a címtári csoportot.</Event>
    <Event code="11">Nem lehet eltávolítani a címtári csoportot.</Event>
    <Event code="12">Nem lehet átnevezni a csoportot.</Event>
	<Event code="13">Kapcsolódási hiba.</Event>
	<Event code="14">Hiba történt a névjegyhez tartozó fénykép feltöltése közben.</Event>
	<Event code="15">Nem lehet frissíteni a profilt.</Event>
	<Event code="16">Nem lehet betölteni az egyéni névjegy(ek)et.</Event>
    <Event code="17">Nem lehet létrehozni az egyéni névjegyet.</Event>
    <Event code="18">Nem lehet törölni az egyéni névjegyet.</Event>
    <Event code="19">Nem lehet áthelyezni az egyéni névjegyet.</Event>
	<Event code="20">Nem lehet menteni az egyéni névjegyet.</Event>
    <Event code="21">Nem lehet hozzáadni a címtári csoportot. Elérte a korlátot.</Event>
	<Event code="22">Nem lehet hozzáadni a címtári csoportot. Már van ilyen csoport.</Event>
    <Event code="23">Egynél több ilyen nevű csoport van. Jelenleg nem lehet hozzáadni</Event>
	<Event code="513">Hiba</Event>       <!-- Codes 513 - 517 correspond to Enums declared in DirectoryHealthEnums.h -->
    <Event code="514">Érvénytelen hitelesítő adatok</Event>
    <Event code="515">Időtúllépés</Event>
    <Event code="516">Kapcsolódás elutasítva</Event>
    <Event code="517">Nem sikerült kapcsolódni a kiszolgálóhoz.</Event>
	<Event code="518">Nem lehet kapcsolatot létesíteni a vállalati címtárral egy elévült protokollverzió vagy a tanúsítvány ellenőrzésével kapcsolatos probléma miatt. Forduljon a rendszergazdához.</Event>
  </Service>
</ServiceEventDescriptions>