﻿<?xml version="1.0" encoding="utf-8"?>
<ServiceEventDescriptions>
  <Service id="1100">
    <Event code="1">Nepoznata greška.</Event>
    <Event code="2">Ne mogu se dodati kontakti.</Event>
    <Event code="3">Ime za prikaz kontakta ne može se uređivati.</Event>
    <Event code="4">Ne mogu se uklanjati kontakti.</Event>
    <Event code="5">Ne mogu se dodavati grupe.</Event>
    <Event code="6">Ne mogu se uklanjati grupe.</Event>
    <Event code="7">Ova grupa sadrži ograničenje od maksimalno %s kontakata.</Event>
    <Event code="8">Vaš popis kontakata sadrži maksimalni broj kontakata.</Event>
    <Event code="9">Premještanjem ovog kontakta premašit će se maksimalno ograničenje od %s kontakata u grupi.</Event>
    <Event code="10">Ne može se dodati direktorij grupe.</Event>
    <Event code="11">Ne može se ukloniti direktorij grupe.</Event>
    <Event code="12">Ne može se preimenovati grupa.</Event>
	<Event code="13">Pogreška veze.</Event>
	<Event code="14">Došlo je do pogreške tijekom prijenosa fotografije kontakta.</Event>
	<Event code="15">Nije moguće ažuriranje profila.</Event>
	<Event code="16">Ne mogu se učitati prilagođeni kontakti.</Event>
    <Event code="17">Ne može se izraditi prilagođeni kontakt.</Event>
    <Event code="18">Ne može se izbrisati prilagođeni kontakt.</Event>
    <Event code="19">Ne može se premjestiti prilagođeni kontakt.</Event>
	<Event code="20">Ne može se spremiti prilagođeni kontakt.</Event>
    <Event code="21">Ne može se dodati direktorij grupe. Pojavila se greška zbog prekoračenja ograničenja.</Event>
	<Event code="22">Ne može se dodati direktorij grupe. Grupa je već dodana.</Event>
    <Event code="23">Postoji više od jedne grupe s tim nazivom. Trenutno se ne može dodati</Event>
	<Event code="513">Pogreška</Event>       <!-- Codes 513 - 517 correspond to Enums declared in DirectoryHealthEnums.h -->
    <Event code="514">Neispravne vjerodajnice</Event>
    <Event code="515">Istek vremena</Event>
    <Event code="516">Veza odbijena</Event>
    <Event code="517">Nije moguće kontaktirati poslužitelj</Event>
	<Event code="518">Povezivanje na imenik tvrtke nije moguće zbog zastarjele verzije protokola ili problema s valjanošću certifikata. Obratite se administratoru.</Event>
  </Service>
</ServiceEventDescriptions>