﻿<?xml version="1.0" encoding="utf-8"?>
<ServiceEventDescriptions>
  <Service id="1100">
    <Event code="1">Ukjent feil.</Event>
    <Event code="2">Kan ikke legge til egendefinert kontakt</Event>
    <Event code="3">Kan ikke redigere visningsnavn for kontakt</Event>
    <Event code="4">Kan ikke fjerne kontaktene.</Event>
    <Event code="5">Kan ikke legge til gruppene.</Event>
    <Event code="6">Kan ikke fjerne gruppene.</Event>
    <Event code="7">Denne gruppen inneholder maksgrensen på %s kontakter.</Event>
    <Event code="8">Kontaktlisten inneholder maksgrensen på kontakter.</Event>
    <Event code="9">Hvis du flytter denne kontakten, overskrides maksgrensen på %s kontakter i en gruppe.</Event>
    <Event code="10">Kan ikke legge til kataloggruppen.</Event>
    <Event code="11">Kan ikke fjerne kataloggruppen.</Event>
    <Event code="12">Kan ikke endre navn på gruppen.</Event>
	<Event code="13">Tilkoblingsfeil.</Event>
	<Event code="14">Det oppstod en feil ved opplasting av kontaktbildet.</Event>
	<Event code="15">Kan ikke oppdatere profil.</Event>
	<Event code="16">Kan ikke laste inn egendefinert(-e) kontakt(-er).</Event>
    <Event code="17">Kan ikke opprette egendefinert kontakt.</Event>
    <Event code="18">Kan ikke slette egendefinert kontakt.</Event>
    <Event code="19">Kan ikke flytte egendefinert kontakt.</Event>
	<Event code="20">Kan ikke lagre egendefinert kontakt.</Event>
    <Event code="21">Kan ikke legge til kataloggruppen. Grensen er overskredet.</Event>
	<Event code="22">Kan ikke legge til kataloggruppen. Gruppen er allerede lagt til.</Event>
    <Event code="23">Det finnes mer enn en gruppe med dette navnet. Kan ikke legge til ved dette tidspunktet</Event>
	<Event code="513">Feil</Event>       <!-- Codes 513 - 517 correspond to Enums declared in DirectoryHealthEnums.h -->
    <Event code="514">Ugyldig legitimasjon</Event>
    <Event code="515">Tidsavbrudd</Event>
    <Event code="516">Tilkobling avvist</Event>
    <Event code="517">Kan ikke kontakte serveren</Event>
	<Event code="518">Kan ikke koble til bedriftskatalogen på grunn av en utdatert protokoll eller et sertifikatvalideringsproblem. Kontakt administratoren.</Event>
  </Service>
</ServiceEventDescriptions>