﻿<?xml version="1.0" encoding="utf-8"?>
<ServiceEventDescriptions>
  <Service id="1100">
    <Event code="1">Erro desconhecido.</Event>
    <Event code="2">Não é possível adicionar os contactos.</Event>
    <Event code="3">Não é possível editar o nome a apresentar do contacto.</Event>
    <Event code="4">Não é possível remover os contactos.</Event>
    <Event code="5">Não é possível adicionar os grupos.</Event>
    <Event code="6">Não é possível remover os grupos.</Event>
    <Event code="7">Este grupo contém o limite máximo de %s contactos.</Event>
    <Event code="8">A sua lista de contactos contém o número máximo de contactos.</Event>
    <Event code="9">Ao mover este contacto, irá exceder o limite máximo de %s contactos num grupo.</Event>
    <Event code="10">Não é possível adicionar ao grupo do directório.</Event>
    <Event code="11">Não é possível remover o grupo do directório.</Event>
    <Event code="12">Não é possível mudar o nome do grupo.</Event>
	<Event code="13">Erro de ligação.</Event>
	<Event code="14">Ocorreu um erro ao carregar a sua fotografia de contacto.</Event>
	<Event code="15">Não é possível actualizar o perfil.</Event>
	<Event code="16">Não é possível carregar contacto(s) personalizado(s).</Event>
    <Event code="17">Não é possível criar o contacto personalizado.</Event>
    <Event code="18">Não é possível eliminar o contacto personalizado.</Event>
    <Event code="19">Não é possível mover o contacto personalizado.</Event>
	<Event code="20">Não é possível guardar o contacto personalizado.</Event>
    <Event code="21">Não é possível adicionar ao grupo do directório. Ocorreu um erro de limite excedido.</Event>
	<Event code="22">Não é possível adicionar o grupo do directório. O grupo já está adicionado.</Event>
    <Event code="23">Existe mais do que um grupo com este nome. Não é possível adicionar neste momento</Event>
	<Event code="513">Erro</Event>       <!-- Codes 513 - 517 correspond to Enums declared in DirectoryHealthEnums.h -->
    <Event code="514">Credenciais não válidas</Event>
    <Event code="515">Tempo esgotado</Event>
    <Event code="516">Ligação recusada</Event>
    <Event code="517">Não é possível estabelecer ligação ao servidor</Event>
	<Event code="518">Não é possível ligar ao directório empresarial devido a uma versão de protocolo desactualizada ou a um problema de validação de certificado. Contacte o administrador.</Event>
  </Service>
</ServiceEventDescriptions>