﻿<?xml version="1.0" encoding="utf-8"?>
<ServiceEventDescriptions>
  <Service id="1100">
    <Event code="1">Okänt fel.</Event>
    <Event code="2">Det gick inte att lägga till kontakterna.</Event>
    <Event code="3">Det gick inte att redigera kontaktens visningsnamn.</Event>
    <Event code="4">Det gick inte att ta bort kontakterna.</Event>
    <Event code="5">Det gick inte att lägga till grupperna.</Event>
    <Event code="6">Det gick inte att ta bort grupperna.</Event>
    <Event code="7">Den här gruppen innehåller den maximala gränsen på %s kontakter.</Event>
    <Event code="8">Din kontaktlista innehåller det maximala antalet på kontakter.</Event>
    <Event code="9">Om du flyttar den här kontakten överskrids den högsta gränsen på %s kontakter i en grupp.</Event>
    <Event code="10">Det gick inte att lägga till kataloggrupp.</Event>
    <Event code="11">Det gick inte att ta bort kataloggrupp.</Event>
    <Event code="12">Det gick inte att byta namn på gruppen.</Event>
	<Event code="13">Anslutningsfel.</Event>
	<Event code="14">Det uppstod ett fel när kontaktfotot överfördes.</Event>
	<Event code="15">Det gick inte att uppdatera profilen.</Event>
	<Event code="16">Det gick inte att ladda anpassad(e) kontakt(er).</Event>
    <Event code="17">Det gick inte att skapa anpassad kontakt.</Event>
    <Event code="18">Det gick inte att radera anpassad kontakt.</Event>
    <Event code="19">Det gick inte att flytta anpassad kontakt.</Event>
	<Event code="20">Det gick inte att spara anpassad kontakt.</Event>
    <Event code="21">Det gick inte att lägga till kataloggrupp. Fel i och med överskriden gräns har uppstått.</Event>
	<Event code="22">Det gick inte att lägga till kataloggrupp. Gruppen har redan lagts till.</Event>
    <Event code="23">Det finns mer än en grupp med detta namn. Den går inte att lägga till just nu</Event>
	<Event code="513">Fel</Event>       <!-- Codes 513 - 517 correspond to Enums declared in DirectoryHealthEnums.h -->
    <Event code="514">Ogiltiga inloggningsuppgifter</Event>
    <Event code="515">Timeout</Event>
    <Event code="516">Anslutning nekades</Event>
    <Event code="517">Det går inte att kontakta servern</Event>
	<Event code="518">Det gick inte att ansluta till företagskatalogen på grund av en gammal protokollversion eller problem med certifikatsvalidering. Kontakta din administratör.</Event>
  </Service>
</ServiceEventDescriptions>