﻿<?xml version="1.0" encoding="utf-8"?>
<ServiceEventDescriptions>
  <Service id="1100">
    <Event code="1">Bilinmeyen hata</Event>
    <Event code="2">Özel kişiler eklenemiyor.</Event>
    <Event code="3">Kişi görünen adı düzenlenemiyor.</Event>
    <Event code="4">Kişiler kaldırılamıyor.</Event>
    <Event code="5">Gruplar eklenemiyor.</Event>
    <Event code="6">Gruplar kaldırılamıyor.</Event>
    <Event code="7">Bu grupta maksimum %s kişi olabilir.</Event>
    <Event code="8">Kişi listeniz maksimum kişi sayısına ulaştı.</Event>
    <Event code="9">Bu kişinin taşınması bir gruptaki maksimum %s kişi sınırını aşar.</Event>
    <Event code="10">Dizin grubu eklenemiyor.</Event>
    <Event code="11">Dizin grubu kaldırılamıyor.</Event>
    <Event code="12">Grup yeniden adlandırılamıyor.</Event>
	<Event code="13">Bağlantı hatası.</Event>
	<Event code="14">Kişi fotoğrafınız karşıya yüklenirken bir hata oluştu.</Event>
	<Event code="15">Profiliniz güncellenemiyor.</Event>
	<Event code="16">Özel kişiler yüklenemiyor.</Event>
    <Event code="17">Özel kişi oluşturulamıyor.</Event>
    <Event code="18">Özel kişi silinemiyor.</Event>
    <Event code="19">Özel kişi kaldırılamıyor.</Event>
	<Event code="20">Özel kişi kaydedilemiyor.</Event>
    <Event code="21">Dizin grubu eklenemiyor. Sınırın aşılması hatası meydana geldi.</Event>
	<Event code="22">Dizin grubu eklenemiyor. Grup zaten eklendi.</Event>
    <Event code="23">Bu ada sahip birden fazla grup var. Şu anda eklenemiyor</Event>
	<Event code="513">Hata</Event>       <!-- Codes 513 - 517 correspond to Enums declared in DirectoryHealthEnums.h -->
    <Event code="514">Geçersiz Kimlik Bilgileri</Event>
    <Event code="515">Zaman aşımı</Event>
    <Event code="516">Bağlantı reddedildi</Event>
    <Event code="517">Sunucuya bağlanılamıyor</Event>
	<Event code="518">Güncelliğini yitirmiş bir protokol sürümü veya sertifika doğrulama sorunu nedeniyle şirket dizinine bağlanılamıyor. Yöneticinizle görüşün.</Event>
  </Service>
</ServiceEventDescriptions>