﻿<?xml version="1.0" encoding="utf-8"?>
<ServiceEventDescriptions>
  <Service id="1100">
    <Event code="1">خطأ غير معروف.</Event>
    <Event code="2">تعذرت إضافة جهات الاتصال.</Event>
    <Event code="3">تعذر تحرير اسم عرض جهة الاتصال.</Event>
    <Event code="4">تعذرت إزالة جهات الاتصال.</Event>
    <Event code="5">تعذرت إضافة المجموعات.</Event>
    <Event code="6">تعذرت إزالة المجموعات.</Event>
    <Event code="7">تحتوي هذه المجموعة على الحد الأقصى لعدد جهات الاتصال وهو %s.</Event>
    <Event code="8">تحتوي قائمة جهات الاتصال لديك على الحد الأقصى لعدد جهات الاتصال.</Event>
    <Event code="9">سيؤدي نقل جهة الاتصال هذه إلى تجاوز الحد الأقصى من جهات الاتصال في مجموعة وهو %s.</Event>
    <Event code="10">تعذرت إضافة مجموعة دليل.</Event>
    <Event code="11">تعذرت إزالة مجموعة دليل.</Event>
    <Event code="12">تعذرت إعادة تسمية المجموعة.</Event>
	<Event code="13">خطأ في الاتصال.</Event>
	<Event code="14">حدث خطأ عند تحميل صورة جهة الاتصال.</Event>
	<Event code="15">تعذر تحديث ملف تعريف جهة الاتصال.</Event>
	<Event code="16">تعذر تحميل جهات اتصال مخصصة.</Event>
    <Event code="17">تعذر إنشاء جهة اتصال مخصصة.</Event>
    <Event code="18">تعذر حذف جهة اتصال مخصصة.</Event>
    <Event code="19">تعذر نقل جهة اتصال مخصصة.</Event>
	<Event code="20">تعذر حفظ جهة اتصال مخصصة.</Event>
    <Event code="21">تعذرت إضافة مجموعة دليل. حدث خطأ بتجاوز الحد.</Event>
	<Event code="22">تعذرت إضافة مجموعة دليل. المجموعة مضافة بالفعل.</Event>
    <Event code="23">يوجد أكثر من مجموعة تحمل هذا الاسم. لذا فلا يمكن الإضافة هذه المرة</Event>
	<Event code="513">خطأ</Event>       <!-- Codes 513 - 517 correspond to Enums declared in DirectoryHealthEnums.h -->
    <Event code="514">بيانات اعتماد غير صالحة</Event>
    <Event code="515">المهلة</Event>
    <Event code="516">تم رفض الاتصال</Event>
    <Event code="517">لا يمكن الاتصال بالخادم</Event>
	<Event code="518">تعذر الاتصال بدليل الشركة لأن إصدار البروتوكول قديم أو توجد مشكلات في التحقق من صحة الشهادة. اتصل بالمسؤول لديك.</Event>
  </Service>
</ServiceEventDescriptions>