﻿<?xml version="1.0" encoding="utf-8"?>
<ServiceEventDescriptions>
  <Service id="1100">
    <Event code="1">Nepoznata greška</Event>
    <Event code="2">Nije moguće dodati kontakte.</Event>
    <Event code="3">Nije moguće urediti ime za prikaz.</Event>
    <Event code="4">Nije moguće ukloniti kontakte.</Event>
    <Event code="5">Nije moguće dodati grupe.</Event>
    <Event code="6">Nije moguće ukloniti grupe.</Event>
    <Event code="7">Ova grupa sadrži maksimalni broj kontakata (%s).</Event>
    <Event code="8">Lista kontakata sadrži maksimalni broj kontakata.</Event>
    <Event code="9">Premeštanje ovog kontakta će premašiti maksimalno ograničenje od %s kontakata u grupi.</Event>
    <Event code="10">Nije moguće dodati grupu direktorijuma.</Event>
    <Event code="11">Nije moguće ukloniti grupu direktorijuma.</Event>
    <Event code="12">Nije moguće preimenovati grupu.</Event>
	<Event code="13">Greška u vezi.</Event>
	<Event code="14">Došlo je do greške prilikom otpremanja fotografije kontakta.</Event>
	<Event code="15">Nije moguće ažurirati profil.</Event>
	<Event code="16">Nije moguće učitati prilagođene kontakte.</Event>
    <Event code="17">Nije moguće kreirati prilagođeni kontakt</Event>
    <Event code="18">Nije moguće izbrisati prilagođeni kontakt.</Event>
    <Event code="19">Nije moguće premestiti prilagođeni kontakt.</Event>
	<Event code="20">Nije moguće sačuvati prilagođeni kontakt.</Event>
    <Event code="21">Nije moguće dodati grupu direktorijuma. Nastala je greška zbor prekoračenja ograničenja.</Event>
	<Event code="22">Nije moguće dodati grupu direktorijuma. Grupa je već dodata.</Event>
    <Event code="23">Postoji više od jedne grupe sa ovim imenom. Dodavanje nije moguće u ovom trenutku</Event>
	<Event code="513">Greška</Event>       <!-- Codes 513 - 517 correspond to Enums declared in DirectoryHealthEnums.h -->
    <Event code="514">Nevažeći akreditivi</Event>
    <Event code="515">Prekoračeno vremensko ograničenje</Event>
    <Event code="516">Veza je odbijena</Event>
    <Event code="517">Nije moguće kontaktirati server</Event>
	<Event code="518">Nije moguće povezivanje sa korporativnim direktorijumom zbog zastarele verzije protokola ili problema sa proverom certifikata. Obratite se administratoru.</Event>
  </Service>
</ServiceEventDescriptions>