﻿<?xml version="1.0" encoding="utf-8"?>
<ServiceEventDescriptions>
  <Service id="1100">
    <Event code="1">Eroare necunoscută.</Event>
    <Event code="2">Imposibil de adăugat contacte.</Event>
    <Event code="3">Imposibil de editat numele afişat al contactului.</Event>
    <Event code="4">Nu se pot elimina contactele.</Event>
    <Event code="5">Nu se pot adăuga grupurile.</Event>
    <Event code="6">Nu se pot elimina grupurile.</Event>
    <Event code="7">Acest grup conţine numărul maxim de %s contacte.</Event>
    <Event code="8">Lista de contacte conţine numărul maxim de contacte.</Event>
    <Event code="9">Prin mutarea acestui contact se va depăşi limita maximă de %s contacte într-un grup.</Event>
    <Event code="10">Imposibil de adăugat grupul de directoare.</Event>
    <Event code="11">Imposibil de eliminat grupul de directoare.</Event>
    <Event code="12">Nu se poate redenumi grupul.</Event>
	<Event code="13">Eroare de conexiune.</Event>
	<Event code="14">A apărut o eroare la încărcarea fotografiei contactului.</Event>
	<Event code="15">Nu se poate actualiza profilul.</Event>
	<Event code="16">Nu se pot încărca contactele personalizate.</Event>
    <Event code="17">Nu se poate crea contactul personalizat.</Event>
    <Event code="18">Nu se poate şterge contactul personalizat.</Event>
    <Event code="19">Nu se poate muta contactul personalizat.</Event>
	<Event code="20">Nu se poate salva contactul personalizat.</Event>
    <Event code="21">Imposibil de adăugat grupul de directoare. A apărut o eroare de depăşire a limitei.</Event>
	<Event code="22">Imposibil de adăugat grupul de directoare. Grupul este deja adăugat.</Event>
    <Event code="23">Există mai multe grupuri cu acest nume. Nu se poate adăuga în acest moment</Event>
	<Event code="513">Eroare</Event>       <!-- Codes 513 - 517 correspond to Enums declared in DirectoryHealthEnums.h -->
    <Event code="514">Acreditări nevalide</Event>
    <Event code="515">Timp expirat</Event>
    <Event code="516">Conexiune refuzată</Event>
    <Event code="517">Nu se poate contacta serverul</Event>
	<Event code="518">Conexiunea la directorul corporativ nu se poate realiza din cauza unei versiuni de protocol învechite sau a unei probleme cu validarea certificatului. Contactaţi administratorul.</Event>
  </Service>
</ServiceEventDescriptions>