﻿<?xml version="1.0" encoding="utf-8"?>
<ServiceEventDescriptions>
  <Service id="1100">
    <Event code="1">未知错误。</Event>
    <Event code="2">无法添加联系人。</Event>
    <Event code="3">无法编辑联系人显示名称。</Event>
    <Event code="4">无法删除联系人。</Event>
    <Event code="5">无法添加组。</Event>
    <Event code="6">无法删除组。</Event>
    <Event code="7">此组包含 %s 个联系人，已达上限。</Event>
    <Event code="8">您的联系人列表包含的联系人数已达上限。</Event>
    <Event code="9">移动此联系人将会超过组中最多允许 %s 个联系人的限制。</Event>
    <Event code="10">无法添加目录组。</Event>
    <Event code="11">无法删除目录组。</Event>
    <Event code="12">无法重命名组。</Event>
	<Event code="13">连接错误。</Event>
	<Event code="14">上传您的联系人相片时出错。</Event>
	<Event code="15">无法更新配置文件。</Event>
	<Event code="16">无法加载自定义联系人。</Event>
    <Event code="17">无法创建自定义联系人。</Event>
    <Event code="18">无法删除自定义联系人。</Event>
    <Event code="19">无法移动自定义联系人。</Event>
	<Event code="20">无法保存自定义联系人。</Event>
    <Event code="21">无法添加目录组。出现超出限制错误。</Event>
	<Event code="22">无法添加目录组。已添加组。</Event>
    <Event code="23">存在多个使用此名称的组。此次无法添加</Event>
	<Event code="513">错误</Event>       <!-- Codes 513 - 517 correspond to Enums declared in DirectoryHealthEnums.h -->
    <Event code="514">无效凭证</Event>
    <Event code="515">超时</Event>
    <Event code="516">连接被拒绝</Event>
    <Event code="517">无法联系服务器</Event>
	<Event code="518">由于协议版本已过时或证书验证问题，无法连接到公司目录。请联系管理员。</Event>
  </Service>
</ServiceEventDescriptions>