﻿<?xml version="1.0" encoding="utf-8"?>
<ServiceEventDescriptions>
  <Service id="1100">
    <Event code="1">Erro desconhecido.</Event>
    <Event code="2">Não é possível adicionar os contatos.</Event>
    <Event code="3">Não é possível editar o nome para exibição do contato.</Event>
    <Event code="4">Não foi possível remover os contatos.</Event>
    <Event code="5">Não é possível adicionar os grupos.</Event>
    <Event code="6">Não foi possível remover os grupos.</Event>
    <Event code="7">Este grupo contém o limite máximo de %s contatos.</Event>
    <Event code="8">Sua lista de contatos contém o número máximo de contatos.</Event>
    <Event code="9">Mover este contato excederá o limite máximo de %s contatos em um grupo.</Event>
    <Event code="10">Não é possível adicionar o grupo de diretório.</Event>
    <Event code="11">Não é possível remover o grupo de diretório.</Event>
    <Event code="12">Não foi possível renomear o grupo.</Event>
	<Event code="13">Erro de conexão.</Event>
	<Event code="14">Um erro ocorreu ao fazer o upload da foto do seu contato.</Event>
	<Event code="15">Não é possível atualizar o perfil.</Event>
	<Event code="16">Não foi possível carregar contato(s) personalizado(s).</Event>
    <Event code="17">Não é possível criar contato personalizado.</Event>
    <Event code="18">Não é possível excluir contato personalizado.</Event>
    <Event code="19">Não é possível mover contato personalizado.</Event>
	<Event code="20">Não é possível salvar contato personalizado.</Event>
    <Event code="21">Não é possível adicionar grupo diretório. Ocorreu um erro de limite excedido.</Event>
	<Event code="22">Não é possível adicionar grupo de diretório. O grupo já está adicionado.</Event>
    <Event code="23">Há mais do que um grupo com este nome. Não é possível adicionar no momento</Event>
	<Event code="513">Erro</Event>       <!-- Codes 513 - 517 correspond to Enums declared in DirectoryHealthEnums.h -->
    <Event code="514">Credenciais inválidas</Event>
    <Event code="515">Tempo limite atingido</Event>
    <Event code="516">Conexão recusada</Event>
    <Event code="517">Não é possível contatar o servidor</Event>
	<Event code="518">Não foi possível conectar ao diretório corporativo devido a uma versão de protocolo desatualizada ou problema de validação de certificado. Entre em contato com seu administrador.</Event>
  </Service>
</ServiceEventDescriptions>