﻿<?xml version="1.0" encoding="utf-8"?>
<ServiceEventDescriptions>
  <Service id="1100">
    <Event code="1">Error desconocido.</Event>
    <Event code="2">No se puede agregar los contactos.</Event>
    <Event code="3">No se puede editar el nombre para mostrar del contacto.</Event>
    <Event code="4">No se puede eliminar los contactos.</Event>
    <Event code="5">No se puede agregar a los grupos.</Event>
    <Event code="6">No se puede eliminar grupos.</Event>
    <Event code="7">Este grupo contiene el límite máximo de contactos (%s).</Event>
    <Event code="8">La lista de contactos contiene el número máximo de contactos.</Event>
    <Event code="9">Al mover este contacto se alcanzará el límite máximo de %s contactos en un grupo.</Event>
    <Event code="10">No se puede agregar el grupo de directorio.</Event>
    <Event code="11">No se puede eliminar el grupo de directorio.</Event>
    <Event code="12">No se puede cambiar el nombre del grupo.</Event>
	<Event code="13">Error de conexión.</Event>
	<Event code="14">Se ha producido un error al cargar su foto de contacto.</Event>
	<Event code="15">No se puede actualizar el perfil.</Event>
	<Event code="16">No se puede recuperar los contactos personalizados.</Event>
    <Event code="17">No se puede crear el contacto personalizado.</Event>
    <Event code="18">No se puede eliminar el contacto personalizado.</Event>
    <Event code="19">No se puede mover el contacto personalizado.</Event>
	<Event code="20">No se puede guardar el contacto personalizado.</Event>
    <Event code="21">No se puede agregar el grupo de directorio. Se ha producido un error al superarse el límite.</Event>
	<Event code="22">No se puede agregar el grupo de directorio. El grupo ya se ha agregado.</Event>
    <Event code="23">Hay más de un grupo con este nombre. No se puede agregar en este momento.</Event>
	<Event code="513">Error</Event>       <!-- Codes 513 - 517 correspond to Enums declared in DirectoryHealthEnums.h -->
    <Event code="514">Credenciales no válidas</Event>
    <Event code="515">Tiempo de espera</Event>
    <Event code="516">Conexión rechazada</Event>
    <Event code="517">No se puede contactar con el servidor</Event>
	<Event code="518">No se puede conectar con el directorio corporativo porque la versión del protocolo está desfasada o por un problema de validación del certificado. Póngase en contacto con el administrador.</Event>
  </Service>
</ServiceEventDescriptions>