﻿<?xml version="1.0" encoding="utf-8"?>
<ServiceEventDescriptions>
  <Service id="1100">
    <Event code="1">Неизвестна грешка.</Event>
    <Event code="2">Не може да добави контактите.</Event>
    <Event code="3">Не може да редактира екранното име на контакта.</Event>
    <Event code="4">Не може да премахне контактите.</Event>
    <Event code="5">Не може да добави групите.</Event>
    <Event code="6">Не може да премахне групите.</Event>
    <Event code="7">Групата съдържа максималния лимит от %s контакта.</Event>
    <Event code="8">Списъкът ви с контакти съдържа максималния брой контакти.</Event>
    <Event code="9">Преместването на този контакт ще надхвърли максималния лимит от %s контакта в група.</Event>
    <Event code="10">Не може да добави група указатели.</Event>
    <Event code="11">Не може да премахне група указатели.</Event>
    <Event code="12">Не може да преименува групата.</Event>
	<Event code="13">Грешка при свързване.</Event>
	<Event code="14">Възникна грешка при качването на вашата снимка.</Event>
	<Event code="15">Не може да актуализира профила.</Event>
	<Event code="16">Не може да зареди персонализиран(и) контакт(и).</Event>
    <Event code="17">Не може да създаде персонализиран контакт.</Event>
    <Event code="18">Не може да изтрие персонализиран контакт.</Event>
    <Event code="19">Не може да премести персонализиран контакт.</Event>
	<Event code="20">Не може да запази персонализиран контакт.</Event>
    <Event code="21">Не може да добави група указатели. Възникна грешка поради надвишен лимит.</Event>
	<Event code="22">Не може да добави група указатели. Групата вече е добавена.</Event>
    <Event code="23">Има повече от една групи с това име. Не можете да добавите в момента</Event>
	<Event code="513">Грешка</Event>       <!-- Codes 513 - 517 correspond to Enums declared in DirectoryHealthEnums.h -->
    <Event code="514">Невалидни данни за вход</Event>
    <Event code="515">Изтекло време</Event>
    <Event code="516">Отказана връзка</Event>
    <Event code="517">Не може да се свърже със сървъра</Event>
	<Event code="518">Не може да се свърже с корпоративния указател поради остаряла версия на протокол или проблем с проверката на валидността на сертификат. Свържете се с администратора.</Event>
  </Service>
</ServiceEventDescriptions>