﻿<?xml version="1.0" encoding="utf-8"?>
<ServiceEventDescriptions>
  <Service id="1100">
    <Event code="1">Neznáma chyba.</Event>
    <Event code="2">Nedá sa pridať kontakty.</Event>
    <Event code="3">Nedá sa upraviť zobrazovacie meno kontaktu.</Event>
    <Event code="4">Nedá sa odstrániť kontakty.</Event>
    <Event code="5">Nedá sa pridať skupiny.</Event>
    <Event code="6">Nedá sa odstrániť skupiny.</Event>
    <Event code="7">Táto skupina obsahuje maximálny limit %s kontaktov.</Event>
    <Event code="8">Váš zoznam kontaktov obsahuje maximálny počet kontaktov.</Event>
    <Event code="9">Presunutím tohto kontaktu sa presiahne maximálny počet %s kontaktov v skupine.</Event>
    <Event code="10">Nedá sa pridať adresárová skupina.</Event>
    <Event code="11">Nedá sa odstrániť adresárová skupina.</Event>
    <Event code="12">Nedá sa premenovať skupinu.</Event>
	<Event code="13">Chyba pripojenia.</Event>
	<Event code="14">Pri odosielaní fotografie kontaktu sa vyskytla chyba.</Event>
	<Event code="15">Nedá sa aktualizovať profil.</Event>
	<Event code="16">Nedá(-jú) sa načítať vlastný(-é) kontakt(y).</Event>
    <Event code="17">Nedá sa vytvoriť vlastný kontakt.</Event>
    <Event code="18">Nedá sa vymazať vlastný kontakt.</Event>
    <Event code="19">Nedá sa premiestniť vlastný kontakt.</Event>
	<Event code="20">Nedá sa uložiť vlastný kontakt.</Event>
    <Event code="21">Nedá sa pridať adresárová skupina. Došlo k chybe z dôvodu prekročenia limitu.</Event>
	<Event code="22">Nedá sa pridať adresárová skupina. Skupina je už pridaná.</Event>
    <Event code="23">S týmto názvom existujú viaceré skupiny. Teraz sa nedá pridať</Event>
	<Event code="513">Chyba</Event>       <!-- Codes 513 - 517 correspond to Enums declared in DirectoryHealthEnums.h -->
    <Event code="514">Neplatné prihlasovacie údaje</Event>
    <Event code="515">Časový limit</Event>
    <Event code="516">Pripojenie zamietnuté</Event>
    <Event code="517">Nie je možné skontaktovať sa so serverom</Event>
	<Event code="518">Z dôvodu zastaralej verzie protokolu alebo problémov pri overovaní validácie sa nedá sa pripojiť k podnikovému adresáru. Obráťte sa na správcu.</Event>
  </Service>
</ServiceEventDescriptions>