﻿<?xml version="1.0" encoding="utf-8"?>
<ServiceEventDescriptions>
  <Service id="1100">
    <Event code="1">Errore sconosciuto.</Event>
    <Event code="2">Impossibile aggiungere contatti.</Event>
    <Event code="3">Impossibile modificare il nome visualizzato del contatto.</Event>
    <Event code="4">Impossibile rimuovere i contatti.</Event>
    <Event code="5">Impossibile aggiungere i gruppi.</Event>
    <Event code="6">Impossibile rimuovere i gruppi.</Event>
    <Event code="7">Il gruppo ha raggiunto il limite massimo di %s contatti.</Event>
    <Event code="8">L'elenco dei contatti ha raggiunto il numero massimo di contatti.</Event>
    <Event code="9">Se si sposta questo contatto, il numero massimo di %s contatti nel gruppo verrà superato.</Event>
    <Event code="10">Impossibile aggiungere il gruppo di directory.</Event>
    <Event code="11">Impossibile rimuovere il gruppo di directory.</Event>
    <Event code="12">Impossibile rinominare il gruppo.</Event>
	<Event code="13">Errore di connessione.</Event>
	<Event code="14">Si è verificato un errore durante il caricamento della foto del contatto.</Event>
	<Event code="15">Impossibile aggiornare il profilo.</Event>
	<Event code="16">Impossibile caricare contatti personalizzati.</Event>
    <Event code="17">Impossibile creare contatto personalizzato.</Event>
    <Event code="18">Impossibile eliminare contatto personalizzato.</Event>
    <Event code="19">Impossibile spostare contatto personalizzato.</Event>
	<Event code="20">Impossibile salvare contatto personalizzato.</Event>
    <Event code="21">Impossibile aggiungere il gruppo di directory. Si è verificato un errore di superamento del limite.</Event>
	<Event code="22">Impossibile aggiungere il gruppo di directory. Gruppo già aggiunto.</Event>
    <Event code="23">Esistono altri gruppi con questo nome. Impossibile aggiungerlo</Event>
	<Event code="513">Errore</Event>       <!-- Codes 513 - 517 correspond to Enums declared in DirectoryHealthEnums.h -->
    <Event code="514">Credenziali non valide</Event>
    <Event code="515">Timeout</Event>
    <Event code="516">Connessione rifiutata</Event>
    <Event code="517">Impossibile contattare il server</Event>
	<Event code="518">Impossible connettersi alla rubrica aziendale a causa di una versione del protocollo obsoleta o a un problema di convalida del certificato. Contattare l'amministratore.</Event>
  </Service>
</ServiceEventDescriptions>