﻿<?xml version="1.0" encoding="utf-8"?>
<ServiceEventDescriptions>
  <Service id="1100">
    <Event code="1">Neznámá chyba.</Event>
    <Event code="2">Nelze přidat kontakty.</Event>
    <Event code="3">Zobrazované jméno kontaktu nelze upravit.</Event>
    <Event code="4">Nelze odebrat kontakty.</Event>
    <Event code="5">Nelze přidat skupiny.</Event>
    <Event code="6">Nelze odebrat skupiny.</Event>
    <Event code="7">Tato skupina obsahuje maximální počet %s kontaktů.</Event>
    <Event code="8">Seznam kontaktů obsahuje maximální počet kontaktů.</Event>
    <Event code="9">Přesunutím tohoto kontaktu bude překročen maximální limit %s kontaktů ve skupině.</Event>
    <Event code="10">Nelze přidat skupinu adresáře.</Event>
    <Event code="11">Nelze odebrat skupinu adresáře.</Event>
    <Event code="12">Nelze přejmenovat skupinu.</Event>
	<Event code="13">Chyba připojení.</Event>
	<Event code="14">Při odesílání vaší fotografie kontaktu došlo k chybě.</Event>
	<Event code="15">Nelze aktualizovat profil.</Event>
	<Event code="16">Nelze načíst vlastní kontakty.</Event>
    <Event code="17">Nelze vytvořit vlastní kontakt.</Event>
    <Event code="18">Nelze odstranit vlastní kontakt.</Event>
    <Event code="19">Nelze přesunout vlastní kontakt.</Event>
	<Event code="20">Nelze uložit vlastní kontakt.</Event>
    <Event code="21">Nelze přidat skupinu adresáře. Došlo k chybě překročení limitu.</Event>
	<Event code="22">Nelze přidat skupinu adresáře. Skupina již byla přidána.</Event>
    <Event code="23">Existuje více než jedna skupina s tímto názvem. Nyní ji nelze přidat.</Event>
	<Event code="513">Chyba</Event>       <!-- Codes 513 - 517 correspond to Enums declared in DirectoryHealthEnums.h -->
    <Event code="514">Neplatné přihlašovací údaje</Event>
    <Event code="515">Časový limit vypršel</Event>
    <Event code="516">Připojení bylo odmítnuto.</Event>
    <Event code="517">Server nelze kontaktovat.</Event>
	<Event code="518">K podnikovému adresáři se nelze připojit z důvodu zastaralé verze protokolu nebo z důvodu potíží s ověřením certifikátu. Obraťte se na správce.</Event>
  </Service>
</ServiceEventDescriptions>