<?xml version="1.0"?>
<Jabber>

    <!-- Telephony -->
    <userConfig name="EnableBridgeConferencing" value="FALSE"/>
    <userConfig name="UseBridgeForConferenceCalls" value="FALSE"/>
    <userConfig name="UserBridgeUriAdmin" value=""/>
    <userConfig name="UserBridgeUri" value=""/>
    <userConfig name="UserBridgePin" value=""/>

    <!-- Options -->
    <userConfig name="set_status_away_on_inactive" value="TRUE"/>
    <userConfig name="set_status_inactive_timeout" value="15"/>
    <userConfig name="set_status_away_on_lock_os" value="TRUE"/>
    <userConfig name="start_client_on_start_os" value="FALSE"/>
    <userConfig name="contact_list_request" value="PromptAll"/>
    <userConfig name="show_contact_list_request" value="TRUE"/>
    <userConfig name="StartCallWithVideo" value="TRUE"/>
    <userConfig name="permission_to_view_my_profile" value="All"/>
    <userConfig name="show_permission_to_view_my_profile" value="TRUE"/>
    <userConfig name="show_options_video_tab" value="TRUE"/>
    <userConfig name="SwapDisplayNameOrder" value="TRUE"/>

    <!-- Policies -->
    <userConfig name="local_archive_enabled" value="TRUE"/>
    <userConfig name="group_chat_admin_auto_accept" value="FALSE"/>
    <userConfig name="group_chat_auto_accept" value="FALSE"/>
    <userConfig name="group_chat_allow_invitation" value="TRUE"/>
    <userConfig name="screen_capture_enabled" value="TRUE"/>
    <userConfig name="file_transfer_enabled" value="TRUE"/>
    <userConfig name="imcatcher_disable" value="FALSE"/>
    <userConfig name="support_aes_encoding" value="FALSE"/>
    <userConfig name="support_ssl_encoding" value="TRUE"/>
    <userConfig name="support_no_encoding" value="FALSE"/>
    <userConfig name="enablebfcpvideodesktopshare" value="TRUE"/>
    <userConfig name="automatic_update_enabled" value="TRUE"/>
    <userConfig name="user_editable_profile" value="TRUE"/>
    <userConfig name="broadcast_messages_enabled" value="TRUE"/>
    <userConfig name="broadcast_to_directory_group_enabled" value="TRUE"/>
    <userConfig name="im_logging_enabled" value="TRUE"/>
    <userConfig name="telephony_enabled" value="TRUE"/>
    <userConfig name="telephony_p2p_enabled" value="FALSE"/>
    <userConfig name="voicemail_enabled" value="TRUE"/>
    <userConfig name="meetings_enabled" value="TRUE"/>
    <userConfig name="presence_enabled" value="TRUE"/>
    <userConfig name="im_enabled" value="TRUE"/>
    <userConfig name="password_rule_ready" value="FALSE"/>
    <userConfig name="password_changeable" value="FALSE"/>
    <userConfig name="search_group_presence_enabled" value="TRUE"/>
    <userConfig name="sort_contacts_alphabetically_enabled" value="FALSE"/>
    <userConfig name="show_offline_contacts" value="TRUE"/>
    <userConfig name="synch_meeting_calendar_disabled" value="TRUE"/>
    <userConfig name="customize_presence_server" value="TRUE"/>
    <userConfig name="im_cutandpaste_enabled" value="TRUE"/>
    <userConfig name="explicit_video_enablement" value="FALSE"/>
    <userConfig name="audio_video_portswapping_enabled" value="FALSE"/>
    <userConfig name="conference_enabled" value="TRUE"/>
    <userConfig name="network_adaption_enabled" value="TRUE"/>
    <userConfig name="network_adaption_initial_bitrate_value" value="128"/>
    <userConfig name="EnableLocalAddressBookSearch" value="TRUE"/>
    <userConfig name="CiscoTelProtocolPermissionEnabled" value="TRUE"/>
    <userConfig name="EnableTelProtocol" value="TRUE"/>
    <userConfig name="EnableIMProtocol" value="TRUE"/>
    <userConfig name="EnableSIPProtocol" value="TRUE"/>
    <userConfig name="EnableProvisionProtocol" value="TRUE"/>
    <userConfig name="EnableTelephonyProtocolRateLimit" value="TRUE"/>
    <userConfig name="EnablePRTEncryption" value="FALSE"/>
    <userConfig name="MakeUsernameReadOnly" value="FALSE"/>
    
    <!-- TODO: This is set to IPV4_Only during feature development of
         11.5, it needs to be changed to Dual Stack once all 
         components are IPv6 ready -->
    <userConfig name="IP_MODE" value="IPV4_Only"/>

    <!-- Meetings -->
    <userConfig name="MeetingUpgradeServerUrl" value="https://akamaicdn.webex.com/jabberUpgrade/upgrade.php"/>
    <userConfig name="meetingservice_trylogincredentials" value="TRUE"/>

    <!-- Directory -->
    <userConfig name="UseSIPURIToResolveContacts" value="FALSE"/>
    <userConfig name="MinimumCharacterQuery" value="3"/>
    <userConfig name="ForceC2XDirectoryResolution" value="FALSE"/>

    <!-- Presence -->
    <userConfig name="PresenceServer" value=""/>
    <userConfig name="PresenceBackUpServer" value=""/>
    <userConfig name="PresenceServerType" value=""/>
    <userConfig name="PresenceDomain" value=""/>
    <userConfig name="LoginResource" value="multiResource"/>
    <userConfig name="SsoOrgDomain" value=""/>
    <userConfig name="SsoPartner" value=""/>
    <userConfig name="Location_Enabled" value="TRUE" />

    <!-- InstantMessaging -->
    <userConfig name="incoming_chat_font_size" value="2"/>
    <userConfig name="incoming_chat_font_unit" value="px"/>
    <userConfig name="incoming_chat_font_name" value="Segoe UI"/>
    <userConfig name="incoming_chat_font_color" value="0x1A1A1A"/>
    <userConfig name="incoming_chat_font_bold" value="FALSE"/>
    <userConfig name="incoming_chat_font_italic" value="FALSE"/>
    <userConfig name="incoming_chat_font_underline" value="FALSE"/>
    <userConfig name="outgoing_chat_font_size" value="2"/>
    <userConfig name="outgoing_chat_font_unit" value="px"/>
    <userConfig name="outgoing_chat_font_name" value="Segoe UI"/>
    <userConfig name="outgoing_chat_font_color" value="0x1A1A1A"/>
    <userConfig name="outgoing_chat_font_bold" value="FALSE"/>
    <userConfig name="outgoing_chat_font_italic" value="FALSE"/>
    <userConfig name="outgoing_chat_font_underline" value="FALSE"/>
    <userConfig name="enable_reformating_incoming_message" value="FALSE"/>
    <userConfig name="imservice_play_notification_on_any_im_config_key" value="TRUE"/>
    <userConfig name="imservice_play_notification_on_first_im_config_key" value="FALSE"/>
    <userConfig name="imservice_play_notification_on_sending_im_config_key" value="FALSE"/>
    <userConfig name="imservice_mute_when_on_a_call" value="TRUE"/>
    <userConfig name="EnableSaveChatToFile" value="TRUE"/>
    <userConfig name="chatStyle" value="Default"/>
    <userConfig name="RestoreChatOnLogin" value="FALSE"/>
    <userConfig name="ActiveIMConversationsOnLogOff" value=""/>
    <userConfig name="MaxNumberOfReopenedConversations" value="30"/>

    <!-- VoicemailService -->
    <userConfig name="VVM_Mailstore_PollingInterval" value="60"/>

    <!-- Contacts -->
    <userConfig name="ShowContactPictures" value="TRUE"/>

    <userConfig name="VideoCallAlwaysOnTop" value="FALSE"/>
    <userConfig name="AlertOnAvailableEnabled" value="TRUE"/>
    <userConfig name="enableaccessoriesmanager" value="TRUE"/>

    <!-- Telemetry -->
    <userConfig name="TelemetryEnabled" value="TRUE"/>
    <userConfig name="TelemetryEnabledUserPreference" value="TRUE"/>

    <!-- Logger,  use the file appender instead of the buffer appender -->
    <userConfig name="LogWritingDesktop" value="Always"/>

</Jabber>
