<?xml version="1.0" encoding="utf-8"?>
<startup-modes>

	<selectableAuthenticators>
        <authenticator>1200</authenticator> <!-- CUP login -->
		<authenticator>1201</authenticator> <!-- WebEx login -->
        <authenticator>1000</authenticator> <!-- UCM 9+ login -->
	</selectableAuthenticators>

	<startFeatureSets>
		<featureSet>1300</featureSet> <!-- Config Service Feature Set -->
        <featureSet>812</featureSet> <!-- Logger Service Feature Set -->
	</startFeatureSets>

	<mode name="default">
		<loginFeatureSets>
            <featureSet>1001</featureSet> <!-- Client Info Feature Set-->
			<featureSet>1002</featureSet> <!-- Password Reset Service Feature Set -->
			<featureSet>1100</featureSet> <!-- Contact Resolution Feature Set -->
			<featureSet>1200</featureSet> <!-- Presence Authentication Feature Set -->
			<featureSet>1202</featureSet> <!-- Contact Presence Service Feature Set -->
			<featureSet>1400</featureSet> <!-- Communication History Service Feature Set -->
		</loginFeatureSets>
	</mode>
    
    <mode name="phone_mode">
		<loginFeatureSets>
            <featureSet>2100</featureSet> <!-- Telephony Authentication Feature Service -->
            <featureSet>1100</featureSet> <!-- Contact Resolution Feature Set -->
            <featureSet>1400</featureSet> <!-- Communication History Service Feature Set -->
		</loginFeatureSets>
	</mode>
    
    <credentialSyncDefaults>
        <default auth="CUCM" sync="CUP"/>
        <default auth="UCM90" sync="CUP"/>
        <default auth="EDGE" sync="CUP"/>
    </credentialSyncDefaults>
</startup-modes>